ID,SEX,AGE,FO,TIP,dzh1_1,dzh1_2,dzh1_3,dzh1_4,dzh1_5,dzh1_6,dzh1_7,dzh1_8,dzh1_9,dzh1_10,dzh1_11,dzh1_12,dzh2_1,dzh2_2,dzh2_3,dzh2_4,dzh2_5,dzh2_6,dzh2_7,dzh2_8,dzh2_9,dzh2_10,dzh2_11,dzh2_12,dzh3,dzh4,dzh5_1,dzh5_2,dzh5_3,dzh5_4,dzh5_5,dzh5_6,dzh5_7,dzh5_8,dzh5_9,dzh5_10,dzh5_11,dzh5_12,dzh5_13,TV,d1,EDU,DOHOD_0,PROF1,PROF2,PROF3,weight1
07cff176410cef03,Мужской,23.0,Центральный федеральный округ,Село,Беспородная собака,,,,,,,,,,,,Ничего,,,,,,,,,,,,Нет,5- полностью удовлетворен,,,,,,,,,,,,,,"Редко, но не менее одного раза в полгода",Провожу в интернете более четырех часов ежедневно,"Среднее профессиональное (техникум, колледж, ПТУ)",Среднее,"Работаю по договору, контракту в найме (за исключением находящихся в декретном отпуске, подрабатывающих студентов, пе...","Я работаю в КОММЕРЧЕСКОЙ организации, ее цель – получить прибыль (например, магазин, завод, фермерское хозяйство, АО/...","Транспортировка и хранение (складское хозяйство) Включает в том числе: Перевозка грузов, ж/д, авиа, водный, космическ...",1.8122982020794063
07cfd2f75c4ce44a,Мужской,19.0,Южный федеральный округ,Село,"Нет, домашних животных нет",,,,,,,,,,,,,,,,,,,,,,,,,,Выгул агрессивных собак без намордника,"Отсутствие уборки за собаками в доме (в лифте, в подъезде)",,,,,,,,,,,,Не смотрю,Провожу в интернете более четырех часов ежедневно,Основное общее образование: окончил 9 (раньше 8) классов,Плохое,"Работающий учащийся, студент","Я работаю в КОММЕРЧЕСКОЙ организации, ее цель – получить прибыль (например, магазин, завод, фермерское хозяйство, АО/...","Информационные технологии, связь, интернет Включает в том числе: Программирование /создание программного обеспечения,...",1.7840972642339827
07cfe3a74a4ce856,Мужской,18.0,Южный федеральный округ,Село,Беспородная кошка,,,,,,,,,,,,Ничего,,,,,,,,,,,,Нет,,,,,,,,,,,,,,,Не смотрю,Провожу в интернете более четырех часов ежедневно,Среднее общее (10 или 11 классов школы с аттестатом),Среднее,"Работающий учащийся, студент","Я работаю в КОММЕРЧЕСКОЙ организации, ее цель – получить прибыль (например, магазин, завод, фермерское хозяйство, АО/...","Торговля (оптовая, розничная, онлайн продажи; в т.ч. - недвижимость) Включает в том числе: Магазин, автосалон, аукцио...",1.7840972642339827
07cff603cf0ce5d1,Мужской,23.0,Южный федеральный округ,Село,"Нет, домашних животных нет",,,,,,,,,,,,,,,,,,,,,,,,,,Ничего не беспокоило,,,,,,,,,,,,,"Редко, но не менее одного раза в полгода",Eжедневно менее четырех часов в день,"Среднее профессиональное (техникум, колледж, ПТУ)",Среднее,Самозанятый,,Затрудняюсь ответить,1.7840972642339827
07d01376d30ce717,Мужской,24.0,Южный федеральный округ,Село,Породистая собака,Беспородная кошка,,,,,,,,,,,Ничего,,,,,,,,,,,,Нет,1 – совершенно не удовлетворен,,,,,,,,,,,,,,Не смотрю,Eжедневно менее четырех часов в день,"Среднее профессиональное (техникум, колледж, ПТУ)",Хорошее,"Работаю по договору, контракту в найме (за исключением находящихся в декретном отпуске, подрабатывающих студентов, пе...","Я работаю в КОММЕРЧЕСКОЙ организации, ее цель – получить прибыль (например, магазин, завод, фермерское хозяйство, АО/...","Строительство Включает в том числе: архитектура, проектирование, дизайн интерьера",1.7840972642339827
07d01409eeccefb8,Мужской,23.0,Южный федеральный округ,Село,Породистая кошка,,,,,,,,,,,,"Магазины, в которых можно находиться с животными",Зоомагазины,ГрУминг-салоны (уход за животными),Ветеринарные клиники,,,,,,,,,Нет,,,,,,,,,,,,,,,Не смотрю,Провожу в интернете более четырех часов ежедневно,Незаконченное высшее (с 3-го курса вуза) или законченное высшее,Очень хорошее,"Работающий учащийся, студент",Затрудняюсь ответить/ отказ от ответа,"Информационные технологии, связь, интернет Включает в том числе: Программирование /создание программного обеспечения,...",1.7148386102817814
07cfc428a38ce74f,Мужской,23.0,Уральский федеральный округ,Село,Беспородная собака,Беспородная кошка,,,,,,,,,,,Ветеринарные клиники,Специализированные урны для утилизации отходов жизнедеятельности собак,,,,,,,,,,,Нет,5- полностью удовлетворен,,,,,,,,,,,,,,"Редко, но не менее одного раза в полгода",Провожу в интернете более четырех часов ежедневно,Основное общее образование: окончил 9 (раньше 8) классов,Очень хорошее,"Работаю по договору, контракту в найме (за исключением находящихся в декретном отпуске, подрабатывающих студентов, пе...","Я работаю в КОММЕРЧЕСКОЙ организации, ее цель – получить прибыль (например, магазин, завод, фермерское хозяйство, АО/...",Затрудняюсь ответить,1.8290303787767743
07cffc3d254ce90b,Мужской,23.0,Уральский федеральный округ,Село,Породистая кошка,,,,,,,,,,,,Зоомагазины,,,,,,,,,,,,Нет,,,,,,,,,,,,,,,Не смотрю,Провожу в интернете более четырех часов ежедневно,Незаконченное высшее (с 3-го курса вуза) или законченное высшее,Среднее,"Работаю по договору, контракту в найме (за исключением находящихся в декретном отпуске, подрабатывающих студентов, пе...",Затрудняюсь ответить/ отказ от ответа,Затрудняюсь ответить,1.6190924207545914
07cfe85cad0cee64,Мужской,22.0,Северо-Западный федеральный округ,Город с численностью менее 50 тысяч,Породистая собака,Беспородная кошка,,,,,,,,,,,Ветеринарные клиники,,,,,,,,,,,,"Да, время от времени",5- полностью удовлетворен,,,,,,,,,,,,,,Не смотрю,Провожу в интернете более четырех часов ежедневно,Среднее общее (10 или 11 классов школы с аттестатом),Среднее,"Неработающий учащийся, студент",,,1.2381287376187196
07cff94ab90ce2d7,Мужской,18.0,Северо-Западный федеральный округ,Город с численностью менее 50 тысяч,Другое,,,,,,,,,,,,Ветеринарные клиники,,,,,,,,,,,,Нет,,,,,,,,,,,,,,,Не смотрю,Eжедневно менее четырех часов в день,Незаконченное высшее (с 3-го курса вуза) или законченное высшее,Хорошее,"Неработающий учащийся, студент",,,1.0289865238490161
07d01895440cea89,Мужской,22.0,Южный федеральный округ,Город с численностью менее 50 тысяч,"Нет, домашних животных нет",,,,,,,,,,,,,,,,,,,,,,,,,,Ничего не беспокоило,,,,,,,,,,,,,Не смотрю,Не пользуюсь,"Среднее профессиональное (техникум, колледж, ПТУ)",Среднее,"Работающий учащийся, студент",Затрудняюсь ответить/ отказ от ответа,Затрудняюсь ответить,1.2345837624491072
07d01e77914ceab2,Мужской,20.0,Южный федеральный округ,Город с численностью от 50 тысяч до 100 тысяч,Беспородная собака,,,,,,,,,,,,Ветеринарные клиники,ГрУминг-салоны (уход за животными),"Кафе, в которых можно находиться с животными","Магазины, в которых можно находиться с животными",,,,,,,,,Нет,4,,,,,,,,,,,,,,Не смотрю,Провожу в интернете более четырех часов ежедневно,"Среднее профессиональное (техникум, колледж, ПТУ)",Хорошее,"Работаю по договору, контракту в найме (за исключением находящихся в декретном отпуске, подрабатывающих студентов, пе...","Работаю в правоохранительных органах, вооруженных силах, МЧС","Правоохранительные органы, силовые структуры, МЧС, военная служба Включает в том числе: Полиция, росгвардия, пожарно-...",1.2345837624491072
07d02953bdcce4af,Мужской,18.0,Южный федеральный округ,Поселок городского типа,Беспородная собака,Породистая кошка,,,,,,,,,,,Ничего,,,,,,,,,,,,Нет,Затрудняюсь ответить,,,,,,,,,,,,,,Не смотрю,Eжедневно менее четырех часов в день,Среднее общее (10 или 11 классов школы с аттестатом),Среднее,"Работающий учащийся, студент","Я работаю в КОММЕРЧЕСКОЙ организации, ее цель – получить прибыль (например, магазин, завод, фермерское хозяйство, АО/...","Общественное питание, ресторанный и гостиничный бизнес Включает в том числе: Кафе, ресторан, доставка продуктов питан...",1.2345837624491072
07cfe7811b0cecd5,Мужской,18.0,Приволжский федеральный округ,Город с численностью от 50 тысяч до 100 тысяч,Беспородная кошка,,,,,,,,,,,,Ветеринарные клиники,"Магазины, в которых можно находиться с животными",,,,,,,,,,,Не бываю с питомцем в общественных местах,,,,,,,,,,,,,,,Не смотрю,Eжедневно менее четырех часов в день,Среднее общее (10 или 11 классов школы с аттестатом),Плохое,"Работающий учащийся, студент","Я работаю в КОММЕРЧЕСКОЙ организации, ее цель – получить прибыль (например, магазин, завод, фермерское хозяйство, АО/...","Транспортировка и хранение (складское хозяйство) Включает в том числе: Перевозка грузов, ж/д, авиа, водный, космическ...",1.2068564628686054
07cfe7bf854ce043,Мужской,22.0,Приволжский федеральный округ,Город с численностью менее 50 тысяч,Породистая собака,Беспородная собака,,,,,,,,,,,Ветеринарные клиники,Зоомагазины,,,,,,,,,,,Нет,3,,,,,,,,,,,,,,Не смотрю,Провожу в интернете более четырех часов ежедневно,Среднее общее (10 или 11 классов школы с аттестатом),Среднее,"Работаю по договору, контракту в найме (за исключением находящихся в декретном отпуске, подрабатывающих студентов, пе...","Работаю в правоохранительных органах, вооруженных силах, МЧС","Правоохранительные органы, силовые структуры, МЧС, военная служба Включает в том числе: Полиция, росгвардия, пожарно-...",1.2068564628686054
07cfd8a349ccef16,Мужской,19.0,Уральский федеральный округ,Поселок городского типа," Мелкие животные (хомячки, морские свинки, черепашки и т.п.)",Породистая кошка,Породистая собака,,,,,,,,,,Специально огороженные площадки для выгула или занятий домашних животных,Стойки с пакетами для уборки за собаками,"Магазины, в которых можно находиться с животными",ГрУминг-салоны (уход за животными),Зоомагазины,Специализированные урны для утилизации отходов жизнедеятельности собак,"Кафе, в которых можно находиться с животными",Ветеринарные клиники,Лапомойки в доме,,,,"Да, время от времени",5- полностью удовлетворен,,,,,,,,,,,,,,Смотрю более четырех часов ежедневно,Провожу в интернете более четырех часов ежедневно,Незаконченное высшее (с 3-го курса вуза) или законченное высшее,Очень хорошее,"Работающий учащийся, студент","Я работаю в КОММЕРЧЕСКОЙ организации, ее цель – получить прибыль (например, магазин, завод, фермерское хозяйство, АО/...","Промышленность, производство (в т.ч. добывающие, обрабатывающие отрасли, энергетика) Включает в том числе: Завод, ком...",1.1204014784621528
07cfd3946a8cefe7,Мужской,19.0,Сибирский федеральный округ,Город с численностью менее 50 тысяч,Породистая кошка,Беспородная кошка,,,,,,,,,,,Зоомагазины,,,,,,,,,,,,Не бываю с питомцем в общественных местах,,,,,,,,,,,,,,,Не смотрю,Eжедневно менее четырех часов в день,"Среднее профессиональное (техникум, колледж, ПТУ)",Среднее,"Работающий учащийся, студент","Я работаю в КОММЕРЧЕСКОЙ организации, ее цель – получить прибыль (например, магазин, завод, фермерское хозяйство, АО/...","Торговля (оптовая, розничная, онлайн продажи; в т.ч. - недвижимость) Включает в том числе: Магазин, автосалон, аукцио...",1.2622743945375496
07d00c68530ce0c1,Мужской,24.0,Центральный федеральный округ,Город с численностью от 100 тысяч до 500 тысяч,Породистая собака,,,,,,,,,,,,Зоомагазины,"Магазины, в которых можно находиться с животными",,,,,,,,,,,Нет,4,,,,,,,,,,,,,,Не смотрю,Провожу в интернете более четырех часов ежедневно,"Среднее профессиональное (техникум, колледж, ПТУ)",Среднее,"Работаю по договору, контракту в найме (за исключением находящихся в декретном отпуске, подрабатывающих студентов, пе...","Работаю в правоохранительных органах, вооруженных силах, МЧС","Правоохранительные органы, силовые структуры, МЧС, военная служба Включает в том числе: Полиция, росгвардия, пожарно-...",1.1479714809678758
07d01187304ce71c,Мужской,18.0,Центральный федеральный округ,Город с численностью от 100 тысяч до 500 тысяч,Породистая кошка,,,,,,,,,,,,Специально огороженные площадки для выгула или занятий домашних животных,Ветеринарные клиники,"Кафе, в которых можно находиться с животными",,,,,,,,,,Нет,,,,,,,,,,,,,,,"Редко, но не менее одного раза в полгода",Провожу в интернете более четырех часов ежедневно,Среднее общее (10 или 11 классов школы с аттестатом),Хорошее,"Неработающий учащийся, студент",,,1.1479714809678758
07d01f346e8ce2f7,Мужской,20.0,Центральный федеральный округ,Город с численностью от 100 тысяч до 500 тысяч,Беспородная кошка,,,,,,,,,,,,Зоомагазины,,,,,,,,,,,,Не бываю с питомцем в общественных местах,,,,,,,,,,,,,,,Не смотрю,Провожу в интернете более четырех часов ежедневно,Незаконченное высшее (с 3-го курса вуза) или законченное высшее,Среднее,"Работающий учащийся, студент","Я работаю в КОММЕРЧЕСКОЙ организации, ее цель – получить прибыль (например, магазин, завод, фермерское хозяйство, АО/...","Сельское, лесное хозяйство, охота, рыболовство и рыбоводство Включает в том числе: Фермерское хозяйство, скотобойни, ...",1.1265334789439652
07cfd7a87ecce5fc,Мужской,24.0,Центральный федеральный округ,Город с численностью от 100 тысяч до 500 тысяч,"Нет, домашних животных нет",,,,,,,,,,,,,,,,,,,,,,,,,,Выгул агрессивных собак без намордника,,,,,,,,,,,,,Не смотрю,Провожу в интернете более четырех часов ежедневно,"Среднее профессиональное (техникум, колледж, ПТУ)",Плохое,Самозанятый,,"Торговля (оптовая, розничная, онлайн продажи; в т.ч. - недвижимость) Включает в том числе: Магазин, автосалон, аукцио...",1.0071008567882522
07cff423008ce3e7,Мужской,24.0,Центральный федеральный округ,Город с численностью от 100 тысяч до 500 тысяч,Беспородная собака,Беспородная кошка,,,,,,,,,,,Ветеринарные клиники,Специально огороженные площадки для выгула или занятий домашних животных,,,,,,,,,,,"Да, время от времени",2,,,,,,,,,,,,,,Не смотрю,Eжедневно менее четырех часов в день,Среднее общее (10 или 11 классов школы с аттестатом),Среднее,"Работаю по договору, контракту в найме (за исключением находящихся в декретном отпуске, подрабатывающих студентов, пе...","Я работаю в КОММЕРЧЕСКОЙ организации, ее цель – получить прибыль (например, магазин, завод, фермерское хозяйство, АО/...","Торговля (оптовая, розничная, онлайн продажи; в т.ч. - недвижимость) Включает в том числе: Магазин, автосалон, аукцио...",1.0071008567882522
07cfe41f370cec3e,Мужской,21.0,Северо-Западный федеральный округ,Город с численностью от 100 тысяч до 500 тысяч,Беспородная кошка,,,,,,,,,,,,Ветеринарные клиники,,,,,,,,,,,,Нет,,,,,,,,,,,,,,,Не смотрю,Несколько раз в месяц,"Среднее профессиональное (техникум, колледж, ПТУ)",Очень хорошее,Самозанятый,,"Сфера услуг, сервиса, бытового обслуживания Включает в том числе: Прачечная/химчистка, ремонт мебели, часов, ювелирны...",0.9942762743519987
07cfe0adf6cce6d3,Мужской,23.0,Южный федеральный округ,Город с численностью от 100 тысяч до 500 тысяч,"Нет, домашних животных нет",,,,,,,,,,,,,,,,,,,,,,,,,,Ничего не беспокоило,,,,,,,,,,,,,Не смотрю,Провожу в интернете более четырех часов ежедневно,Незаконченное высшее (с 3-го курса вуза) или законченное высшее,Среднее,"Работающий учащийся, студент","Я работаю в КОММЕРЧЕСКОЙ организации, ее цель – получить прибыль (например, магазин, завод, фермерское хозяйство, АО/...","Промышленность, производство (в т.ч. добывающие, обрабатывающие отрасли, энергетика) Включает в том числе: Завод, ком...",0.9529421988538105
07d01acf034ceac8,Мужской,21.0,Северо-Кавказский федеральный округ,Город с численностью от 100 тысяч до 500 тысяч,Породистая собака,,,,,,,,,,,,Ничего,,,,,,,,,,,,"Да, время от времени",4,,,,,,,,,,,,,,Не смотрю,Провожу в интернете более четырех часов ежедневно,"Среднее профессиональное (техникум, колледж, ПТУ)",Хорошее,"Работаю по договору, контракту в найме (за исключением находящихся в декретном отпуске, подрабатывающих студентов, пе...","Я работаю в КОММЕРЧЕСКОЙ организации, ее цель – получить прибыль (например, магазин, завод, фермерское хозяйство, АО/...","Общественное питание, ресторанный и гостиничный бизнес Включает в том числе: Кафе, ресторан, доставка продуктов питан...",1.1512672610877694
07cff7ed90cce641,Мужской,20.0,Приволжский федеральный округ,Город с численностью от 100 тысяч до 500 тысяч,Породистая собака,Породистая кошка,,,,,,,,,,,ГрУминг-салоны (уход за животными),Зоомагазины,"Магазины, в которых можно находиться с животными",Специально огороженные площадки для выгула или занятий домашних животных,Ветеринарные клиники,,,,,,,,"Да, время от времени",3,,,,,,,,,,,,,,Несколько раз в неделю,Провожу в интернете более четырех часов ежедневно,Среднее общее (10 или 11 классов школы с аттестатом),Очень хорошее,"Неработающий учащийся, студент",,,0.9691631500989766
07cffe4bb9cce78e,Мужской,20.0,Приволжский федеральный округ,Город с численностью от 100 тысяч до 500 тысяч,"Нет, домашних животных нет",,,,,,,,,,,,,,,,,,,,,,,,,,Ничего не беспокоило,,,,,,,,,,,,,Не смотрю,Провожу в интернете более четырех часов ежедневно,Среднее общее (10 или 11 классов школы с аттестатом),Хорошее,"Неработающий учащийся, студент",,,0.9691631500989766
07cfcce17eccec5c,Мужской,22.0,Уральский федеральный округ,Город с численностью от 100 тысяч до 500 тысяч,Беспородная кошка,,,,,,,,,,,,Зоомагазины,Ветеринарные клиники,,,,,,,,,,,Нет,,,,,,,,,,,,,,,Несколько раз в месяц,Eжедневно менее четырех часов в день,Среднее общее (10 или 11 классов школы с аттестатом),Среднее,"Работающий учащийся, студент","Я работаю в КОММЕРЧЕСКОЙ организации, ее цель – получить прибыль (например, магазин, завод, фермерское хозяйство, АО/...","Промышленность, производство (в т.ч. добывающие, обрабатывающие отрасли, энергетика) Включает в том числе: Завод, ком...",1.0163989896609313
07cfce16990cebea,Мужской,21.0,Уральский федеральный округ,Город с численностью от 100 тысяч до 500 тысяч,Беспородная собака,Беспородная кошка,,,,,,,,,,,Ничего,,,,,,,,,,,,Нет,3,,,,,,,,,,,,,,Не смотрю,Провожу в интернете более четырех часов ежедневно,"Среднее профессиональное (техникум, колледж, ПТУ)",Среднее,"Временно не работаю, безработный",,,1.0163989896609313
07cfde5f798ce21b,Мужской,20.0,Уральский федеральный округ,Город с численностью от 100 тысяч до 500 тысяч,Беспородная кошка,,,,,,,,,,,,Зоомагазины,Ветеринарные клиники,,,,,,,,,,,Не бываю с питомцем в общественных местах,,,,,,,,,,,,,,,Несколько раз в месяц,Eжедневно менее четырех часов в день,Среднее общее (10 или 11 классов школы с аттестатом),Среднее,"Неработающий учащийся, студент",,,1.0163989896609313
07cfce002d4ce880,Мужской,24.0,Дальневосточный федеральный округ,Город с численностью от 100 тысяч до 500 тысяч,Беспородная кошка,Беспородная собака,,,,,,,,,,,ГрУминг-салоны (уход за животными),Ветеринарные клиники,Зоомагазины,"Магазины, в которых можно находиться с животными",,,,,,,,,Нет,3,,,,,,,,,,,,,,Несколько раз в месяц,Провожу в интернете более четырех часов ежедневно,Незаконченное высшее (с 3-го курса вуза) или законченное высшее,Среднее,"Работаю по договору, контракту в найме (за исключением находящихся в декретном отпуске, подрабатывающих студентов, пе...","Я работаю в КОММЕРЧЕСКОЙ организации, ее цель – получить прибыль (например, магазин, завод, фермерское хозяйство, АО/...","Торговля (оптовая, розничная, онлайн продажи; в т.ч. - недвижимость) Включает в том числе: Магазин, автосалон, аукцио...",1.2470681489954987
07d002d9cdcce26d,Мужской,18.0,Приволжский федеральный округ,Город с численностью от 500 тысяч до 950 тысяч,"Нет, домашних животных нет",,,,,,,,,,,,,,,,,,,,,,,,,,Ничего не беспокоило,,,,,,,,,,,,,Не смотрю,Провожу в интернете более четырех часов ежедневно,"Среднее профессиональное (техникум, колледж, ПТУ)",Среднее,"Неработающий учащийся, студент",,,0.8452881455517566
07cfeec6fb0ce444,Мужской,21.0,Приволжский федеральный округ,Город с численностью от 500 тысяч до 950 тысяч," Мелкие животные (хомячки, морские свинки, черепашки и т.п.)",Декоративные птицы,Породистая кошка,Беспородная собака,,,,,,,,,Ничего,,,,,,,,,,,,Нет,1 – совершенно не удовлетворен,,,,,,,,,,,,,,Ежедневно менее четырех часов в день,Eжедневно менее четырех часов в день,Незаконченное высшее (с 3-го курса вуза) или законченное высшее,Среднее,"Работающий учащийся, студент","Я работаю в КОММЕРЧЕСКОЙ организации, ее цель – получить прибыль (например, магазин, завод, фермерское хозяйство, АО/...","Промышленность, производство (в т.ч. добывающие, обрабатывающие отрасли, энергетика) Включает в том числе: Завод, ком...",0.8629127932920507
07cfe44f458cebab,Мужской,23.0,Уральский федеральный округ,Город с численностью от 500 тысяч до 950 тысяч,"Нет, домашних животных нет",,,,,,,,,,,,,,,,,,,,,,,,,,Выгул агрессивных собак без намордника,Выгул собак на длинном поводке,Отсутствие уборки за собаками во дворе,Самовыгул собак (без поводка),"Отсутствие уборки за собаками в доме (в лифте, в подъезде)",Агрессивное поведение собак по отношению к другим животным,Выгул в неположенных местах,"Укусы, нападения собак на людей",Громкий лай в позднее или раннее время,,,,,Не смотрю,Провожу в интернете более четырех часов ежедневно,"Среднее профессиональное (техникум, колледж, ПТУ)",Плохое,"Временно не работаю, безработный",,,0.8864864672407595
07cfc4d9e1cce4bb,Мужской,18.0,Сибирский федеральный округ,Город с численностью от 500 тысяч до 950 тысяч,"Нет, домашних животных нет",,,,,,,,,,,,,,,,,,,,,,,,,,Ничего не беспокоило,,,,,,,,,,,,,Не смотрю,Eжедневно менее четырех часов в день,Среднее общее (10 или 11 классов школы с аттестатом),Очень хорошее,"Неработающий учащийся, студент",,,0.8841031348499964
07cfdf55bf8ced2d,Мужской,21.0,Сибирский федеральный округ,Город с численностью от 500 тысяч до 950 тысяч,"Нет, домашних животных нет",,,,,,,,,,,,,,,,,,,,,,,,,,Ничего не беспокоило,,,,,,,,,,,,,Не смотрю,Eжедневно менее четырех часов в день,"Среднее профессиональное (техникум, колледж, ПТУ)",Среднее,"Временно не работаю, безработный",,,0.8841031348499964
07cff79cab0ce36b,Мужской,18.0,Центральный федеральный округ,Город с численностью жителей миллион и более человек,Породистая собака,Породистая кошка,,,,,,,,,,,Лапомойки в доме,Специализированные урны для утилизации отходов жизнедеятельности собак,Стойки с пакетами для уборки за собаками,Зоомагазины,Специально огороженные площадки для выгула или занятий домашних животных,"Магазины, в которых можно находиться с животными",ГрУминг-салоны (уход за животными),Ветеринарные клиники,"Кафе, в которых можно находиться с животными",,,,Нет,2,,,,,,,,,,,,,,Несколько раз в неделю,Провожу в интернете более четырех часов ежедневно,Среднее общее (10 или 11 классов школы с аттестатом),Среднее,"Работающий учащийся, студент","Я работаю в КОММЕРЧЕСКОЙ организации, ее цель – получить прибыль (например, магазин, завод, фермерское хозяйство, АО/...","Строительство Включает в том числе: архитектура, проектирование, дизайн интерьера",1.2027449773515595
07cff80ce54cedb4,Мужской,22.0,Центральный федеральный округ,Город с численностью жителей миллион и более человек,Породистая кошка," Мелкие животные (хомячки, морские свинки, черепашки и т.п.)",,,,,,,,,,,"Магазины, в которых можно находиться с животными",ГрУминг-салоны (уход за животными),Ветеринарные клиники,Зоомагазины,,,,,,,,,Нет,,,,,,,,,,,,,,,Не смотрю,Провожу в интернете более четырех часов ежедневно,"Среднее профессиональное (техникум, колледж, ПТУ)",Плохое,"Временно не работаю, безработный",,,1.2027449773515595
07d004f9110ce4e0,Мужской,24.0,Центральный федеральный округ,Город с численностью жителей миллион и более человек,Беспородная кошка,,,,,,,,,,,,Ничего,,,,,,,,,,,,Нет,,,,,,,,,,,,,,,Не смотрю,Провожу в интернете более четырех часов ежедневно,"Среднее профессиональное (техникум, колледж, ПТУ)",Очень плохое,"Неработающий учащийся, студент",,,1.2027449773515595
07d00e72534ce177,Мужской,22.0,Центральный федеральный округ,Город с численностью жителей миллион и более человек,"Нет, домашних животных нет",,,,,,,,,,,,,,,,,,,,,,,,,,Громкий лай в позднее или раннее время,,,,,,,,,,,,,"Редко, но не менее одного раза в полгода",Провожу в интернете более четырех часов ежедневно,"Среднее профессиональное (техникум, колледж, ПТУ)",Затрудняюсь ответить,(НЕ ЗАЧИТЫВАТЬ) Затрудняюсь ответить,,,1.2027449773515595
07d01a2fd4cce38a,Мужской,21.0,Центральный федеральный округ,Город с численностью жителей миллион и более человек,"Нет, домашних животных нет",,,,,,,,,,,,,,,,,,,,,,,,,,Ничего не беспокоило,,,,,,,,,,,,,Несколько раз в месяц,Eжедневно менее четырех часов в день,Среднее общее (10 или 11 классов школы с аттестатом),Среднее,"Работающий учащийся, студент","Я работаю в КОММЕРЧЕСКОЙ организации, ее цель – получить прибыль (например, магазин, завод, фермерское хозяйство, АО/...","Промышленность, производство (в т.ч. добывающие, обрабатывающие отрасли, энергетика) Включает в том числе: Завод, ком...",1.2027449773515595
07cfeda9460ce219,Мужской,24.0,Центральный федеральный округ,Город с численностью жителей миллион и более человек,"Нет, домашних животных нет",,,,,,,,,,,,,,,,,,,,,,,,,,Ничего не беспокоило,,,,,,,,,,,,,Не смотрю,Eжедневно менее четырех часов в день,Незаконченное высшее (с 3-го курса вуза) или законченное высшее,Хорошее,"Работаю по договору, контракту в найме (за исключением находящихся в декретном отпуске, подрабатывающих студентов, пе...","Я работаю в БЮДЖЕТНОЙ организации, которая безвозмездно оказывает услуги населению (детский сад, общеобразовательная,...","Образование, наука Включает в том числе: ясли, детский сад, школа, ССУЗ, вуз, научно-исследовательские институты, центры",1.180284097716317
07cff795d54ce162,Мужской,22.0,Центральный федеральный округ,Город с численностью жителей миллион и более человек,Беспородная кошка,Породистая собака,,,,,,,,,,,Ветеринарные клиники,Зоомагазины,Специально огороженные площадки для выгула или занятий домашних животных,,,,,,,,,,Нет,4,,,,,,,,,,,,,,Не смотрю,Провожу в интернете более четырех часов ежедневно,Незаконченное высшее (с 3-го курса вуза) или законченное высшее,Среднее,"Работаю по договору, контракту в найме (за исключением находящихся в декретном отпуске, подрабатывающих студентов, пе...","Я работаю в КОММЕРЧЕСКОЙ организации, ее цель – получить прибыль (например, магазин, завод, фермерское хозяйство, АО/...","Сфера услуг, сервиса, бытового обслуживания Включает в том числе: Прачечная/химчистка, ремонт мебели, часов, ювелирны...",1.180284097716317
07d003215acce1fb,Мужской,19.0,Центральный федеральный округ,Город с численностью жителей миллион и более человек,"Нет, домашних животных нет",,,,,,,,,,,,,,,,,,,,,,,,,,Ничего не беспокоило,,,,,,,,,,,,,Не смотрю,Провожу в интернете более четырех часов ежедневно,Незаконченное высшее (с 3-го курса вуза) или законченное высшее,Хорошее,"Неработающий учащийся, студент",,,1.180284097716317
07d02144810ce42e,Мужской,23.0,Центральный федеральный округ,Город с численностью жителей миллион и более человек,"Нет, домашних животных нет",,,,,,,,,,,,,,,,,,,,,,,,,,Ничего не беспокоило,,,,,,,,,,,,,Несколько раз в месяц,Eжедневно менее четырех часов в день,Незаконченное высшее (с 3-го курса вуза) или законченное высшее,Очень хорошее,"Работающий учащийся, студент","Я работаю в КОММЕРЧЕСКОЙ организации, ее цель – получить прибыль (например, магазин, завод, фермерское хозяйство, АО/...","Промышленность, производство (в т.ч. добывающие, обрабатывающие отрасли, энергетика) Включает в том числе: Завод, ком...",1.180284097716317
07d02167034ce922,Мужской,24.0,Центральный федеральный округ,Город с численностью жителей миллион и более человек,Породистая кошка,,,,,,,,,,,,ГрУминг-салоны (уход за животными),Ветеринарные клиники,"Магазины, в которых можно находиться с животными",,,,,,,,,,Не бываю с питомцем в общественных местах,,,,,,,,,,,,,,,Не смотрю,Провожу в интернете более четырех часов ежедневно,Незаконченное высшее (с 3-го курса вуза) или законченное высшее,Хорошее,"Работаю по договору, контракту в найме (за исключением находящихся в декретном отпуске, подрабатывающих студентов, пе...","Я работаю в КОММЕРЧЕСКОЙ организации, ее цель – получить прибыль (например, магазин, завод, фермерское хозяйство, АО/...","Торговля (оптовая, розничная, онлайн продажи; в т.ч. - недвижимость) Включает в том числе: Магазин, автосалон, аукцио...",1.180284097716317
07d02cceea4ce1f2,Мужской,22.0,Центральный федеральный округ,Город с численностью жителей миллион и более человек,"Нет, домашних животных нет",,,,,,,,,,,,,,,,,,,,,,,,,,Самовыгул собак (без поводка),Выгул в неположенных местах,,,,,,,,,,,,Несколько раз в месяц,Провожу в интернете более четырех часов ежедневно,Незаконченное высшее (с 3-го курса вуза) или законченное высшее,Среднее,"Предприниматель, собственник бизнеса",,"Средства массовой информации (в т.ч. журналистика, блогерство, реклама, СММ)  Включает в том числе: Издательство печа...",1.180284097716317
07cff609afcce7db,Мужской,24.0,Северо-Западный федеральный округ,Город с численностью жителей миллион и более человек,Беспородная кошка,,,,,,,,,,,,ГрУминг-салоны (уход за животными),Зоомагазины,Ветеринарные клиники,Специально огороженные площадки для выгула или занятий домашних животных,,,,,,,,,Нет,,,,,,,,,,,,,,,Не смотрю,Провожу в интернете более четырех часов ежедневно,Среднее общее (10 или 11 классов школы с аттестатом),Хорошее,"Работаю по договору, контракту в найме (за исключением находящихся в декретном отпуске, подрабатывающих студентов, пе...","Я работаю в КОММЕРЧЕСКОЙ организации, ее цель – получить прибыль (например, магазин, завод, фермерское хозяйство, АО/...",Другое (укажите),0.9880782883649528
07cff455ea0cefe1,Мужской,24.0,Северо-Западный федеральный округ,Город с численностью жителей миллион и более человек,Породистая кошка,,,,,,,,,,,,ГрУминг-салоны (уход за животными),Зоомагазины,,,,,,,,,,,Не бываю с питомцем в общественных местах,,,,,,,,,,,,,,,Не смотрю,Провожу в интернете более четырех часов ежедневно,Незаконченное высшее (с 3-го курса вуза) или законченное высшее,Среднее,"Работаю по договору, контракту в найме (за исключением находящихся в декретном отпуске, подрабатывающих студентов, пе...","Я работаю в КОММЕРЧЕСКОЙ организации, ее цель – получить прибыль (например, магазин, завод, фермерское хозяйство, АО/...","Информационные технологии, связь, интернет Включает в том числе: Программирование /создание программного обеспечения,...",0.9696262408211491
07d01b6c444cee37,Мужской,20.0,Северо-Западный федеральный округ,Город с численностью жителей миллион и более человек,Породистая собака,Породистая кошка,,,,,,,,,,,"Кафе, в которых можно находиться с животными","Магазины, в которых можно находиться с животными",Ветеринарные клиники,ГрУминг-салоны (уход за животными),,,,,,,,,Нет,3,,,,,,,,,,,,,,"Редко, но не менее одного раза в полгода",Eжедневно менее четырех часов в день,Незаконченное высшее (с 3-го курса вуза) или законченное высшее,Среднее,"Работающий учащийся, студент","Я работаю в КОММЕРЧЕСКОЙ организации, ее цель – получить прибыль (например, магазин, завод, фермерское хозяйство, АО/...","Торговля (оптовая, розничная, онлайн продажи; в т.ч. - недвижимость) Включает в том числе: Магазин, автосалон, аукцио...",0.9696262408211491
07d02a5852cce168,Мужской,21.0,Северо-Западный федеральный округ,Город с численностью жителей миллион и более человек,"Нет, домашних животных нет",,,,,,,,,,,,,,,,,,,,,,,,,,Отсутствие уборки за собаками во дворе,,,,,,,,,,,,,Не смотрю,Eжедневно менее четырех часов в день,Незаконченное высшее (с 3-го курса вуза) или законченное высшее,Хорошее,"Работающий учащийся, студент","Я работаю в КОММЕРЧЕСКОЙ организации, ее цель – получить прибыль (например, магазин, завод, фермерское хозяйство, АО/...","Торговля (оптовая, розничная, онлайн продажи; в т.ч. - недвижимость) Включает в том числе: Магазин, автосалон, аукцио...",0.9696262408211491
07d0406e650ce23f,Мужской,24.0,Северо-Западный федеральный округ,Город с численностью жителей миллион и более человек,Породистая собака,Породистая кошка,Другое,,,,,,,,,,ГрУминг-салоны (уход за животными),Ветеринарные клиники,"Магазины, в которых можно находиться с животными",,,,,,,,,,Нет,4,,,,,,,,,,,,,,Несколько раз в неделю,Провожу в интернете более четырех часов ежедневно,Незаконченное высшее (с 3-го курса вуза) или законченное высшее,Среднее,"Работаю по договору, контракту в найме (за исключением находящихся в декретном отпуске, подрабатывающих студентов, пе...","Я работаю в КОММЕРЧЕСКОЙ организации, ее цель – получить прибыль (например, магазин, завод, фермерское хозяйство, АО/...",Другое (укажите),0.9696262408211491
07d01e2eca0ce1c8,Мужской,20.0,Южный федеральный округ,Город с численностью жителей миллион и более человек,"Нет, домашних животных нет",,,,,,,,,,,,,,,,,,,,,,,,,,Громкий лай в позднее или раннее время,,,,,,,,,,,,,Не смотрю,Eжедневно менее четырех часов в день,"Среднее профессиональное (техникум, колледж, ПТУ)",Среднее,"Временно не работаю, безработный",,,1.0387338536309778
07cfe58df0cce046,Мужской,23.0,Приволжский федеральный округ,Город с численностью жителей миллион и более человек,Беспородная кошка,,,,,,,,,,,,Ветеринарные клиники,Зоомагазины,"Магазины, в которых можно находиться с животными",,,,,,,,,,Нет,,,,,,,,,,,,,,,Несколько раз в неделю,Провожу в интернете более четырех часов ежедневно,"Среднее профессиональное (техникум, колледж, ПТУ)",Хорошее,"Работаю по договору, контракту в найме (за исключением находящихся в декретном отпуске, подрабатывающих студентов, пе...","Я работаю в КОММЕРЧЕСКОЙ организации, ее цель – получить прибыль (например, магазин, завод, фермерское хозяйство, АО/...","Промышленность, производство (в т.ч. добывающие, обрабатывающие отрасли, энергетика) Включает в том числе: Завод, ком...",1.0154051127062615
07cfecfdbe4ce717,Мужской,22.0,Приволжский федеральный округ,Город с численностью жителей миллион и более человек,Породистая собака,Аквариумные рыбки,Беспородная кошка,,,,,,,,,,"Кафе, в которых можно находиться с животными",Зоомагазины,,,,,,,,,,,"Да, часто",5- полностью удовлетворен,,,,,,,,,,,,,,Не смотрю,Eжедневно менее четырех часов в день,"Среднее профессиональное (техникум, колледж, ПТУ)",Плохое,"Работаю по договору, контракту в найме (за исключением находящихся в декретном отпуске, подрабатывающих студентов, пе...","Я работаю в КОММЕРЧЕСКОЙ организации, ее цель – получить прибыль (например, магазин, завод, фермерское хозяйство, АО/...","Промышленность, производство (в т.ч. добывающие, обрабатывающие отрасли, энергетика) Включает в том числе: Завод, ком...",1.0154051127062615
07d00118010ce255,Мужской,21.0,Приволжский федеральный округ,Город с численностью жителей миллион и более человек,"Нет, домашних животных нет",,,,,,,,,,,,,,,,,,,,,,,,,,Ничего не беспокоило,,,,,,,,,,,,,Не смотрю,Провожу в интернете более четырех часов ежедневно,"Среднее профессиональное (техникум, колледж, ПТУ)",Среднее,"Временно не работаю, безработный",,,1.0154051127062615
07d003ffeb4ce29f,Мужской,20.0,Приволжский федеральный округ,Город с численностью жителей миллион и более человек,"Домашний скот (куры, коровы, козы и т.п.) (из другого)",,,,,,,,,,,,"Кафе, в которых можно находиться с животными",,,,,,,,,,,,Нет,,,,,,,,,,,,,,,"Редко, но не менее одного раза в полгода",Провожу в интернете более четырех часов ежедневно,Среднее общее (10 или 11 классов школы с аттестатом),Среднее,Самозанятый,,"Промышленность, производство (в т.ч. добывающие, обрабатывающие отрасли, энергетика) Включает в том числе: Завод, ком...",1.0154051127062615
07d01579540cebbb,Мужской,18.0,Приволжский федеральный округ,Город с численностью жителей миллион и более человек,Породистая собака,,,,,,,,,,,,Затрудняюсь ответить,,,,,,,,,,,,Нет,5- полностью удовлетворен,,,,,,,,,,,,,,Несколько раз в месяц,Провожу в интернете более четырех часов ежедневно,Среднее общее (10 или 11 классов школы с аттестатом),Хорошее,"Работающий учащийся, студент","Я работаю в КОММЕРЧЕСКОЙ организации, ее цель – получить прибыль (например, магазин, завод, фермерское хозяйство, АО/...","Промышленность, производство (в т.ч. добывающие, обрабатывающие отрасли, энергетика) Включает в том числе: Завод, ком...",1.0154051127062615
07d02318a18ce319,Мужской,22.0,Приволжский федеральный округ,Город с численностью жителей миллион и более человек,Беспородная кошка,,,,,,,,,,,,Ничего,,,,,,,,,,,,Нет,,,,,,,,,,,,,,,Не смотрю,Eжедневно менее четырех часов в день,"Среднее профессиональное (техникум, колледж, ПТУ)",Среднее,"Работаю по договору, контракту в найме (за исключением находящихся в декретном отпуске, подрабатывающих студентов, пе...","Я работаю в КОММЕРЧЕСКОЙ организации, ее цель – получить прибыль (например, магазин, завод, фермерское хозяйство, АО/...","Информационные технологии, связь, интернет Включает в том числе: Программирование /создание программного обеспечения,...",1.0154051127062615
07cfef7ae08ce6c2,Мужской,24.0,Приволжский федеральный округ,Город с численностью жителей миллион и более человек,"Нет, домашних животных нет",,,,,,,,,,,,,,,,,,,,,,,,,,Самовыгул собак (без поводка),Агрессивное поведение собак по отношению к другим животным,,,,,,,,,,,,Несколько раз в неделю,Провожу в интернете более четырех часов ежедневно,"Два и более высших образования, ученая степень кандидата или доктора наук",Среднее,"Неработающий учащийся, студент",,,1.0365767776814754
07cfcebdd4ccee9c,Мужской,22.0,Уральский федеральный округ,Город с численностью жителей миллион и более человек,Породистая собака,Породистая кошка,,,,,,,,,,,"Магазины, в которых можно находиться с животными",Ветеринарные клиники,Специально огороженные площадки для выгула или занятий домашних животных,,,,,,,,,,Нет,3,,,,,,,,,,,,,,Не смотрю,Провожу в интернете более четырех часов ежедневно,Среднее общее (10 или 11 классов школы с аттестатом),Плохое,"Работаю по договору, контракту в найме (за исключением находящихся в декретном отпуске, подрабатывающих студентов, пе...","Я работаю в КОММЕРЧЕСКОЙ организации, ее цель – получить прибыль (например, магазин, завод, фермерское хозяйство, АО/...","Торговля (оптовая, розничная, онлайн продажи; в т.ч. - недвижимость) Включает в том числе: Магазин, автосалон, аукцио...",1.0648947295878806
07cfb828394ce170,Мужской,24.0,Уральский федеральный округ,Город с численностью жителей миллион и более человек,Породистая собака,,,,,,,,,,,,Ветеринарные клиники,Зоомагазины,,,,,,,,,,,Нет,4,,,,,,,,,,,,,,Не смотрю,Провожу в интернете более четырех часов ежедневно,"Среднее профессиональное (техникум, колледж, ПТУ)",Хорошее,"Работаю по договору, контракту в найме (за исключением находящихся в декретном отпуске, подрабатывающих студентов, пе...","Я работаю в БЮДЖЕТНОЙ организации, которая безвозмездно оказывает услуги населению (детский сад, общеобразовательная,...","Промышленность, производство (в т.ч. добывающие, обрабатывающие отрасли, энергетика) Включает в том числе: Завод, ком...",1.0648947295878806
07cfe7cd6a8ce4d4,Мужской,23.0,Сибирский федеральный округ,Город с численностью жителей миллион и более человек,Беспородная кошка,,,,,,,,,,,,Стойки с пакетами для уборки за собаками,Зоомагазины,ГрУминг-салоны (уход за животными),"Магазины, в которых можно находиться с животными",Специализированные урны для утилизации отходов жизнедеятельности собак,Ветеринарные клиники,"Кафе, в которых можно находиться с животными",Специально огороженные площадки для выгула или занятий домашних животных,,,,,Нет,,,,,,,,,,,,,,,Не смотрю,Провожу в интернете более четырех часов ежедневно,Незаконченное высшее (с 3-го курса вуза) или законченное высшее,Хорошее,"Работающий учащийся, студент","Я работаю в КОММЕРЧЕСКОЙ организации, ее цель – получить прибыль (например, магазин, завод, фермерское хозяйство, АО/...","Торговля (оптовая, розничная, онлайн продажи; в т.ч. - недвижимость) Включает в том числе: Магазин, автосалон, аукцио...",1.0320155378823685
07cffb536bcce770,Мужской,25.0,Северо-Западный федеральный округ,Село,"Нет, домашних животных нет",,,,,,,,,,,,,,,,,,,,,,,,,,Ничего не беспокоило,,,,,,,,,,,,,Не смотрю,Eжедневно менее четырех часов в день,Среднее общее (10 или 11 классов школы с аттестатом),Плохое,"Работаю по договору, контракту в найме (за исключением находящихся в декретном отпуске, подрабатывающих студентов, пе...","Я работаю в КОММЕРЧЕСКОЙ организации, ее цель – получить прибыль (например, магазин, завод, фермерское хозяйство, АО/...","Торговля (оптовая, розничная, онлайн продажи; в т.ч. - недвижимость) Включает в том числе: Магазин, автосалон, аукцио...",1.5519655107866541
07cfd4a3738ce726,Мужской,30.0,Южный федеральный округ,Село,Беспородная собака,,,,,,,,,,,,Зоомагазины,Ветеринарные клиники,,,,,,,,,,,"Да, время от времени",1 – совершенно не удовлетворен,,,,,,,,,,,,,,Не смотрю,Не пользуюсь,Основное общее образование: окончил 9 (раньше 8) классов,Плохое,Самозанятый,,"Сельское, лесное хозяйство, охота, рыболовство и рыбоводство Включает в том числе: Фермерское хозяйство, скотобойни, ...",1.6315297428399302
07cfd95a328ce71a,Мужской,32.0,Южный федеральный округ,Село,Породистая собака,Беспородная собака,Беспородная кошка,Породистая кошка,,,,,,,,,Зоомагазины,,,,,,,,,,,,Нет,1 – совершенно не удовлетворен,,,,,,,,,,,,,,Ежедневно менее четырех часов в день,Eжедневно менее четырех часов в день,Среднее общее (10 или 11 классов школы с аттестатом),Среднее,"Работаю по договору, контракту в найме (за исключением находящихся в декретном отпуске, подрабатывающих студентов, пе...","Я работаю в КОММЕРЧЕСКОЙ организации, ее цель – получить прибыль (например, магазин, завод, фермерское хозяйство, АО/...","Сельское, лесное хозяйство, охота, рыболовство и рыбоводство Включает в том числе: Фермерское хозяйство, скотобойни, ...",1.6315297428399302
07cfdcad640ce615,Мужской,29.0,Южный федеральный округ,Село,"Нет, домашних животных нет",,,,,,,,,,,,,,,,,,,,,,,,,,Выгул агрессивных собак без намордника,,,,,,,,,,,,,Несколько раз в неделю,Eжедневно менее четырех часов в день,"Среднее профессиональное (техникум, колледж, ПТУ)",Среднее,Самозанятый,,"Транспортировка и хранение (складское хозяйство) Включает в том числе: Перевозка грузов, ж/д, авиа, водный, космическ...",1.6315297428399302
07cfd588dd8ce47c,Мужской,29.0,Южный федеральный округ,Село,Беспородная собака,Беспородная кошка,,,,,,,,,,,Ветеринарные клиники,Зоомагазины,,,,,,,,,,,Нет,1 – совершенно не удовлетворен,,,,,,,,,,,,,,Смотрю более четырех часов ежедневно,Провожу в интернете более четырех часов ежедневно,Незаконченное высшее (с 3-го курса вуза) или законченное высшее,Плохое,"Работаю по договору, контракту в найме (за исключением находящихся в декретном отпуске, подрабатывающих студентов, пе...","Я работаю в КОММЕРЧЕСКОЙ организации, ее цель – получить прибыль (например, магазин, завод, фермерское хозяйство, АО/...","Сельское, лесное хозяйство, охота, рыболовство и рыбоводство Включает в том числе: Фермерское хозяйство, скотобойни, ...",1.5681937599104387
07cfd4deec8ce8a3,Мужской,33.0,Южный федеральный округ,Село,Породистая кошка,,,,,,,,,,,,Ничего,,,,,,,,,,,,Нет,,,,,,,,,,,,,,,Не смотрю,Провожу в интернете более четырех часов ежедневно,Незаконченное высшее (с 3-го курса вуза) или законченное высшее,Среднее,"Временно не работаю, безработный",,,1.5681937599104387
07d01d2a578ced20,Мужской,33.0,Северо-Кавказский федеральный округ,Село,"Нет, домашних животных нет",,,,,,,,,,,,,,,,,,,,,,,,,,Ничего не беспокоило,,,,,,,,,,,,,Несколько раз в месяц,Eжедневно менее четырех часов в день,"Среднее профессиональное (техникум, колледж, ПТУ)",Среднее,"Временно не работаю, безработный",,,1.8945641582443824
07d02c80944ceacc,Мужской,32.0,Северо-Кавказский федеральный округ,Село,"Нет, домашних животных нет",,,,,,,,,,,,,,,,,,,,,,,,,,Ничего не беспокоило,,,,,,,,,,,,,Не смотрю,Eжедневно менее четырех часов в день,Незаконченное высшее (с 3-го курса вуза) или законченное высшее,Среднее,Самозанятый,,"Сфера услуг, сервиса, бытового обслуживания Включает в том числе: Прачечная/химчистка, ремонт мебели, часов, ювелирны...",1.5189840840701578
07cfe3affd8ceaca,Мужской,33.0,Приволжский федеральный округ,Село,"Нет, домашних животных нет",,,,,,,,,,,,,,,,,,,,,,,,,,"Укусы, нападения собак на людей",Большое количество бродячих собак (из другого),,,,,,,,,,,,Несколько раз в неделю,Провожу в интернете более четырех часов ежедневно,"Среднее профессиональное (техникум, колледж, ПТУ)",Среднее,"Предприниматель, собственник бизнеса",,"Торговля (оптовая, розничная, онлайн продажи; в т.ч. - недвижимость) Включает в том числе: Магазин, автосалон, аукцио...",1.5948875033012517
07cff0d0f48ce9a8,Мужской,33.0,Приволжский федеральный округ,Село,"Нет, домашних животных нет",,,,,,,,,,,,,,,,,,,,,,,,,,Ничего не беспокоило,,,,,,,,,,,,,Смотрю более четырех часов ежедневно,"Редко, но не менее одного раза в полгода","Среднее профессиональное (техникум, колледж, ПТУ)",Среднее,(НЕ ЗАЧИТЫВАТЬ) Затрудняюсь ответить,,,1.5948875033012517
07cff2e36ccce08f,Мужской,34.0,Приволжский федеральный округ,Село,"Нет, домашних животных нет",,,,,,,,,,,,,,,,,,,,,,,,,,Отсутствие уборки за собаками во дворе,,,,,,,,,,,,,Не смотрю,Провожу в интернете более четырех часов ежедневно,Среднее общее (10 или 11 классов школы с аттестатом),Среднее,"Работаю по договору, контракту в найме (за исключением находящихся в декретном отпуске, подрабатывающих студентов, пе...","Я работаю в КОММЕРЧЕСКОЙ организации, ее цель – получить прибыль (например, магазин, завод, фермерское хозяйство, АО/...","Сфера услуг, сервиса, бытового обслуживания Включает в том числе: Прачечная/химчистка, ремонт мебели, часов, ювелирны...",1.5948875033012517
07cfc16a198ce49c,Мужской,32.0,Уральский федеральный округ,Село,Беспородная собака,Беспородная кошка,"Домашний скот (куры, коровы, козы и т.п.) (из другого)",,,,,,,,,,Специализированные урны для утилизации отходов жизнедеятельности собак,,,,,,,,,,,,Нет,5- полностью удовлетворен,,,,,,,,,,,,,,Несколько раз в неделю,Eжедневно менее четырех часов в день,Среднее общее (10 или 11 классов школы с аттестатом),Среднее,"Работаю по договору, контракту в найме (за исключением находящихся в декретном отпуске, подрабатывающих студентов, пе...","Я работаю в КОММЕРЧЕСКОЙ организации, ее цель – получить прибыль (например, магазин, завод, фермерское хозяйство, АО/...","Сельское, лесное хозяйство, охота, рыболовство и рыбоводство Включает в том числе: Фермерское хозяйство, скотобойни, ...",1.6726203909142514
07cfd2e7c2cce012,Мужской,32.0,Сибирский федеральный округ,Село,Беспородная кошка,Беспородная собака,"Домашний скот (куры, коровы, козы и т.п.) (из другого)",,,,,,,,,,Ветеринарные клиники,,,,,,,,,,,,Не бываю с питомцем в общественных местах,1 – совершенно не удовлетворен,,,,,,,,,,,,,,Несколько раз в неделю,Eжедневно менее четырех часов в день,"Среднее профессиональное (техникум, колледж, ПТУ)",Плохое,"Работаю по договору, контракту в найме (за исключением находящихся в декретном отпуске, подрабатывающих студентов, пе...","Я работаю в КОММЕРЧЕСКОЙ организации, ее цель – получить прибыль (например, магазин, завод, фермерское хозяйство, АО/...","Торговля (оптовая, розничная, онлайн продажи; в т.ч. - недвижимость) Включает в том числе: Магазин, автосалон, аукцио...",1.668123525477009
07cfd2f7c08ce4f0,Мужской,27.0,Сибирский федеральный округ,Село,"Нет, домашних животных нет",,,,,,,,,,,,,,,,,,,,,,,,,,Большое количество бродячих собак (из другого),,,,,,,,,,,,,Не смотрю,Провожу в интернете более четырех часов ежедневно,"Два и более высших образования, ученая степень кандидата или доктора наук",Среднее,"Работаю по договору, контракту в найме (за исключением находящихся в декретном отпуске, подрабатывающих студентов, пе...","Я работаю в КОММЕРЧЕСКОЙ организации, ее цель – получить прибыль (например, магазин, завод, фермерское хозяйство, АО/...",Затрудняюсь ответить,1.620977345873826
07cfd7e9da0ce898,Мужской,31.0,Центральный федеральный округ,Город с численностью менее 50 тысяч,Породистая кошка,Породистая собака,,,,,,,,,,,Ничего,,,,,,,,,,,,Не бываю с питомцем в общественных местах,2,,,,,,,,,,,,,,Не смотрю,Провожу в интернете более четырех часов ежедневно,"Среднее профессиональное (техникум, колледж, ПТУ)",Среднее,"Работаю по договору, контракту в найме (за исключением находящихся в декретном отпуске, подрабатывающих студентов, пе...","Я работаю в КОММЕРЧЕСКОЙ организации, ее цель – получить прибыль (например, магазин, завод, фермерское хозяйство, АО/...","Промышленность, производство (в т.ч. добывающие, обрабатывающие отрасли, энергетика) Включает в том числе: Завод, ком...",1.3072730098777336
07d01c57fb0cee99,Мужской,34.0,Центральный федеральный округ,Город с численностью менее 50 тысяч,Беспородная кошка,,,,,,,,,,,,Зоомагазины,Ветеринарные клиники,Специально огороженные площадки для выгула или занятий домашних животных,,,,,,,,,,Нет,,,,,,,,,,,,,,,Не смотрю,Провожу в интернете более четырех часов ежедневно,"Среднее профессиональное (техникум, колледж, ПТУ)",Плохое,"Работаю по договору, контракту в найме (за исключением находящихся в декретном отпуске, подрабатывающих студентов, пе...","Я работаю в НЕКОММЕРЧЕСКОЙ организации, которая оказывает помощь населению (благотворительные фонды, центры поддержки...",,1.3072730098777336
07cff60e2f8ce92f,Мужской,34.0,Центральный федеральный округ,Город с численностью от 50 тысяч до 100 тысяч,Породистая кошка,,,,,,,,,,,,Ветеринарные клиники,ГрУминг-салоны (уход за животными),"Магазины, в которых можно находиться с животными",Зоомагазины,,,,,,,,,Не бываю с питомцем в общественных местах,,,,,,,,,,,,,,,Не смотрю,Eжедневно менее четырех часов в день,Незаконченное высшее (с 3-го курса вуза) или законченное высшее,Хорошее,"Работаю по договору, контракту в найме (за исключением находящихся в декретном отпуске, подрабатывающих студентов, пе...","Я работаю в КОММЕРЧЕСКОЙ организации, ее цель – получить прибыль (например, магазин, завод, фермерское хозяйство, АО/...","Информационные технологии, связь, интернет Включает в том числе: Программирование /создание программного обеспечения,...",1.2828601025048652
07cffc24714ce32e,Мужской,33.0,Центральный федеральный округ,Город с численностью менее 50 тысяч,"Нет, домашних животных нет",,,,,,,,,,,,,,,,,,,,,,,,,,Большое количество бродячих собак (из другого),,,,,,,,,,,,,Не смотрю,Eжедневно менее четырех часов в день,"Среднее профессиональное (техникум, колледж, ПТУ)",Очень хорошее,"Работаю по договору, контракту в найме (за исключением находящихся в декретном отпуске, подрабатывающих студентов, пе...","Я работаю в КОММЕРЧЕСКОЙ организации, ее цель – получить прибыль (например, магазин, завод, фермерское хозяйство, АО/...",Другое (укажите),1.1468540727109433
07d0055e540ce7ff,Мужской,33.0,Центральный федеральный округ,Город с численностью от 50 тысяч до 100 тысяч,Породистая кошка,,,,,,,,,,,,Ничего,,,,,,,,,,,,Не бываю с питомцем в общественных местах,,,,,,,,,,,,,,,Ежедневно менее четырех часов в день,Eжедневно менее четырех часов в день,"Среднее профессиональное (техникум, колледж, ПТУ)",Среднее,"Предприниматель, собственник бизнеса",,"Торговля (оптовая, розничная, онлайн продажи; в т.ч. - недвижимость) Включает в том числе: Магазин, автосалон, аукцио...",1.1468540727109433
07d00c6c774ce1a5,Мужской,33.0,Центральный федеральный округ,Город с численностью менее 50 тысяч,Породистая собака,Беспородная собака,Беспородная кошка,"Домашний скот (куры, коровы, козы и т.п.) (из другого)",,,,,,,,,Зоомагазины,Специально огороженные площадки для выгула или занятий домашних животных,,,,,,,,,,,"Да, время от времени",2,,,,,,,,,,,,,,Несколько раз в неделю,Eжедневно менее четырех часов в день,"Среднее профессиональное (техникум, колледж, ПТУ)",Среднее,"Работаю по договору, контракту в найме (за исключением находящихся в декретном отпуске, подрабатывающих студентов, пе...","Я работаю в КОММЕРЧЕСКОЙ организации, ее цель – получить прибыль (например, магазин, завод, фермерское хозяйство, АО/...","Промышленность, производство (в т.ч. добывающие, обрабатывающие отрасли, энергетика) Включает в том числе: Завод, ком...",1.1468540727109433
07d00c97df0ceaeb,Мужской,29.0,Центральный федеральный округ,Город с численностью менее 50 тысяч,"Нет, домашних животных нет",,,,,,,,,,,,,,,,,,,,,,,,,,Выгул в неположенных местах,,,,,,,,,,,,,Несколько раз в неделю,Eжедневно менее четырех часов в день,Незаконченное высшее (с 3-го курса вуза) или законченное высшее,Среднее,"Работаю по договору, контракту в найме (за исключением находящихся в декретном отпуске, подрабатывающих студентов, пе...","Я работаю в БЮДЖЕТНОЙ организации, которая безвозмездно оказывает услуги населению (детский сад, общеобразовательная,...","Образование, наука Включает в том числе: ясли, детский сад, школа, ССУЗ, вуз, научно-исследовательские институты, центры",1.0420218003007176
07d025fe0ecce049,Мужской,30.0,Центральный федеральный округ,Город с численностью менее 50 тысяч,Беспородная кошка,,,,,,,,,,,,Затрудняюсь ответить,,,,,,,,,,,,Не бываю с питомцем в общественных местах,,,,,,,,,,,,,,,Не смотрю,Eжедневно менее четырех часов в день,Незаконченное высшее (с 3-го курса вуза) или законченное высшее,Плохое,Самозанятый,,Другое (укажите),1.0420218003007176
07d0172c6b8ce479,Мужской,31.0,Северо-Западный федеральный округ,Город с численностью менее 50 тысяч,Породистая собака,Породистая кошка,"Домашний скот (куры, коровы, козы и т.п.) (из другого)",,,,,,,,,,ГрУминг-салоны (уход за животными),Специально огороженные площадки для выгула или занятий домашних животных,Стойки с пакетами для уборки за собаками,Ветеринарные клиники,Зоомагазины,Специализированные урны для утилизации отходов жизнедеятельности собак,,,,,,,Нет,5- полностью удовлетворен,,,,,,,,,,,,,,Смотрю более четырех часов ежедневно,Не пользуюсь,Незаконченное высшее (с 3-го курса вуза) или законченное высшее,Очень хорошее,Работающий пенсионер,Затрудняюсь ответить/ отказ от ответа,"Сельское, лесное хозяйство, охота, рыболовство и рыбоводство Включает в том числе: Фермерское хозяйство, скотобойни, ...",0.9409924852734721
07d01884108ce6c9,Мужской,31.0,Южный федеральный округ,Город с численностью менее 50 тысяч,Беспородная кошка,,,,,,,,,,,,Зоомагазины,Ветеринарные клиники,,,,,,,,,,,Нет,,,,,,,,,,,,,,,Несколько раз в месяц,Провожу в интернете более четырех часов ежедневно,Незаконченное высшее (с 3-го курса вуза) или законченное высшее,Среднее,"Работаю по договору, контракту в найме (за исключением находящихся в декретном отпуске, подрабатывающих студентов, пе...","Я работаю в КОММЕРЧЕСКОЙ организации, ее цель – получить прибыль (например, магазин, завод, фермерское хозяйство, АО/...","Торговля (оптовая, розничная, онлайн продажи; в т.ч. - недвижимость) Включает в том числе: Магазин, автосалон, аукцио...",1.0851799345091804
07d00373e1cce4bc,Мужской,33.0,Северо-Кавказский федеральный округ,Поселок городского типа,Породистая кошка,Породистая собака,,,,,,,,,,,Зоомагазины,Ветеринарные клиники,ГрУминг-салоны (уход за животными),,,,,,,,,,Не бываю с питомцем в общественных местах,4,,,,,,,,,,,,,,Не смотрю,Eжедневно менее четырех часов в день,Среднее общее (10 или 11 классов школы с аттестатом),Среднее,Самозанятый,,Другое (укажите),1.3110261383035333
07cfd5c5968ce348,Мужской,30.0,Северо-Кавказский федеральный округ,Город с численностью менее 50 тысяч,Затрудняюсь ответить,,,,,,,,,,,,,,,,,,,,,,,,,,Затрудняюсь ответить,,,,,,,,,,,,,Ежедневно менее четырех часов в день,Не пользуюсь,Незаконченное высшее (с 3-го курса вуза) или законченное высшее,Затрудняюсь ответить,(НЕ ЗАЧИТЫВАТЬ) Затрудняюсь ответить,,,1.0511271572499319
07d00f78934ce2da,Мужской,33.0,Северо-Кавказский федеральный округ,Город с численностью от 50 тысяч до 100 тысяч,"Домашний скот (куры, коровы, козы и т.п.) (из другого)",Породистая собака,Беспородная кошка,,,,,,,,,,Ничего,,,,,,,,,,,,Нет,2,,,,,,,,,,,,,,Смотрю более четырех часов ежедневно,Провожу в интернете более четырех часов ежедневно,Незаконченное высшее (с 3-го курса вуза) или законченное высшее,Среднее,"Работаю по договору, контракту в найме (за исключением находящихся в декретном отпуске, подрабатывающих студентов, пе...","Работаю в правоохранительных органах, вооруженных силах, МЧС","Правоохранительные органы, силовые структуры, МЧС, военная служба Включает в том числе: Полиция, росгвардия, пожарно-...",1.0511271572499319
07cfe9804b0ce071,Мужской,32.0,Приволжский федеральный округ,Город с численностью менее 50 тысяч,Беспородная кошка,,,,,,,,,,,,Зоомагазины,Ветеринарные клиники,"Магазины, в которых можно находиться с животными",,,,,,,,,,Нет,,,,,,,,,,,,,,,Не смотрю,Провожу в интернете более четырех часов ежедневно,"Среднее профессиональное (техникум, колледж, ПТУ)",Среднее,"Работаю по договору, контракту в найме (за исключением находящихся в декретном отпуске, подрабатывающих студентов, пе...","Я работаю в КОММЕРЧЕСКОЙ организации, ее цель – получить прибыль (например, магазин, завод, фермерское хозяйство, АО/...","Строительство Включает в том числе: архитектура, проектирование, дизайн интерьера",1.1036518322077797
07cff30fe9cceb4c,Мужской,34.0,Приволжский федеральный округ,Город с численностью менее 50 тысяч,Беспородная кошка,Аквариумные рыбки,,,,,,,,,,,Зоомагазины,,,,,,,,,,,,Нет,,,,,,,,,,,,,,,Смотрю более четырех часов ежедневно,Eжедневно менее четырех часов в день,"Среднее профессиональное (техникум, колледж, ПТУ)",Среднее,(НЕ ЗАЧИТЫВАТЬ) Затрудняюсь ответить,,,1.1036518322077797
07cff966824ce944,Мужской,28.0,Приволжский федеральный округ,Город с численностью от 50 тысяч до 100 тысяч,"Нет, домашних животных нет",,,,,,,,,,,,,,,,,,,,,,,,,,Выгул в неположенных местах,,,,,,,,,,,,,Несколько раз в неделю,Провожу в интернете более четырех часов ежедневно,Незаконченное высшее (с 3-го курса вуза) или законченное высшее,Хорошее,"Работаю по договору, контракту в найме (за исключением находящихся в декретном отпуске, подрабатывающих студентов, пе...","Я работаю в КОММЕРЧЕСКОЙ организации, ее цель – получить прибыль (например, магазин, завод, фермерское хозяйство, АО/...","Промышленность, производство (в т.ч. добывающие, обрабатывающие отрасли, энергетика) Включает в том числе: Завод, ком...",1.1266634819901094
07d001416f0ceb5a,Мужской,29.0,Приволжский федеральный округ,Поселок городского типа,Породистая кошка,,,,,,,,,,,,Ветеринарные клиники,,,,,,,,,,,,Не бываю с питомцем в общественных местах,,,,,,,,,,,,,,,Не смотрю,Eжедневно менее четырех часов в день,Незаконченное высшее (с 3-го курса вуза) или законченное высшее,Очень плохое,"Работаю по договору, контракту в найме (за исключением находящихся в декретном отпуске, подрабатывающих студентов, пе...","Я работаю в КОММЕРЧЕСКОЙ организации, ее цель – получить прибыль (например, магазин, завод, фермерское хозяйство, АО/...","Сфера услуг, сервиса, бытового обслуживания Включает в том числе: Прачечная/химчистка, ремонт мебели, часов, ювелирны...",1.1266634819901094
07cfc8fae30ce394,Мужской,31.0,Уральский федеральный округ,Город с численностью менее 50 тысяч,Беспородная собака,,,,,,,,,,,,Ветеринарные клиники,Зоомагазины,,,,,,,,,,,Не бываю с питомцем в общественных местах,4,,,,,,,,,,,,,,Не смотрю,Eжедневно менее четырех часов в день,"Среднее профессиональное (техникум, колледж, ПТУ)",Хорошее,"Работаю по договору, контракту в найме (за исключением находящихся в декретном отпуске, подрабатывающих студентов, пе...","Я работаю в КОММЕРЧЕСКОЙ организации, ее цель – получить прибыль (например, магазин, завод, фермерское хозяйство, АО/...","Промышленность, производство (в т.ч. добывающие, обрабатывающие отрасли, энергетика) Включает в том числе: Завод, ком...",1.1574424874479217
07cfdf45f34ce852,Мужской,34.0,Уральский федеральный округ,Город с численностью менее 50 тысяч,Породистая собака,"Домашний скот (куры, коровы, козы и т.п.) (из другого)",,,,,,,,,,,Ветеринарные клиники,Зоомагазины,,,,,,,,,,,Нет,5- полностью удовлетворен,,,,,,,,,,,,,,Несколько раз в месяц,Eжедневно менее четырех часов в день,"Среднее профессиональное (техникум, колледж, ПТУ)",Среднее,Самозанятый,,"Транспортировка и хранение (складское хозяйство) Включает в том числе: Перевозка грузов, ж/д, авиа, водный, космическ...",1.1574424874479217
07cfe8ff880cecbd,Мужской,32.0,Уральский федеральный округ,Город с численностью от 50 тысяч до 100 тысяч,"Нет, домашних животных нет",,,,,,,,,,,,,,,,,,,,,,,,,,Ничего не беспокоило,,,,,,,,,,,,,"Редко, но не менее одного раза в полгода",Eжедневно менее четырех часов в день,"Два и более высших образования, ученая степень кандидата или доктора наук",Среднее,"Работаю по договору, контракту в найме (за исключением находящихся в декретном отпуске, подрабатывающих студентов, пе...","Я работаю в КОММЕРЧЕСКОЙ организации, ее цель – получить прибыль (например, магазин, завод, фермерское хозяйство, АО/...","Промышленность, производство (в т.ч. добывающие, обрабатывающие отрасли, энергетика) Включает в том числе: Завод, ком...",1.0245900673008912
07cfdf7cfc8ce801,Мужской,30.0,Сибирский федеральный округ,Город с численностью менее 50 тысяч,Беспородная собака,Беспородная кошка,,,,,,,,,,,Ветеринарные клиники,Зоомагазины,,,,,,,,,,,Нет,5- полностью удовлетворен,,,,,,,,,,,,,,Не смотрю,"Редко, но не менее одного раза в полгода","Среднее профессиональное (техникум, колледж, ПТУ)",Среднее,"Работаю по договору, контракту в найме (за исключением находящихся в декретном отпуске, подрабатывающих студентов, пе...","Я работаю в КОММЕРЧЕСКОЙ организации, ее цель – получить прибыль (например, магазин, завод, фермерское хозяйство, АО/...","Промышленность, производство (в т.ч. добывающие, обрабатывающие отрасли, энергетика) Включает в том числе: Завод, ком...",1.1543306856633255
07cfc1d2e68ce5a7,Мужской,25.0,Дальневосточный федеральный округ,Город с численностью от 50 тысяч до 100 тысяч,Породистая собака,Породистая кошка,,,,,,,,,,,Специализированные урны для утилизации отходов жизнедеятельности собак,Ветеринарные клиники,Зоомагазины,Специально огороженные площадки для выгула или занятий домашних животных,Лапомойки в доме,"Кафе, в которых можно находиться с животными",Стойки с пакетами для уборки за собаками,"Магазины, в которых можно находиться с животными",ГрУминг-салоны (уход за животными),,,,"Да, часто",3,,,,,,,,,,,,,,Не смотрю,Провожу в интернете более четырех часов ежедневно,"Среднее профессиональное (техникум, колледж, ПТУ)",Очень хорошее,"Работаю по договору, контракту в найме (за исключением находящихся в декретном отпуске, подрабатывающих студентов, пе...","Я работаю в НЕКОММЕРЧЕСКОЙ организации, которая оказывает помощь населению (благотворительные фонды, центры поддержки...",,1.0483058930016098
07d006e8c40cecda,Мужской,27.0,Центральный федеральный округ,Город с численностью от 100 тысяч до 500 тысяч,"Нет, домашних животных нет",,,,,,,,,,,,,,,,,,,,,,,,,,Ничего не беспокоило,,,,,,,,,,,,,Ежедневно менее четырех часов в день,Eжедневно менее четырех часов в день,"Среднее профессиональное (техникум, колледж, ПТУ)",Затрудняюсь ответить,Самозанятый,,"Государственное и муниципальное управление, в т.ч. - судебные органы Включает в том числе: Госслужба, администрации/п...",1.0498024141835438
07d00ec8a00ce244,Мужской,29.0,Центральный федеральный округ,Город с численностью от 100 тысяч до 500 тысяч,"Нет, домашних животных нет",,,,,,,,,,,,,,,,,,,,,,,,,,Ничего не беспокоило,,,,,,,,,,,,,"Редко, но не менее одного раза в полгода",Eжедневно менее четырех часов в день,Незаконченное высшее (с 3-го курса вуза) или законченное высшее,Хорошее,"Временно не работаю, безработный",,,1.0301976882359987
07d01f9451cce0ae,Мужской,30.0,Центральный федеральный округ,Город с численностью от 100 тысяч до 500 тысяч,"Нет, домашних животных нет",,,,,,,,,,,,,,,,,,,,,,,,,,Выгул агрессивных собак без намордника,Отсутствие уборки за собаками во дворе,Выгул собак на длинном поводке,Самовыгул собак (без поводка),,,,,,,,,,Не смотрю,Провожу в интернете более четырех часов ежедневно,Незаконченное высшее (с 3-го курса вуза) или законченное высшее,Среднее,"Работаю по договору, контракту в найме (за исключением находящихся в декретном отпуске, подрабатывающих студентов, пе...","Я работаю в КОММЕРЧЕСКОЙ организации, ее цель – получить прибыль (например, магазин, завод, фермерское хозяйство, АО/...",Другое (укажите),1.0301976882359987
07cfdef45c4cef9f,Мужской,32.0,Центральный федеральный округ,Город с численностью от 100 тысяч до 500 тысяч,"Домашний скот (куры, коровы, козы и т.п.) (из другого)",,,,,,,,,,,,Лапомойки в доме,Ветеринарные клиники,"Магазины, в которых можно находиться с животными",Специально огороженные площадки для выгула или занятий домашних животных,Зоомагазины,ГрУминг-салоны (уход за животными),"Кафе, в которых можно находиться с животными",Стойки с пакетами для уборки за собаками,Специализированные урны для утилизации отходов жизнедеятельности собак,,,,Не бываю с питомцем в общественных местах,,,,,,,,,,,,,,,Не смотрю,Провожу в интернете более четырех часов ежедневно,Среднее общее (10 или 11 классов школы с аттестатом),Плохое,(НЕ ЗАЧИТЫВАТЬ) Отказ от ответа,,,0.9209783764760688
07cfe05a978cee08,Мужской,26.0,Центральный федеральный округ,Город с численностью от 100 тысяч до 500 тысяч,Беспородная кошка,,,,,,,,,,,,Зоомагазины,Специализированные урны для утилизации отходов жизнедеятельности собак,Ветеринарные клиники,"Кафе, в которых можно находиться с животными",,,,,,,,,"Да, время от времени",,,,,,,,,,,,,,,Смотрю более четырех часов ежедневно,Провожу в интернете более четырех часов ежедневно,"Среднее профессиональное (техникум, колледж, ПТУ)",Очень хорошее,"Работающий учащийся, студент",Затрудняюсь ответить/ отказ от ответа,Другое (укажите),0.9209783764760688
07cfe9a236cce864,Мужской,33.0,Центральный федеральный округ,Город с численностью от 100 тысяч до 500 тысяч,"Нет, домашних животных нет",,,,,,,,,,,,,,,,,,,,,,,,,,Отсутствие уборки за собаками во дворе,Самовыгул собак (без поводка),Выгул агрессивных собак без намордника,"Отсутствие уборки за собаками в доме (в лифте, в подъезде)",Выгул собак на длинном поводке,Выгул в неположенных местах,,,,,,,,Не смотрю,Eжедневно менее четырех часов в день,Среднее общее (10 или 11 классов школы с аттестатом),Хорошее,"Предприниматель, собственник бизнеса",,"Финансовая и страховая деятельность, банковские услуги Включает в том числе: Банк, инвестиционный фонд, финансовая ар...",0.9209783764760688
07d01faf580ce403,Мужской,30.0,Центральный федеральный округ,Город с численностью от 100 тысяч до 500 тысяч,"Нет, домашних животных нет",,,,,,,,,,,,,,,,,,,,,,,,,,Ничего не беспокоило,,,,,,,,,,,,,Несколько раз в месяц,Eжедневно менее четырех часов в день,"Среднее профессиональное (техникум, колледж, ПТУ)",Среднее,"Работаю по договору, контракту в найме (за исключением находящихся в декретном отпуске, подрабатывающих студентов, пе...","Я работаю в КОММЕРЧЕСКОЙ организации, ее цель – получить прибыль (например, магазин, завод, фермерское хозяйство, АО/...","Транспортировка и хранение (складское хозяйство) Включает в том числе: Перевозка грузов, ж/д, авиа, водный, космическ...",0.9209783764760688
07cfe1831dcce820,Мужской,29.0,Центральный федеральный округ,Город с численностью от 100 тысяч до 500 тысяч,"Нет, домашних животных нет",,,,,,,,,,,,,,,,,,,,,,,,,,Ничего не беспокоило,,,,,,,,,,,,,Не смотрю,Провожу в интернете более четырех часов ежедневно,Незаконченное высшее (с 3-го курса вуза) или законченное высшее,Среднее,"Работаю по договору, контракту в найме (за исключением находящихся в декретном отпуске, подрабатывающих студентов, пе...","Я работаю в КОММЕРЧЕСКОЙ организации, ее цель – получить прибыль (например, магазин, завод, фермерское хозяйство, АО/...","Здравоохранение Включает в том числе: поликлиники, медицинские центры, больницы, стационары,  «Скорая помощь», санатории",0.8367930748374351
07cfe8f4294ce850,Мужской,27.0,Центральный федеральный округ,Город с численностью от 100 тысяч до 500 тысяч,"Нет, домашних животных нет",,,,,,,,,,,,,,,,,,,,,,,,,,Выгул агрессивных собак без намордника,Самовыгул собак (без поводка),,,,,,,,,,,,Несколько раз в неделю,Провожу в интернете более четырех часов ежедневно,Незаконченное высшее (с 3-го курса вуза) или законченное высшее,Хорошее,"Работаю по договору, контракту в найме (за исключением находящихся в декретном отпуске, подрабатывающих студентов, пе...","Я работаю в БЮДЖЕТНОЙ организации, которая безвозмездно оказывает услуги населению (детский сад, общеобразовательная,...","Здравоохранение Включает в том числе: поликлиники, медицинские центры, больницы, стационары,  «Скорая помощь», санатории",0.8367930748374351
07cff7ed798ce5bc,Мужской,28.0,Центральный федеральный округ,Город с численностью от 100 тысяч до 500 тысяч,"Нет, домашних животных нет",,,,,,,,,,,,,,,,,,,,,,,,,,Ничего не беспокоило,,,,,,,,,,,,,Ежедневно менее четырех часов в день,Провожу в интернете более четырех часов ежедневно,Незаконченное высшее (с 3-го курса вуза) или законченное высшее,Среднее,"Работаю по договору, контракту в найме (за исключением находящихся в декретном отпуске, подрабатывающих студентов, пе...","Я работаю в КОММЕРЧЕСКОЙ организации, ее цель – получить прибыль (например, магазин, завод, фермерское хозяйство, АО/...","Торговля (оптовая, розничная, онлайн продажи; в т.ч. - недвижимость) Включает в том числе: Магазин, автосалон, аукцио...",0.8367930748374351
07cff3dea5cce608,Мужской,31.0,Северо-Западный федеральный округ,Город с численностью от 100 тысяч до 500 тысяч,"Нет, домашних животных нет",,,,,,,,,,,,,,,,,,,,,,,,,,Отсутствие уборки за собаками во дворе,Выгул агрессивных собак без намордника,,,,,,,,,,,,Несколько раз в неделю,Eжедневно менее четырех часов в день,"Среднее профессиональное (техникум, колледж, ПТУ)",Среднее,"Работаю по договору, контракту в найме (за исключением находящихся в декретном отпуске, подрабатывающих студентов, пе...","Я работаю в КОММЕРЧЕСКОЙ организации, ее цель – получить прибыль (например, магазин, завод, фермерское хозяйство, АО/...","Транспортировка и хранение (складское хозяйство) Включает в том числе: Перевозка грузов, ж/д, авиа, водный, космическ...",0.9092504913973182
07cff5a5804cec61,Мужской,27.0,Северо-Западный федеральный округ,Город с численностью от 100 тысяч до 500 тысяч,"Нет, домашних животных нет",,,,,,,,,,,,,,,,,,,,,,,,,,Агрессивное поведение собак по отношению к другим животным,,,,,,,,,,,,,Смотрю более четырех часов ежедневно,Провожу в интернете более четырех часов ежедневно,Основное общее образование: окончил 9 (раньше 8) классов,Среднее,"Временно не работаю, безработный",,,0.9092504913973182
07cfdef340cceeef,Мужской,32.0,Южный федеральный округ,Город с численностью от 100 тысяч до 500 тысяч,Породистая кошка,,,,,,,,,,,,Ветеринарные клиники,Зоомагазины,,,,,,,,,,,"Да, время от времени",,,,,,,,,,,,,,,"Редко, но не менее одного раза в полгода",Eжедневно менее четырех часов в день,"Среднее профессиональное (техникум, колледж, ПТУ)",Среднее,Самозанятый,,"Строительство Включает в том числе: архитектура, проектирование, дизайн интерьера",0.9066471511169198
07cfd74ad98ceac7,Мужской,26.0,Южный федеральный округ,Город с численностью от 100 тысяч до 500 тысяч,Породистая кошка,,,,,,,,,,,,Ветеринарные клиники,Зоомагазины,,,,,,,,,,,Нет,,,,,,,,,,,,,,,Не смотрю,Eжедневно менее четырех часов в день,Незаконченное высшее (с 3-го курса вуза) или законченное высшее,Хорошее,"Работаю по договору, контракту в найме (за исключением находящихся в декретном отпуске, подрабатывающих студентов, пе...","Я работаю в КОММЕРЧЕСКОЙ организации, ее цель – получить прибыль (например, магазин, завод, фермерское хозяйство, АО/...","Промышленность, производство (в т.ч. добывающие, обрабатывающие отрасли, энергетика) Включает в том числе: Завод, ком...",0.8714511096483415
07cfdb636acce9cc,Мужской,28.0,Южный федеральный округ,Город с численностью от 100 тысяч до 500 тысяч,"Домашний скот (куры, коровы, козы и т.п.) (из другого)",Породистая собака,Породистая кошка,,,,,,,,,,Ветеринарные клиники,"Кафе, в которых можно находиться с животными",Зоомагазины,ГрУминг-салоны (уход за животными),,,,,,,,,Нет,5- полностью удовлетворен,,,,,,,,,,,,,,Несколько раз в месяц,Eжедневно менее четырех часов в день,Незаконченное высшее (с 3-го курса вуза) или законченное высшее,Очень хорошее,"Временно не работаю, безработный",,,0.8714511096483415
07cfdfaad14ce5f8,Мужской,26.0,Южный федеральный округ,Город с численностью от 100 тысяч до 500 тысяч,"Нет, домашних животных нет",,,,,,,,,,,,,,,,,,,,,,,,,,Ничего не беспокоило,,,,,,,,,,,,,Не смотрю,Eжедневно менее четырех часов в день,Незаконченное высшее (с 3-го курса вуза) или законченное высшее,Среднее,"Работаю по договору, контракту в найме (за исключением находящихся в декретном отпуске, подрабатывающих студентов, пе...","Я работаю в КОММЕРЧЕСКОЙ организации, ее цель – получить прибыль (например, магазин, завод, фермерское хозяйство, АО/...","Промышленность, производство (в т.ч. добывающие, обрабатывающие отрасли, энергетика) Включает в том числе: Завод, ком...",0.8714511096483415
07cfde5078ccece6,Мужской,31.0,Северо-Кавказский федеральный округ,Город с численностью от 100 тысяч до 500 тысяч,Породистая собака,Беспородная кошка,,,,,,,,,,,Ничего,,,,,,,,,,,,Не бываю с питомцем в общественных местах,3,,,,,,,,,,,,,,Несколько раз в неделю,Eжедневно менее четырех часов в день,Незаконченное высшее (с 3-го курса вуза) или законченное высшее,Среднее,"Предприниматель, собственник бизнеса",,"Строительство Включает в том числе: архитектура, проектирование, дизайн интерьера",0.8441051096113964
07cff2d41c8cecef,Мужской,34.0,Северо-Кавказский федеральный округ,Город с численностью от 100 тысяч до 500 тысяч,Породистая собака,,,,,,,,,,,,Зоомагазины,Ветеринарные клиники,,,,,,,,,,,Нет,5- полностью удовлетворен,,,,,,,,,,,,,,Несколько раз в месяц,Провожу в интернете более четырех часов ежедневно,Незаконченное высшее (с 3-го курса вуза) или законченное высшее,Хорошее,"Работаю по договору, контракту в найме (за исключением находящихся в декретном отпуске, подрабатывающих студентов, пе...","Я работаю в КОММЕРЧЕСКОЙ организации, ее цель – получить прибыль (например, магазин, завод, фермерское хозяйство, АО/...","Промышленность, производство (в т.ч. добывающие, обрабатывающие отрасли, энергетика) Включает в том числе: Завод, ком...",0.8441051096113964
07cfd8622a8cec53,Мужской,28.0,Приволжский федеральный округ,Город с численностью от 100 тысяч до 500 тысяч,"Нет, домашних животных нет",,,,,,,,,,,,,,,,,,,,,,,,,,Выгул в неположенных местах,Выгул агрессивных собак без намордника,Отсутствие уборки за собаками во дворе,"Отсутствие уборки за собаками в доме (в лифте, в подъезде)",Самовыгул собак (без поводка),"Укусы, нападения собак на людей",Агрессивное поведение собак по отношению к другим животным,,,,,,,"Редко, но не менее одного раза в полгода",Провожу в интернете более четырех часов ежедневно,Незаконченное высшее (с 3-го курса вуза) или законченное высшее,Хорошее,"Работаю по договору, контракту в найме (за исключением находящихся в декретном отпуске, подрабатывающих студентов, пе...","Я работаю в КОММЕРЧЕСКОЙ организации, ее цель – получить прибыль (например, магазин, завод, фермерское хозяйство, АО/...","Торговля (оптовая, розничная, онлайн продажи; в т.ч. - недвижимость) Включает в том числе: Магазин, автосалон, аукцио...",0.9047643716565967
07cfd243460cedff,Мужской,32.0,Уральский федеральный округ,Город с численностью от 100 тысяч до 500 тысяч,"Нет, домашних животных нет",,,,,,,,,,,,,,,,,,,,,,,,,,Ничего не беспокоило,,,,,,,,,,,,,"Редко, но не менее одного раза в полгода",Провожу в интернете более четырех часов ежедневно,"Среднее профессиональное (техникум, колледж, ПТУ)",Хорошее,"Работаю по договору, контракту в найме (за исключением находящихся в декретном отпуске, подрабатывающих студентов, пе...","Я работаю в КОММЕРЧЕСКОЙ организации, ее цель – получить прибыль (например, магазин, завод, фермерское хозяйство, АО/...","Торговля (оптовая, розничная, онлайн продажи; в т.ч. - недвижимость) Включает в том числе: Магазин, автосалон, аукцио...",0.9294813772029756
07cfdd9093cce9c3,Мужской,26.0,Уральский федеральный округ,Город с численностью от 100 тысяч до 500 тысяч,Породистая кошка,,,,,,,,,,,,Ничего,,,,,,,,,,,,Не бываю с питомцем в общественных местах,,,,,,,,,,,,,,,Ежедневно менее четырех часов в день,Провожу в интернете более четырех часов ежедневно,"Среднее профессиональное (техникум, колледж, ПТУ)",Плохое,(НЕ ЗАЧИТЫВАТЬ) Отказ от ответа,,,0.9294813772029756
07cfc51bd50cef2f,Мужской,28.0,Уральский федеральный округ,Город с численностью от 100 тысяч до 500 тысяч,"Нет, домашних животных нет",,,,,,,,,,,,,,,,,,,,,,,,,,Ничего не беспокоило,,,,,,,,,,,,,"Редко, но не менее одного раза в полгода",Провожу в интернете более четырех часов ежедневно,Незаконченное высшее (с 3-го курса вуза) или законченное высшее,Среднее,"Работаю по договору, контракту в найме (за исключением находящихся в декретном отпуске, подрабатывающих студентов, пе...","Я работаю в КОММЕРЧЕСКОЙ организации, ее цель – получить прибыль (например, магазин, завод, фермерское хозяйство, АО/...","Промышленность, производство (в т.ч. добывающие, обрабатывающие отрасли, энергетика) Включает в том числе: Завод, ком...",0.8227945640073734
07cfce74b20cedbf,Мужской,33.0,Сибирский федеральный округ,Город с численностью от 100 тысяч до 500 тысяч,Породистая собака,Беспородная кошка,,,,,,,,,,,Ветеринарные клиники,,,,,,,,,,,,Нет,1 – совершенно не удовлетворен,,,,,,,,,,,,,,Несколько раз в неделю,Eжедневно менее четырех часов в день,"Среднее профессиональное (техникум, колледж, ПТУ)",Среднее,"Работаю по договору, контракту в найме (за исключением находящихся в декретном отпуске, подрабатывающих студентов, пе...","Я работаю в КОММЕРЧЕСКОЙ организации, ее цель – получить прибыль (например, магазин, завод, фермерское хозяйство, АО/...","Строительство Включает в том числе: архитектура, проектирование, дизайн интерьера",0.9269824523408801
07cfc4116d0ce2ab,Мужской,31.0,Дальневосточный федеральный округ,Город с численностью от 100 тысяч до 500 тысяч,"Нет, домашних животных нет",,,,,,,,,,,,,,,,,,,,,,,,,,Ничего не беспокоило,,,,,,,,,,,,,Не смотрю,Eжедневно менее четырех часов в день,"Среднее профессиональное (техникум, колледж, ПТУ)",Среднее,"Работаю по договору, контракту в найме (за исключением находящихся в декретном отпуске, подрабатывающих студентов, пе...","Я работаю в КОММЕРЧЕСКОЙ организации, ее цель – получить прибыль (например, магазин, завод, фермерское хозяйство, АО/...","Торговля (оптовая, розничная, онлайн продажи; в т.ч. - недвижимость) Включает в том числе: Магазин, автосалон, аукцио...",0.8418395002118606
07cfc95c4ccce6ec,Мужской,27.0,Дальневосточный федеральный округ,Город с численностью от 100 тысяч до 500 тысяч,Беспородная собака,,,,,,,,,,,,Лапомойки в доме,Специализированные урны для утилизации отходов жизнедеятельности собак,"Магазины, в которых можно находиться с животными",Зоомагазины,Ветеринарные клиники,,,,,,,,"Да, время от времени",3,,,,,,,,,,,,,,Ежедневно менее четырех часов в день,Eжедневно менее четырех часов в день,Среднее общее (10 или 11 классов школы с аттестатом),Очень хорошее,"Работаю по договору, контракту в найме (за исключением находящихся в декретном отпуске, подрабатывающих студентов, пе...","Я работаю в КОММЕРЧЕСКОЙ организации, ее цель – получить прибыль (например, магазин, завод, фермерское хозяйство, АО/...","Сельское, лесное хозяйство, охота, рыболовство и рыбоводство Включает в том числе: Фермерское хозяйство, скотобойни, ...",0.8418395002118606
07d00c76480ce493,Мужской,32.0,Центральный федеральный округ,Город с численностью от 500 тысяч до 950 тысяч,Беспородная собака,,,,,,,,,,,,Зоомагазины,Ветеринарные клиники,,,,,,,,,,,Нет,,,,,,,,,,,,,,,Не смотрю,Провожу в интернете более четырех часов ежедневно,"Среднее профессиональное (техникум, колледж, ПТУ)",Среднее,"Временно не работаю, безработный",,,0.8032621791957527
07cfd4096a8cef33,Мужской,32.0,Центральный федеральный округ,Город с численностью от 500 тысяч до 950 тысяч,Породистая кошка,,,,,,,,,,,,Ветеринарные клиники,Специально огороженные площадки для выгула или занятий домашних животных,,,,,,,,,,,Не бываю с питомцем в общественных местах,,,,,,,,,,,,,,,"Редко, но не менее одного раза в полгода",Провожу в интернете более четырех часов ежедневно,Незаконченное высшее (с 3-го курса вуза) или законченное высшее,Очень плохое,"Работаю по договору, контракту в найме (за исключением находящихся в декретном отпуске, подрабатывающих студентов, пе...","Я работаю в КОММЕРЧЕСКОЙ организации, ее цель – получить прибыль (например, магазин, завод, фермерское хозяйство, АО/...",Другое (укажите),0.7298371449302948
07cfdcbcd9cceba0,Мужской,34.0,Южный федеральный округ,Город с численностью от 500 тысяч до 950 тысяч,Беспородная кошка,Породистая собака,,,,,,,,,,,Ветеринарные клиники,"Кафе, в которых можно находиться с животными",Зоомагазины,,,,,,,,,,Нет,5- полностью удовлетворен,,,,,,,,,,,,,,Ежедневно менее четырех часов в день,Провожу в интернете более четырех часов ежедневно,"Среднее профессиональное (техникум, колледж, ПТУ)",Среднее,(НЕ ЗАЧИТЫВАТЬ) Затрудняюсь ответить,,,0.7907627203522314
07d011d4044ce665,Мужской,34.0,Южный федеральный округ,Город с численностью от 500 тысяч до 950 тысяч,Породистая собака,Беспородная кошка,Декоративные птицы,,,,,,,,,,Ветеринарные клиники,Зоомагазины,,,,,,,,,,,Не бываю с питомцем в общественных местах,5- полностью удовлетворен,,,,,,,,,,,,,,Не смотрю,Eжедневно менее четырех часов в день,"Среднее профессиональное (техникум, колледж, ПТУ)",Среднее,"Работаю по договору, контракту в найме (за исключением находящихся в декретном отпуске, подрабатывающих студентов, пе...","Работаю в правоохранительных органах, вооруженных силах, МЧС","Правоохранительные органы, силовые структуры, МЧС, военная служба Включает в том числе: Полиция, росгвардия, пожарно-...",0.7907627203522314
07d01467644cef5c,Мужской,34.0,Северо-Кавказский федеральный округ,Город с численностью от 500 тысяч до 950 тысяч,"Нет, домашних животных нет",,,,,,,,,,,,,,,,,,,,,,,,,,Ничего не беспокоило,,,,,,,,,,,,,Не смотрю,Eжедневно менее четырех часов в день,"Среднее профессиональное (техникум, колледж, ПТУ)",Среднее,Самозанятый,,"Строительство Включает в том числе: архитектура, проектирование, дизайн интерьера",0.9182490936680077
07cfe1afce8ce6f6,Мужской,31.0,Северо-Кавказский федеральный округ,Город с численностью от 500 тысяч до 950 тысяч,"Нет, домашних животных нет",,,,,,,,,,,,,,,,,,,,,,,,,,Ничего не беспокоило,,,,,,,,,,,,,Несколько раз в неделю,Eжедневно менее четырех часов в день,Незаконченное высшее (с 3-го курса вуза) или законченное высшее,Плохое,"Работаю по договору, контракту в найме (за исключением находящихся в декретном отпуске, подрабатывающих студентов, пе...","Работаю в правоохранительных органах, вооруженных силах, МЧС","Правоохранительные органы, силовые структуры, МЧС, военная служба Включает в том числе: Полиция, росгвардия, пожарно-...",0.7362145812924394
07cfebb771ccef15,Мужской,31.0,Северо-Кавказский федеральный округ,Город с численностью от 500 тысяч до 950 тысяч,Беспородная кошка,,,,,,,,,,,,Зоомагазины,,,,,,,,,,,,Нет,,,,,,,,,,,,,,,Несколько раз в месяц,Провожу в интернете более четырех часов ежедневно,Незаконченное высшее (с 3-го курса вуза) или законченное высшее,Среднее,"Работаю по договору, контракту в найме (за исключением находящихся в декретном отпуске, подрабатывающих студентов, пе...","Работаю в правоохранительных органах, вооруженных силах, МЧС","Правоохранительные органы, силовые структуры, МЧС, военная служба Включает в том числе: Полиция, росгвардия, пожарно-...",0.7362145812924394
07cff278b44ce8a2,Мужской,34.0,Северо-Кавказский федеральный округ,Город с численностью от 500 тысяч до 950 тысяч,Породистая кошка,,,,,,,,,,,,Ничего,,,,,,,,,,,,Затрудняюсь ответить,,,,,,,,,,,,,,,Ежедневно менее четырех часов в день,Eжедневно менее четырех часов в день,Незаконченное высшее (с 3-го курса вуза) или законченное высшее,Хорошее,"Работаю по договору, контракту в найме (за исключением находящихся в декретном отпуске, подрабатывающих студентов, пе...","Я работаю в КОММЕРЧЕСКОЙ организации, ее цель – получить прибыль (например, магазин, завод, фермерское хозяйство, АО/...","Финансовая и страховая деятельность, банковские услуги Включает в том числе: Банк, инвестиционный фонд, финансовая ар...",0.7362145812924394
07cfe46c780ce642,Мужской,33.0,Приволжский федеральный округ,Город с численностью от 500 тысяч до 950 тысяч,"Нет, домашних животных нет",,,,,,,,,,,,,,,,,,,,,,,,,,Ничего не беспокоило,,,,,,,,,,,,,Не смотрю,Eжедневно менее четырех часов в день,"Среднее профессиональное (техникум, колледж, ПТУ)",Хорошее,(НЕ ЗАЧИТЫВАТЬ) Отказ от ответа,,,0.7730031194963085
07cfeb71eb0ce9f9,Мужской,29.0,Приволжский федеральный округ,Город с численностью от 500 тысяч до 950 тысяч,Беспородная кошка,Породистая собака,,,,,,,,,,,Зоомагазины,ГрУминг-салоны (уход за животными),Лапомойки в доме,Ветеринарные клиники,"Магазины, в которых можно находиться с животными",Специализированные урны для утилизации отходов жизнедеятельности собак,"Кафе, в которых можно находиться с животными",,,,,,Нет,3,,,,,,,,,,,,,,Не смотрю,Провожу в интернете более четырех часов ежедневно,"Среднее профессиональное (техникум, колледж, ПТУ)",Хорошее,"Работаю по договору, контракту в найме (за исключением находящихся в декретном отпуске, подрабатывающих студентов, пе...","Я работаю в КОММЕРЧЕСКОЙ организации, ее цель – получить прибыль (например, магазин, завод, фермерское хозяйство, АО/...",Другое (укажите),0.7730031194963085
07cfede7688ce16e,Мужской,31.0,Приволжский федеральный округ,Город с численностью от 500 тысяч до 950 тысяч,Беспородная кошка,,,,,,,,,,,,Ветеринарные клиники,Зоомагазины,,,,,,,,,,,Не бываю с питомцем в общественных местах,,,,,,,,,,,,,,,Ежедневно менее четырех часов в день,Провожу в интернете более четырех часов ежедневно,Основное общее образование: окончил 9 (раньше 8) классов,Среднее,"Работаю по договору, контракту в найме (за исключением находящихся в декретном отпуске, подрабатывающих студентов, пе...","Я работаю в КОММЕРЧЕСКОЙ организации, ее цель – получить прибыль (например, магазин, завод, фермерское хозяйство, АО/...","Сфера услуг, сервиса, бытового обслуживания Включает в том числе: Прачечная/химчистка, ремонт мебели, часов, ювелирны...",0.7730031194963085
07cfddcca04ceb53,Мужской,30.0,Приволжский федеральный округ,Город с численностью от 500 тысяч до 950 тысяч,Породистая собака,,,,,,,,,,,,"Магазины, в которых можно находиться с животными",Зоомагазины,Специально огороженные площадки для выгула или занятий домашних животных,ГрУминг-салоны (уход за животными),Ветеринарные клиники,,,,,,,,Нет,5- полностью удовлетворен,,,,,,,,,,,,,,Смотрю более четырех часов ежедневно,Провожу в интернете более четырех часов ежедневно,Незаконченное высшее (с 3-го курса вуза) или законченное высшее,Хорошее,"Работаю по договору, контракту в найме (за исключением находящихся в декретном отпуске, подрабатывающих студентов, пе...","Я работаю в КОММЕРЧЕСКОЙ организации, ее цель – получить прибыль (например, магазин, завод, фермерское хозяйство, АО/...","Промышленность, производство (в т.ч. добывающие, обрабатывающие отрасли, энергетика) Включает в том числе: Завод, ком...",0.7891205911004774
07cfea6ad44ce6be,Мужской,29.0,Приволжский федеральный округ,Город с численностью от 500 тысяч до 950 тысяч,Породистая собака,Породистая кошка,,,,,,,,,,,ГрУминг-салоны (уход за животными),"Кафе, в которых можно находиться с животными","Магазины, в которых можно находиться с животными",Ветеринарные клиники,Зоомагазины,,,,,,,,Нет,3,,,,,,,,,,,,,,"Редко, но не менее одного раза в полгода",Провожу в интернете более четырех часов ежедневно,Незаконченное высшее (с 3-го курса вуза) или законченное высшее,Хорошее,"Работаю по договору, контракту в найме (за исключением находящихся в декретном отпуске, подрабатывающих студентов, пе...","Я работаю в БЮДЖЕТНОЙ организации, которая безвозмездно оказывает услуги населению (детский сад, общеобразовательная,...","Образование, наука Включает в том числе: ясли, детский сад, школа, ССУЗ, вуз, научно-исследовательские институты, центры",0.7891205911004774
07cfee80a98ce3c6,Мужской,33.0,Приволжский федеральный округ,Город с численностью от 500 тысяч до 950 тысяч,Породистая собака,Беспородная кошка,,,,,,,,,,,Зоомагазины,Ветеринарные клиники,"Магазины, в которых можно находиться с животными",,,,,,,,,,Нет,1 – совершенно не удовлетворен,,,,,,,,,,,,,,"Редко, но не менее одного раза в полгода",Провожу в интернете более четырех часов ежедневно,Незаконченное высшее (с 3-го курса вуза) или законченное высшее,Среднее,"Работаю по договору, контракту в найме (за исключением находящихся в декретном отпуске, подрабатывающих студентов, пе...","Я работаю в КОММЕРЧЕСКОЙ организации, ее цель – получить прибыль (например, магазин, завод, фермерское хозяйство, АО/...","Промышленность, производство (в т.ч. добывающие, обрабатывающие отрасли, энергетика) Включает в том числе: Завод, ком...",0.7891205911004774
07cff1226eccebf0,Мужской,32.0,Приволжский федеральный округ,Город с численностью от 500 тысяч до 950 тысяч,Породистая кошка,,,,,,,,,,,,Ветеринарные клиники,Специализированные урны для утилизации отходов жизнедеятельности собак,"Магазины, в которых можно находиться с животными","Кафе, в которых можно находиться с животными",Специально огороженные площадки для выгула или занятий домашних животных,ГрУминг-салоны (уход за животными),Зоомагазины,Лапомойки в доме,,,,,Нет,,,,,,,,,,,,,,,Несколько раз в неделю,Провожу в интернете более четырех часов ежедневно,Незаконченное высшее (с 3-го курса вуза) или законченное высшее,Хорошее,Самозанятый,,"Строительство Включает в том числе: архитектура, проектирование, дизайн интерьера",0.7891205911004774
07d0091df5cce331,Мужской,33.0,Приволжский федеральный округ,Город с численностью от 500 тысяч до 950 тысяч," Мелкие животные (хомячки, морские свинки, черепашки и т.п.)",,,,,,,,,,,,Стойки с пакетами для уборки за собаками,Ветеринарные клиники,ГрУминг-салоны (уход за животными),Зоомагазины,Специально огороженные площадки для выгула или занятий домашних животных,,,,,,,,Нет,,,,,,,,,,,,,,,Ежедневно менее четырех часов в день,Провожу в интернете более четырех часов ежедневно,Незаконченное высшее (с 3-го курса вуза) или законченное высшее,Хорошее,"Работаю по договору, контракту в найме (за исключением находящихся в декретном отпуске, подрабатывающих студентов, пе...","Я работаю в КОММЕРЧЕСКОЙ организации, ее цель – получить прибыль (например, магазин, завод, фермерское хозяйство, АО/...","Финансовая и страховая деятельность, банковские услуги Включает в том числе: Банк, инвестиционный фонд, финансовая ар...",0.7891205911004774
07cfcf268e8ce722,Мужской,34.0,Уральский федеральный округ,Город с численностью от 500 тысяч до 950 тысяч,Породистая собака,,,,,,,,,,,,Ничего,,,,,,,,,,,,"Да, время от времени",1 – совершенно не удовлетворен,,,,,,,,,,,,,,Не смотрю,Eжедневно менее четырех часов в день,"Два и более высших образования, ученая степень кандидата или доктора наук",Плохое,"Работаю по договору, контракту в найме (за исключением находящихся в декретном отпуске, подрабатывающих студентов, пе...","Я работаю в БЮДЖЕТНОЙ организации, которая безвозмездно оказывает услуги населению (детский сад, общеобразовательная,...","Промышленность, производство (в т.ч. добывающие, обрабатывающие отрасли, энергетика) Включает в том числе: Завод, ком...",0.7176278742220343
07cff171b0cced04,Мужской,33.0,Уральский федеральный округ,Город с численностью от 500 тысяч до 950 тысяч,Беспородная кошка,,,,,,,,,,,,Зоомагазины,,,,,,,,,,,,Нет,,,,,,,,,,,,,,,Несколько раз в неделю,Провожу в интернете более четырех часов ежедневно,"Два и более высших образования, ученая степень кандидата или доктора наук",Среднее,"Работаю по договору, контракту в найме (за исключением находящихся в декретном отпуске, подрабатывающих студентов, пе...","Я работаю в КОММЕРЧЕСКОЙ организации, ее цель – получить прибыль (например, магазин, завод, фермерское хозяйство, АО/...","Финансовая и страховая деятельность, банковские услуги Включает в том числе: Банк, инвестиционный фонд, финансовая ар...",0.7176278742220343
07cfd167db0ce310,Мужской,33.0,Сибирский федеральный округ,Город с численностью от 500 тысяч до 950 тысяч,Породистая кошка,,,,,,,,,,,,Ветеринарные клиники,Специально огороженные площадки для выгула или занятий домашних животных,Специализированные урны для утилизации отходов жизнедеятельности собак,Зоомагазины,"Магазины, в которых можно находиться с животными",,,,,,,,Нет,,,,,,,,,,,,,,,Несколько раз в неделю,Провожу в интернете более четырех часов ежедневно,"Среднее профессиональное (техникум, колледж, ПТУ)",Хорошее,"Работаю по договору, контракту в найме (за исключением находящихся в декретном отпуске, подрабатывающих студентов, пе...","Я работаю в КОММЕРЧЕСКОЙ организации, ее цель – получить прибыль (например, магазин, завод, фермерское хозяйство, АО/...","Промышленность, производство (в т.ч. добывающие, обрабатывающие отрасли, энергетика) Включает в том числе: Завод, ком...",0.8084988353284169
07cfbebfd1cce377,Мужской,33.0,Сибирский федеральный округ,Город с численностью от 500 тысяч до 950 тысяч,"Нет, домашних животных нет",,,,,,,,,,,,,,,,,,,,,,,,,,Отсутствие уборки за собаками во дворе,,,,,,,,,,,,,Не смотрю,Провожу в интернете более четырех часов ежедневно,Незаконченное высшее (с 3-го курса вуза) или законченное высшее,Среднее,"Работаю по договору, контракту в найме (за исключением находящихся в декретном отпуске, подрабатывающих студентов, пе...","Я работаю в КОММЕРЧЕСКОЙ организации, ее цель – получить прибыль (например, магазин, завод, фермерское хозяйство, АО/...","Транспортировка и хранение (складское хозяйство) Включает в том числе: Перевозка грузов, ж/д, авиа, водный, космическ...",0.7856482306116842
07cfd2bb17cce525,Мужской,25.0,Сибирский федеральный округ,Город с численностью от 500 тысяч до 950 тысяч,Беспородная кошка,,,,,,,,,,,,Затрудняюсь ответить,,,,,,,,,,,,Не бываю с питомцем в общественных местах,,,,,,,,,,,,,,,Не смотрю,Провожу в интернете более четырех часов ежедневно,"Два и более высших образования, ученая степень кандидата или доктора наук",Очень плохое,"Временно не работаю, безработный",,,0.7856482306116842
07cfe3350e4ce565,Мужской,28.0,Сибирский федеральный округ,Город с численностью от 500 тысяч до 950 тысяч,Беспородная кошка,,,,,,,,,,,,Зоомагазины,Ветеринарные клиники,,,,,,,,,,,Не бываю с питомцем в общественных местах,,,,,,,,,,,,,,,Не смотрю,Провожу в интернете более четырех часов ежедневно,Незаконченное высшее (с 3-го курса вуза) или законченное высшее,Среднее,Самозанятый,,"Транспортировка и хранение (складское хозяйство) Включает в том числе: Перевозка грузов, ж/д, авиа, водный, космическ...",0.7856482306116842
07d017718accefaa,Мужской,32.0,Центральный федеральный округ,Город с численностью жителей миллион и более человек,Затрудняюсь ответить,,,,,,,,,,,,,,,,,,,,,,,,,,Затрудняюсь ответить,,,,,,,,,,,,,Не смотрю,Не пользуюсь,(НЕ ЗАЧИТЫВАТЬ) Отказ от ответа,Затрудняюсь ответить,(НЕ ЗАЧИТЫВАТЬ) Отказ от ответа,,,1.0998919413975692
07d02c85c38cebaf,Мужской,29.0,Центральный федеральный округ,Город с численностью жителей миллион и более человек,Беспородная кошка,,,,,,,,,,,,Ветеринарные клиники,ГрУминг-салоны (уход за животными),Зоомагазины,Специально огороженные площадки для выгула или занятий домашних животных,,,,,,,,,Нет,,,,,,,,,,,,,,,Не смотрю,Eжедневно менее четырех часов в день,"Среднее профессиональное (техникум, колледж, ПТУ)",Среднее,Самозанятый,,"Сфера услуг, сервиса, бытового обслуживания Включает в том числе: Прачечная/химчистка, ремонт мебели, часов, ювелирны...",1.0998919413975692
07cfe4812cccece2,Мужской,34.0,Центральный федеральный округ,Город с численностью жителей миллион и более человек,"Нет, домашних животных нет",,,,,,,,,,,,,,,,,,,,,,,,,,Выгул агрессивных собак без намордника,Самовыгул собак (без поводка),,,,,,,,,,,,Не смотрю,Провожу в интернете более четырех часов ежедневно,Незаконченное высшее (с 3-го курса вуза) или законченное высшее,Среднее,"Работаю по договору, контракту в найме (за исключением находящихся в декретном отпуске, подрабатывающих студентов, пе...","Я работаю в КОММЕРЧЕСКОЙ организации, ее цель – получить прибыль (например, магазин, завод, фермерское хозяйство, АО/...","Сфера отдыха и развлечений, туризм Включает в том числе: Парки, активный отдых, прокат (лодок, снаряжения), ярмарки, ...",1.0793518094720937
07cff23c1b8cea5c,Мужской,33.0,Центральный федеральный округ,Город с численностью жителей миллион и более человек,"Нет, домашних животных нет",,,,,,,,,,,,,,,,,,,,,,,,,,Ничего не беспокоило,,,,,,,,,,,,,Не смотрю,Провожу в интернете более четырех часов ежедневно,Незаконченное высшее (с 3-го курса вуза) или законченное высшее,Хорошее,"Работаю по договору, контракту в найме (за исключением находящихся в декретном отпуске, подрабатывающих студентов, пе...","Я работаю в КОММЕРЧЕСКОЙ организации, ее цель – получить прибыль (например, магазин, завод, фермерское хозяйство, АО/...","Информационные технологии, связь, интернет Включает в том числе: Программирование /создание программного обеспечения,...",1.0793518094720937
07cff296698ceed5,Мужской,33.0,Центральный федеральный округ,Город с численностью жителей миллион и более человек,Беспородная собака,Породистая кошка,,,,,,,,,,,"Магазины, в которых можно находиться с животными",Специально огороженные площадки для выгула или занятий домашних животных,Зоомагазины,ГрУминг-салоны (уход за животными),Специализированные урны для утилизации отходов жизнедеятельности собак,"Кафе, в которых можно находиться с животными",Лапомойки в доме,Ветеринарные клиники,,,,,Нет,5- полностью удовлетворен,,,,,,,,,,,,,,Не смотрю,Eжедневно менее четырех часов в день,Незаконченное высшее (с 3-го курса вуза) или законченное высшее,Среднее,"Предприниматель, собственник бизнеса",,"Сфера услуг, сервиса, бытового обслуживания Включает в том числе: Прачечная/химчистка, ремонт мебели, часов, ювелирны...",1.0793518094720937
07cff99eb7cce4e2,Мужской,27.0,Центральный федеральный округ,Город с численностью жителей миллион и более человек,"Нет, домашних животных нет",,,,,,,,,,,,,,,,,,,,,,,,,,Отсутствие уборки за собаками во дворе,,,,,,,,,,,,,"Редко, но не менее одного раза в полгода",Провожу в интернете более четырех часов ежедневно,"Два и более высших образования, ученая степень кандидата или доктора наук",Хорошее,"Работаю по договору, контракту в найме (за исключением находящихся в декретном отпуске, подрабатывающих студентов, пе...","Я работаю в КОММЕРЧЕСКОЙ организации, ее цель – получить прибыль (например, магазин, завод, фермерское хозяйство, АО/...","Общественное питание, ресторанный и гостиничный бизнес Включает в том числе: Кафе, ресторан, доставка продуктов питан...",1.0793518094720937
07cffd0b5c0ce570,Мужской,25.0,Центральный федеральный округ,Город с численностью жителей миллион и более человек," Мелкие животные (хомячки, морские свинки, черепашки и т.п.)",Беспородная кошка,,,,,,,,,,,Специально огороженные площадки для выгула или занятий домашних животных,Специализированные урны для утилизации отходов жизнедеятельности собак,ГрУминг-салоны (уход за животными),Зоомагазины,Стойки с пакетами для уборки за собаками,Ветеринарные клиники,,,,,,,Нет,,,,,,,,,,,,,,,Несколько раз в месяц,Провожу в интернете более четырех часов ежедневно,Незаконченное высшее (с 3-го курса вуза) или законченное высшее,Плохое,"Работающий учащийся, студент","Я работаю в КОММЕРЧЕСКОЙ организации, ее цель – получить прибыль (например, магазин, завод, фермерское хозяйство, АО/...","Строительство Включает в том числе: архитектура, проектирование, дизайн интерьера",1.0793518094720937
07d00a2b884ce858,Мужской,25.0,Центральный федеральный округ,Город с численностью жителей миллион и более человек,Породистая кошка,Породистая собака,,,,,,,,,,,Зоомагазины,ГрУминг-салоны (уход за животными),"Магазины, в которых можно находиться с животными",Ветеринарные клиники,"Кафе, в которых можно находиться с животными",Специально огороженные площадки для выгула или занятий домашних животных,,,,,,,"Да, время от времени",3,,,,,,,,,,,,,,Несколько раз в месяц,Провожу в интернете более четырех часов ежедневно,"Два и более высших образования, ученая степень кандидата или доктора наук",Среднее,Самозанятый,,"Образование, наука Включает в том числе: ясли, детский сад, школа, ССУЗ, вуз, научно-исследовательские институты, центры",1.0793518094720937
07d00b3a340ceb4f,Мужской,25.0,Центральный федеральный округ,Город с численностью жителей миллион и более человек,Беспородная кошка,,,,,,,,,,,,Ничего,,,,,,,,,,,,Нет,,,,,,,,,,,,,,,Несколько раз в месяц,Провожу в интернете более четырех часов ежедневно,"Среднее профессиональное (техникум, колледж, ПТУ)",Среднее,"Работающий учащийся, студент","Я работаю в КОММЕРЧЕСКОЙ организации, ее цель – получить прибыль (например, магазин, завод, фермерское хозяйство, АО/...","Образование, наука Включает в том числе: ясли, детский сад, школа, ССУЗ, вуз, научно-исследовательские институты, центры",0.9649212849974828
07cfecabfbcce1d2,Мужской,25.0,Центральный федеральный округ,Город с численностью жителей миллион и более человек,Породистая собака,,,,,,,,,,,,Ветеринарные клиники,Зоомагазины,Специально огороженные площадки для выгула или занятий домашних животных,"Магазины, в которых можно находиться с животными",,,,,,,,,"Да, время от времени",3,,,,,,,,,,,,,,Несколько раз в неделю,Eжедневно менее четырех часов в день,Незаконченное высшее (с 3-го курса вуза) или законченное высшее,Среднее,"Работаю по договору, контракту в найме (за исключением находящихся в декретном отпуске, подрабатывающих студентов, пе...","Работаю в правоохранительных органах, вооруженных силах, МЧС","Правоохранительные органы, силовые структуры, МЧС, военная служба Включает в том числе: Полиция, росгвардия, пожарно-...",0.8767192256333212
07cfefa28fcce0e1,Мужской,31.0,Центральный федеральный округ,Город с численностью жителей миллион и более человек,Породистая кошка,,,,,,,,,,,,"Магазины, в которых можно находиться с животными",ГрУминг-салоны (уход за животными),Зоомагазины,Ветеринарные клиники,,,,,,,,,Не бываю с питомцем в общественных местах,,,,,,,,,,,,,,,Не смотрю,Провожу в интернете более четырех часов ежедневно,Незаконченное высшее (с 3-го курса вуза) или законченное высшее,Хорошее,Самозанятый,,"Средства массовой информации (в т.ч. журналистика, блогерство, реклама, СММ)  Включает в том числе: Издательство печа...",0.8767192256333212
07cfeec1eb8ce2a8,Мужской,29.0,Центральный федеральный округ,Город с численностью жителей миллион и более человек,"Нет, домашних животных нет",,,,,,,,,,,,,,,,,,,,,,,,,,Выгул агрессивных собак без намордника,"Отсутствие уборки за собаками в доме (в лифте, в подъезде)",Выгул в неположенных местах,Агрессивное поведение собак по отношению к другим животным,Громкий лай в позднее или раннее время,"Укусы, нападения собак на людей",Выгул собак на длинном поводке,Отсутствие уборки за собаками во дворе,Самовыгул собак (без поводка),,,,,"Редко, но не менее одного раза в полгода",Eжедневно менее четырех часов в день,"Два и более высших образования, ученая степень кандидата или доктора наук",Среднее,"Работаю по договору, контракту в найме (за исключением находящихся в декретном отпуске, подрабатывающих студентов, пе...","Я работаю в КОММЕРЧЕСКОЙ организации, ее цель – получить прибыль (например, магазин, завод, фермерское хозяйство, АО/...","Торговля (оптовая, розничная, онлайн продажи; в т.ч. - недвижимость) Включает в том числе: Магазин, автосалон, аукцио...",0.8767192256333212
07d0213c464ce314,Мужской,33.0,Центральный федеральный округ,Город с численностью жителей миллион и более человек,"Нет, домашних животных нет",,,,,,,,,,,,,,,,,,,,,,,,,,Громкий лай в позднее или раннее время,,,,,,,,,,,,,Ежедневно менее четырех часов в день,Eжедневно менее четырех часов в день,Незаконченное высшее (с 3-го курса вуза) или законченное высшее,Хорошее,"Предприниматель, собственник бизнеса",,"Промышленность, производство (в т.ч. добывающие, обрабатывающие отрасли, энергетика) Включает в том числе: Завод, ком...",0.8767192256333212
07d0261a2e4ce3ce,Мужской,34.0,Центральный федеральный округ,Город с численностью жителей миллион и более человек,"Нет, домашних животных нет",,,,,,,,,,,,,,,,,,,,,,,,,,Громкий лай в позднее или раннее время,Самовыгул собак (без поводка),Отсутствие уборки за собаками во дворе,"Укусы, нападения собак на людей",Выгул агрессивных собак без намордника,Выгул собак на длинном поводке,Выгул в неположенных местах,,,,,,,Несколько раз в неделю,Провожу в интернете более четырех часов ежедневно,"Два и более высших образования, ученая степень кандидата или доктора наук",Плохое,"Работаю по договору, контракту в найме (за исключением находящихся в декретном отпуске, подрабатывающих студентов, пе...","Я работаю в КОММЕРЧЕСКОЙ организации, ее цель – получить прибыль (например, магазин, завод, фермерское хозяйство, АО/...","Информационные технологии, связь, интернет Включает в том числе: Программирование /создание программного обеспечения,...",0.8767192256333212
07d00df327cceaa0,Мужской,34.0,Северо-Западный федеральный округ,Город с численностью жителей миллион и более человек,Породистая кошка,,,,,,,,,,,,Зоомагазины,Ветеринарные клиники,,,,,,,,,,,Не бываю с питомцем в общественных местах,,,,,,,,,,,,,,,Не смотрю,Провожу в интернете более четырех часов ежедневно,Среднее общее (10 или 11 классов школы с аттестатом),Среднее,"Работаю по договору, контракту в найме (за исключением находящихся в декретном отпуске, подрабатывающих студентов, пе...","Я работаю в КОММЕРЧЕСКОЙ организации, ее цель – получить прибыль (например, магазин, завод, фермерское хозяйство, АО/...","Информационные технологии, связь, интернет Включает в том числе: Программирование /создание программного обеспечения,...",0.9035825277238732
07d0148e60cce6c1,Мужской,28.0,Северо-Западный федеральный округ,Город с численностью жителей миллион и более человек,Беспородная кошка,,,,,,,,,,,,Лапомойки в доме,Зоомагазины,"Магазины, в которых можно находиться с животными",Специализированные урны для утилизации отходов жизнедеятельности собак,ГрУминг-салоны (уход за животными),"Кафе, в которых можно находиться с животными",Специально огороженные площадки для выгула или занятий домашних животных,Стойки с пакетами для уборки за собаками,Ветеринарные клиники,,,,Не бываю с питомцем в общественных местах,,,,,,,,,,,,,,,Не смотрю,Eжедневно менее четырех часов в день,"Среднее профессиональное (техникум, колледж, ПТУ)",Среднее,"Работаю по договору, контракту в найме (за исключением находящихся в декретном отпуске, подрабатывающих студентов, пе...","Я работаю в КОММЕРЧЕСКОЙ организации, ее цель – получить прибыль (например, магазин, завод, фермерское хозяйство, АО/...","Жилищно-коммунальное хозяйство Включает в том числе: водоканал, горгаз, вывоз мусора, котельная,  сортировка и перера...",0.9035825277238732
07cff3eefd8ce9a5,Мужской,29.0,Северо-Западный федеральный округ,Город с численностью жителей миллион и более человек,Породистая собака,,,,,,,,,,,,Зоомагазины,Ветеринарные клиники,ГрУминг-салоны (уход за животными),"Кафе, в которых можно находиться с животными",,,,,,,,,Нет,3,,,,,,,,,,,,,,Не смотрю,Провожу в интернете более четырех часов ежедневно,Незаконченное высшее (с 3-го курса вуза) или законченное высшее,Хорошее,"Работаю по договору, контракту в найме (за исключением находящихся в декретном отпуске, подрабатывающих студентов, пе...","Я работаю в КОММЕРЧЕСКОЙ организации, ее цель – получить прибыль (например, магазин, завод, фермерское хозяйство, АО/...","Информационные технологии, связь, интернет Включает в том числе: Программирование /создание программного обеспечения,...",0.8867084116162305
07d0011f16cce487,Мужской,28.0,Северо-Западный федеральный округ,Город с численностью жителей миллион и более человек,Породистая собака,,,,,,,,,,,,"Кафе, в которых можно находиться с животными","Магазины, в которых можно находиться с животными",Ветеринарные клиники,ГрУминг-салоны (уход за животными),Зоомагазины,,,,,,,,"Да, время от времени",3,,,,,,,,,,,,,,Не смотрю,Провожу в интернете более четырех часов ежедневно,Незаконченное высшее (с 3-го курса вуза) или законченное высшее,Хорошее,"Работаю по договору, контракту в найме (за исключением находящихся в декретном отпуске, подрабатывающих студентов, пе...","Я работаю в КОММЕРЧЕСКОЙ организации, ее цель – получить прибыль (например, магазин, завод, фермерское хозяйство, АО/...","Промышленность, производство (в т.ч. добывающие, обрабатывающие отрасли, энергетика) Включает в том числе: Завод, ком...",0.8867084116162305
07d005fda98ce85c,Мужской,30.0,Северо-Западный федеральный округ,Город с численностью жителей миллион и более человек,Породистая собака,Породистая кошка,,,,,,,,,,,Ветеринарные клиники,Зоомагазины,,,,,,,,,,,"Да, время от времени",1 – совершенно не удовлетворен,,,,,,,,,,,,,,Не смотрю,Провожу в интернете более четырех часов ежедневно,"Два и более высших образования, ученая степень кандидата или доктора наук",Среднее,"Работаю по договору, контракту в найме (за исключением находящихся в декретном отпуске, подрабатывающих студентов, пе...","Работаю в органах власти, управления, судебных органах","Государственное и муниципальное управление, в т.ч. - судебные органы Включает в том числе: Госслужба, администрации/п...",0.8867084116162305
07d00b47788ced8e,Мужской,29.0,Северо-Западный федеральный округ,Город с численностью жителей миллион и более человек,"Нет, домашних животных нет",,,,,,,,,,,,,,,,,,,,,,,,,,Отсутствие уборки за собаками во дворе,Выгул в неположенных местах,"Укусы, нападения собак на людей",,,,,,,,,,,Не смотрю,Провожу в интернете более четырех часов ежедневно,Незаконченное высшее (с 3-го курса вуза) или законченное высшее,Среднее,"Работаю по договору, контракту в найме (за исключением находящихся в декретном отпуске, подрабатывающих студентов, пе...","Я работаю в КОММЕРЧЕСКОЙ организации, ее цель – получить прибыль (например, магазин, завод, фермерское хозяйство, АО/...","Строительство Включает в том числе: архитектура, проектирование, дизайн интерьера",0.8867084116162305
07d018fd4f8ce8b3,Мужской,28.0,Северо-Западный федеральный округ,Город с численностью жителей миллион и более человек,"Экзотические животные (змеи, ящерицы, обезьяны, крокодилы и пр.)",Беспородная кошка,,,,,,,,,,,ГрУминг-салоны (уход за животными),Специально огороженные площадки для выгула или занятий домашних животных,Ветеринарные клиники,Зоомагазины,"Магазины, в которых можно находиться с животными",Лапомойки в доме,Специализированные урны для утилизации отходов жизнедеятельности собак,"Кафе, в которых можно находиться с животными",,,,,Нет,,,,,,,,,,,,,,,Не смотрю,Провожу в интернете более четырех часов ежедневно,Незаконченное высшее (с 3-го курса вуза) или законченное высшее,Среднее,"Нахожусь в декретном отпуске, отпуске по уходу за ребенком",,,0.8867084116162305
07d02216fdcce1dc,Мужской,33.0,Северо-Западный федеральный округ,Город с численностью жителей миллион и более человек,Породистая кошка,,,,,,,,,,,,"Магазины, в которых можно находиться с животными",Стойки с пакетами для уборки за собаками,Ветеринарные клиники,Зоомагазины,ГрУминг-салоны (уход за животными),,,,,,,,Нет,,,,,,,,,,,,,,,Не смотрю,Провожу в интернете более четырех часов ежедневно,Незаконченное высшее (с 3-го курса вуза) или законченное высшее,Среднее,"Работаю по договору, контракту в найме (за исключением находящихся в декретном отпуске, подрабатывающих студентов, пе...","Я работаю в КОММЕРЧЕСКОЙ организации, ее цель – получить прибыль (например, магазин, завод, фермерское хозяйство, АО/...","Строительство Включает в том числе: архитектура, проектирование, дизайн интерьера",0.8867084116162305
07d00e5a9bccecad,Мужской,29.0,Южный федеральный округ,Город с численностью жителей миллион и более человек,Породистая кошка,,,,,,,,,,,,Ветеринарные клиники,Зоомагазины,,,,,,,,,,,Нет,,,,,,,,,,,,,,,Не смотрю,Провожу в интернете более четырех часов ежедневно,"Среднее профессиональное (техникум, колледж, ПТУ)",Среднее,"Временно не работаю, безработный",,,0.9499062697242131
07d01416588ce26a,Мужской,33.0,Южный федеральный округ,Город с численностью жителей миллион и более человек,Беспородная кошка,Породистая собака,,,,,,,,,,,Ветеринарные клиники,Зоомагазины,,,,,,,,,,,Нет,3,,,,,,,,,,,,,,Смотрю более четырех часов ежедневно,Провожу в интернете более четырех часов ежедневно,"Среднее профессиональное (техникум, колледж, ПТУ)",Среднее,(НЕ ЗАЧИТЫВАТЬ) Затрудняюсь ответить,,,0.9499062697242131
07cff257600ce017,Мужской,26.0,Южный федеральный округ,Город с численностью жителей миллион и более человек,"Нет, домашних животных нет",,,,,,,,,,,,,,,,,,,,,,,,,,Выгул собак на длинном поводке,Отсутствие уборки за собаками во дворе,,,,,,,,,,,,Несколько раз в месяц,Провожу в интернете более четырех часов ежедневно,Незаконченное высшее (с 3-го курса вуза) или законченное высшее,Среднее,"Работаю по договору, контракту в найме (за исключением находящихся в декретном отпуске, подрабатывающих студентов, пе...","Я работаю в КОММЕРЧЕСКОЙ организации, ее цель – получить прибыль (например, магазин, завод, фермерское хозяйство, АО/...","Информационные технологии, связь, интернет Включает в том числе: Программирование /создание программного обеспечения,...",0.9130309093160449
07cff31c88ccee94,Мужской,33.0,Приволжский федеральный округ,Город с численностью жителей миллион и более человек,"Нет, домашних животных нет",,,,,,,,,,,,,,,,,,,,,,,,,,Ничего не беспокоило,,,,,,,,,,,,,Не смотрю,Провожу в интернете более четырех часов ежедневно,"Среднее профессиональное (техникум, колледж, ПТУ)",Среднее,"Предприниматель, собственник бизнеса",,"Общественное питание, ресторанный и гостиничный бизнес Включает в том числе: Кафе, ресторан, доставка продуктов питан...",0.9285724918833388
07cff30e508cea9c,Мужской,26.0,Приволжский федеральный округ,Город с численностью жителей миллион и более человек,"Нет, домашних животных нет",,,,,,,,,,,,,,,,,,,,,,,,,,Отсутствие уборки за собаками во дворе,"Отсутствие уборки за собаками в доме (в лифте, в подъезде)",,,,,,,,,,,,Несколько раз в месяц,Провожу в интернете более четырех часов ежедневно,"Среднее профессиональное (техникум, колледж, ПТУ)",Хорошее,"Работаю по договору, контракту в найме (за исключением находящихся в декретном отпуске, подрабатывающих студентов, пе...","Я работаю в КОММЕРЧЕСКОЙ организации, ее цель – получить прибыль (например, магазин, завод, фермерское хозяйство, АО/...",Отказ от ответа,0.9285724918833388
07cffc7cef8ce637,Мужской,32.0,Приволжский федеральный округ,Город с численностью жителей миллион и более человек,"Нет, домашних животных нет",,,,,,,,,,,,,,,,,,,,,,,,,,Отсутствие уборки за собаками во дворе,Самовыгул собак (без поводка),,,,,,,,,,,,Не смотрю,Eжедневно менее четырех часов в день,"Среднее профессиональное (техникум, колледж, ПТУ)",Хорошее,Самозанятый,,"Транспортировка и хранение (складское хозяйство) Включает в том числе: Перевозка грузов, ж/д, авиа, водный, космическ...",0.9285724918833388
07d000db204ce558,Мужской,25.0,Приволжский федеральный округ,Город с численностью жителей миллион и более человек,"Нет, домашних животных нет",,,,,,,,,,,,,,,,,,,,,,,,,,Ничего не беспокоило,,,,,,,,,,,,,Не смотрю,Провожу в интернете более четырех часов ежедневно,"Среднее профессиональное (техникум, колледж, ПТУ)",Среднее,"Работаю по договору, контракту в найме (за исключением находящихся в декретном отпуске, подрабатывающих студентов, пе...","Я работаю в КОММЕРЧЕСКОЙ организации, ее цель – получить прибыль (например, магазин, завод, фермерское хозяйство, АО/...","Промышленность, производство (в т.ч. добывающие, обрабатывающие отрасли, энергетика) Включает в том числе: Завод, ком...",0.9285724918833388
07cfd996fd4ce8d9,Мужской,33.0,Приволжский федеральный округ,Город с численностью жителей миллион и более человек,Беспородная кошка,,,,,,,,,,,,Зоомагазины,"Магазины, в которых можно находиться с животными",,,,,,,,,,,Не бываю с питомцем в общественных местах,,,,,,,,,,,,,,,"Редко, но не менее одного раза в полгода",Провожу в интернете более четырех часов ежедневно,Незаконченное высшее (с 3-го курса вуза) или законченное высшее,Плохое,"Работаю по договору, контракту в найме (за исключением находящихся в декретном отпуске, подрабатывающих студентов, пе...",Затрудняюсь ответить/ отказ от ответа,"Промышленность, производство (в т.ч. добывающие, обрабатывающие отрасли, энергетика) Включает в том числе: Завод, ком...",0.9479336566611649
07cfeac77dcced7b,Мужской,33.0,Приволжский федеральный округ,Город с численностью жителей миллион и более человек,Породистая кошка,Декоративные птицы,,,,,,,,,,,Ветеринарные клиники,,,,,,,,,,,,Нет,,,,,,,,,,,,,,,Не смотрю,Eжедневно менее четырех часов в день,Незаконченное высшее (с 3-го курса вуза) или законченное высшее,Среднее,"Работаю по договору, контракту в найме (за исключением находящихся в декретном отпуске, подрабатывающих студентов, пе...","Я работаю в КОММЕРЧЕСКОЙ организации, ее цель – получить прибыль (например, магазин, завод, фермерское хозяйство, АО/...","Здравоохранение Включает в том числе: поликлиники, медицинские центры, больницы, стационары,  «Скорая помощь», санатории",0.9479336566611649
07cff440caccebad,Мужской,30.0,Приволжский федеральный округ,Город с численностью жителей миллион и более человек,Беспородная кошка,,,,,,,,,,,,Зоомагазины,"Магазины, в которых можно находиться с животными",Ветеринарные клиники,,,,,,,,,,Нет,,,,,,,,,,,,,,,"Редко, но не менее одного раза в полгода",Несколько раз в неделю,Незаконченное высшее (с 3-го курса вуза) или законченное высшее,Очень плохое,"Работаю по договору, контракту в найме (за исключением находящихся в декретном отпуске, подрабатывающих студентов, пе...","Я работаю в КОММЕРЧЕСКОЙ организации, ее цель – получить прибыль (например, магазин, завод, фермерское хозяйство, АО/...","Промышленность, производство (в т.ч. добывающие, обрабатывающие отрасли, энергетика) Включает в том числе: Завод, ком...",0.9479336566611649
07cffdd2668ce0a1,Мужской,30.0,Приволжский федеральный округ,Город с численностью жителей миллион и более человек,Беспородная кошка,,,,,,,,,,,,Ветеринарные клиники,"Магазины, в которых можно находиться с животными",ГрУминг-салоны (уход за животными),Стойки с пакетами для уборки за собаками,,,,,,,,,Нет,,,,,,,,,,,,,,,"Редко, но не менее одного раза в полгода",Провожу в интернете более четырех часов ежедневно,Незаконченное высшее (с 3-го курса вуза) или законченное высшее,Среднее,"Работаю по договору, контракту в найме (за исключением находящихся в декретном отпуске, подрабатывающих студентов, пе...","Я работаю в КОММЕРЧЕСКОЙ организации, ее цель – получить прибыль (например, магазин, завод, фермерское хозяйство, АО/...","Торговля (оптовая, розничная, онлайн продажи; в т.ч. - недвижимость) Включает в том числе: Магазин, автосалон, аукцио...",0.9479336566611649
07d00b0b3acce343,Мужской,31.0,Приволжский федеральный округ,Город с численностью жителей миллион и более человек,"Нет, домашних животных нет",,,,,,,,,,,,,,,,,,,,,,,,,,Отсутствие уборки за собаками во дворе,,,,,,,,,,,,,"Редко, но не менее одного раза в полгода",Провожу в интернете более четырех часов ежедневно,Незаконченное высшее (с 3-го курса вуза) или законченное высшее,Хорошее,Самозанятый,,"Образование, наука Включает в том числе: ясли, детский сад, школа, ССУЗ, вуз, научно-исследовательские институты, центры",0.9479336566611649
07d0197c48cce9c2,Мужской,27.0,Приволжский федеральный округ,Город с численностью жителей миллион и более человек,Беспородная кошка,Беспородная собака,,,,,,,,,,,Ветеринарные клиники,Зоомагазины,,,,,,,,,,,"Да, время от времени",1 – совершенно не удовлетворен,,,,,,,,,,,,,,Несколько раз в неделю,Eжедневно менее четырех часов в день,"Два и более высших образования, ученая степень кандидата или доктора наук",Хорошее,Самозанятый,,"Финансовая и страховая деятельность, банковские услуги Включает в том числе: Банк, инвестиционный фонд, финансовая ар...",0.9479336566611649
07cfd986708ce286,Мужской,33.0,Уральский федеральный округ,Город с численностью жителей миллион и более человек,Породистая кошка,,,,,,,,,,,,Специально огороженные площадки для выгула или занятий домашних животных,Ветеринарные клиники,,,,,,,,,,,Не бываю с питомцем в общественных местах,,,,,,,,,,,,,,,Ежедневно менее четырех часов в день,Провожу в интернете более четырех часов ежедневно,"Среднее профессиональное (техникум, колледж, ПТУ)",Хорошее,"Работаю по договору, контракту в найме (за исключением находящихся в декретном отпуске, подрабатывающих студентов, пе...","Я работаю в КОММЕРЧЕСКОЙ организации, ее цель – получить прибыль (например, магазин, завод, фермерское хозяйство, АО/...","Строительство Включает в том числе: архитектура, проектирование, дизайн интерьера",0.973829991865428
07cfbe13d28ce25a,Мужской,25.0,Уральский федеральный округ,Город с численностью жителей миллион и более человек,Породистая кошка,,,,,,,,,,,,Ничего,,,,,,,,,,,,Нет,,,,,,,,,,,,,,,Не смотрю,Провожу в интернете более четырех часов ежедневно,Незаконченное высшее (с 3-го курса вуза) или законченное высшее,Среднее,"Работаю по договору, контракту в найме (за исключением находящихся в декретном отпуске, подрабатывающих студентов, пе...","Я работаю в КОММЕРЧЕСКОЙ организации, ее цель – получить прибыль (например, магазин, завод, фермерское хозяйство, АО/...","Строительство Включает в том числе: архитектура, проектирование, дизайн интерьера",0.8620527997940114
07cfc005f2cceafd,Мужской,30.0,Уральский федеральный округ,Город с численностью жителей миллион и более человек,Беспородная кошка,,,,,,,,,,,,Ничего,,,,,,,,,,,,Нет,,,,,,,,,,,,,,,Несколько раз в неделю,Провожу в интернете более четырех часов ежедневно,Незаконченное высшее (с 3-го курса вуза) или законченное высшее,Хорошее,"Работаю по договору, контракту в найме (за исключением находящихся в декретном отпуске, подрабатывающих студентов, пе...","Я работаю в КОММЕРЧЕСКОЙ организации, ее цель – получить прибыль (например, магазин, завод, фермерское хозяйство, АО/...","Торговля (оптовая, розничная, онлайн продажи; в т.ч. - недвижимость) Включает в том числе: Магазин, автосалон, аукцио...",0.8620527997940114
07cfd0dde70ce867,Мужской,27.0,Уральский федеральный округ,Город с численностью жителей миллион и более человек,Породистая кошка,,,,,,,,,,,,Ничего,,,,,,,,,,,,Нет,,,,,,,,,,,,,,,Ежедневно менее четырех часов в день,Eжедневно менее четырех часов в день,Незаконченное высшее (с 3-го курса вуза) или законченное высшее,Плохое,"Работаю по договору, контракту в найме (за исключением находящихся в декретном отпуске, подрабатывающих студентов, пе...","Работаю в правоохранительных органах, вооруженных силах, МЧС","Правоохранительные органы, силовые структуры, МЧС, военная служба Включает в том числе: Полиция, росгвардия, пожарно-...",0.8620527997940114
07cfe33de1cce8b7,Мужской,34.0,Уральский федеральный округ,Город с численностью жителей миллион и более человек,Беспородная собака,Породистая кошка,Беспородная кошка,"Домашний скот (куры, коровы, козы и т.п.) (из другого)",,,,,,,,,Ничего,,,,,,,,,,,,Не бываю с питомцем в общественных местах,Затрудняюсь ответить,,,,,,,,,,,,,,Ежедневно менее четырех часов в день,Eжедневно менее четырех часов в день,Незаконченное высшее (с 3-го курса вуза) или законченное высшее,Среднее,Самозанятый,,"Сфера услуг, сервиса, бытового обслуживания Включает в том числе: Прачечная/химчистка, ремонт мебели, часов, ювелирны...",0.8620527997940114
07cfd5df2e0ce9ce,Мужской,32.0,Сибирский федеральный округ,Город с численностью жителей миллион и более человек,Беспородная собака,Беспородная кошка,,,,,,,,,,,Зоомагазины,Специально огороженные площадки для выгула или занятий домашних животных,Стойки с пакетами для уборки за собаками,Ветеринарные клиники,,,,,,,,,Нет,5- полностью удовлетворен,,,,,,,,,,,,,,Несколько раз в неделю,Несколько раз в неделю,Основное общее образование: окончил 9 (раньше 8) классов,Среднее,"Работаю по договору, контракту в найме (за исключением находящихся в декретном отпуске, подрабатывающих студентов, пе...","Я работаю в КОММЕРЧЕСКОЙ организации, ее цель – получить прибыль (например, магазин, завод, фермерское хозяйство, АО/...","Торговля (оптовая, розничная, онлайн продажи; в т.ч. - недвижимость) Включает в том числе: Магазин, автосалон, аукцио...",0.9712118350762624
07cfe248838ce169,Мужской,32.0,Сибирский федеральный округ,Город с численностью жителей миллион и более человек,Породистая собака,Аквариумные рыбки,,,,,,,,,,,Зоомагазины,"Магазины, в которых можно находиться с животными",Ветеринарные клиники,,,,,,,,,,Нет,1 – совершенно не удовлетворен,,,,,,,,,,,,,,Несколько раз в месяц,Провожу в интернете более четырех часов ежедневно,"Среднее профессиональное (техникум, колледж, ПТУ)",Плохое,"Работаю по договору, контракту в найме (за исключением находящихся в декретном отпуске, подрабатывающих студентов, пе...","Я работаю в КОММЕРЧЕСКОЙ организации, ее цель – получить прибыль (например, магазин, завод, фермерское хозяйство, АО/...","Промышленность, производство (в т.ч. добывающие, обрабатывающие отрасли, энергетика) Включает в том числе: Завод, ком...",0.9712118350762624
07cfdd3aa20ce1e3,Мужской,26.0,Сибирский федеральный округ,Город с численностью жителей миллион и более человек,Декоративные птицы,Породистая кошка,,,,,,,,,,,Специально огороженные площадки для выгула или занятий домашних животных,Зоомагазины,,,,,,,,,,,Нет,,,,,,,,,,,,,,,Не смотрю,Провожу в интернете более четырех часов ежедневно,Незаконченное высшее (с 3-го курса вуза) или законченное высшее,Среднее,Самозанятый,,"Сфера услуг, сервиса, бытового обслуживания Включает в том числе: Прачечная/химчистка, ремонт мебели, часов, ювелирны...",0.9437624724182131
07cfe20fd6cce163,Мужской,42.0,Центральный федеральный округ,Село,Беспородная кошка,,,,,,,,,,,,Специально огороженные площадки для выгула или занятий домашних животных,ГрУминг-салоны (уход за животными),Зоомагазины,,,,,,,,,,Нет,,,,,,,,,,,,,,,Несколько раз в неделю,Eжедневно менее четырех часов в день,"Среднее профессиональное (техникум, колледж, ПТУ)",Среднее,"Работаю по договору, контракту в найме (за исключением находящихся в декретном отпуске, подрабатывающих студентов, пе...","Я работаю в КОММЕРЧЕСКОЙ организации, ее цель – получить прибыль (например, магазин, завод, фермерское хозяйство, АО/...","Сфера услуг, сервиса, бытового обслуживания Включает в том числе: Прачечная/химчистка, ремонт мебели, часов, ювелирны...",1.29833197932263
07d004c2c88cea9c,Мужской,42.0,Центральный федеральный округ,Село,"Нет, домашних животных нет",,,,,,,,,,,,,,,,,,,,,,,,,,Выгул агрессивных собак без намордника,,,,,,,,,,,,,Несколько раз в неделю,Eжедневно менее четырех часов в день,"Среднее профессиональное (техникум, колледж, ПТУ)",Хорошее,"Работаю по договору, контракту в найме (за исключением находящихся в декретном отпуске, подрабатывающих студентов, пе...","Я работаю в КОММЕРЧЕСКОЙ организации, ее цель – получить прибыль (например, магазин, завод, фермерское хозяйство, АО/...",Другое (укажите),1.29833197932263
07cfe8be128ce9b7,Мужской,38.0,Центральный федеральный округ,Село,Беспородная кошка,,,,,,,,,,,,Ничего,,,,,,,,,,,,Не бываю с питомцем в общественных местах,,,,,,,,,,,,,,,Смотрю более четырех часов ежедневно,Eжедневно менее четырех часов в день,"Среднее профессиональное (техникум, колледж, ПТУ)",Среднее,"Работаю по договору, контракту в найме (за исключением находящихся в декретном отпуске, подрабатывающих студентов, пе...","Я работаю в КОММЕРЧЕСКОЙ организации, ее цель – получить прибыль (например, магазин, завод, фермерское хозяйство, АО/...","Транспортировка и хранение (складское хозяйство) Включает в том числе: Перевозка грузов, ж/д, авиа, водный, космическ...",1.1390102197216496
07cff0b5a20ce357,Мужской,40.0,Центральный федеральный округ,Село,Породистая кошка,,,,,,,,,,,,"Магазины, в которых можно находиться с животными",Ветеринарные клиники,,,,,,,,,,,Нет,,,,,,,,,,,,,,,Ежедневно менее четырех часов в день,Не пользуюсь,"Среднее профессиональное (техникум, колледж, ПТУ)",Хорошее,Самозанятый,,"Сельское, лесное хозяйство, охота, рыболовство и рыбоводство Включает в том числе: Фермерское хозяйство, скотобойни, ...",1.1390102197216496
07d01b4ef7ccead7,Мужской,42.0,Центральный федеральный округ,Село,"Нет, домашних животных нет",,,,,,,,,,,,,,,,,,,,,,,,,,Выгул в неположенных местах,Выгул агрессивных собак без намордника,,,,,,,,,,,,Несколько раз в месяц,Eжедневно менее четырех часов в день,Основное общее образование: окончил 9 (раньше 8) классов,Плохое,"Работаю по договору, контракту в найме (за исключением находящихся в декретном отпуске, подрабатывающих студентов, пе...","Я работаю в БЮДЖЕТНОЙ организации, которая безвозмездно оказывает услуги населению (детский сад, общеобразовательная,...","Жилищно-коммунальное хозяйство Включает в том числе: водоканал, горгаз, вывоз мусора, котельная,  сортировка и перера...",1.1390102197216496
07cfe389c48ce01f,Мужской,38.0,Центральный федеральный округ,Село,Породистая собака,Беспородная кошка,,,,,,,,,,,"Магазины, в которых можно находиться с животными",Зоомагазины,,,,,,,,,,,Нет,5- полностью удовлетворен,,,,,,,,,,,,,,Не смотрю,Eжедневно менее четырех часов в день,Незаконченное высшее (с 3-го курса вуза) или законченное высшее,Среднее,"Работаю по договору, контракту в найме (за исключением находящихся в декретном отпуске, подрабатывающих студентов, пе...","Я работаю в БЮДЖЕТНОЙ организации, которая безвозмездно оказывает услуги населению (детский сад, общеобразовательная,...","Здравоохранение Включает в том числе: поликлиники, медицинские центры, больницы, стационары,  «Скорая помощь», санатории",1.034894942570791
07cfd2ef848ce22e,Мужской,35.0,Южный федеральный округ,Село,Беспородная собака,Беспородная кошка,,,,,,,,,,,Ничего,,,,,,,,,,,,Нет,3,,,,,,,,,,,,,,Не смотрю,Eжедневно менее четырех часов в день,"Среднее профессиональное (техникум, колледж, ПТУ)",Среднее,"Временно не работаю, безработный",,,1.1212862290589554
07cfdb74590cee20,Мужской,43.0,Южный федеральный округ,Село,Породистая собака,Беспородная кошка,Породистая кошка,,,,,,,,,,Ничего,,,,,,,,,,,,Нет,1 – совершенно не удовлетворен,,,,,,,,,,,,,,Несколько раз в месяц,Eжедневно менее четырех часов в день,"Среднее профессиональное (техникум, колледж, ПТУ)",Среднее,"Предприниматель, собственник бизнеса",,"Сельское, лесное хозяйство, охота, рыболовство и рыбоводство Включает в том числе: Фермерское хозяйство, скотобойни, ...",1.1212862290589554
07cfd79839cce0df,Мужской,39.0,Южный федеральный округ,Село," Мелкие животные (хомячки, морские свинки, черепашки и т.п.)",Породистая кошка,Беспородная кошка,,,,,,,,,,Ничего,,,,,,,,,,,,"Да, время от времени",,,,,,,,,,,,,,,Не смотрю,Eжедневно менее четырех часов в день,Незаконченное высшее (с 3-го курса вуза) или законченное высшее,Среднее,"Работаю по договору, контракту в найме (за исключением находящихся в декретном отпуске, подрабатывающих студентов, пе...","Я работаю в КОММЕРЧЕСКОЙ организации, ее цель – получить прибыль (например, магазин, завод, фермерское хозяйство, АО/...","Промышленность, производство (в т.ч. добывающие, обрабатывающие отрасли, энергетика) Включает в том числе: Завод, ком...",1.0777578988066772
07d005ac400ce7f5,Мужской,44.0,Южный федеральный округ,Село,Беспородная собака,,,,,,,,,,,,Ничего,,,,,,,,,,,,Не бываю с питомцем в общественных местах,"Животное не требует выгула, не могу оценить",,,,,,,,,,,,,,Несколько раз в неделю,Несколько раз в неделю,Незаконченное высшее (с 3-го курса вуза) или законченное высшее,Среднее,(НЕ ЗАЧИТЫВАТЬ) Затрудняюсь ответить,,,1.0777578988066772
07cfe93e6c8cedfd,Мужской,37.0,Северо-Кавказский федеральный округ,Село,"Нет, домашних животных нет",,,,,,,,,,,,,,,,,,,,,,,,,,Ничего не беспокоило,,,,,,,,,,,,,Несколько раз в месяц,Не пользуюсь,(НЕ ЗАЧИТЫВАТЬ) Отказ от ответа,Затрудняюсь ответить,(НЕ ЗАЧИТЫВАТЬ) Затрудняюсь ответить,,,1.3020594384079947
07cfeac7baccee0b,Мужской,40.0,Северо-Кавказский федеральный округ,Село,Беспородная кошка,Беспородная собака,,,,,,,,,,,Ветеринарные клиники,Зоомагазины,,,,,,,,,,,Не бываю с питомцем в общественных местах,3,,,,,,,,,,,,,,Не смотрю,Провожу в интернете более четырех часов ежедневно,Незаконченное высшее (с 3-го курса вуза) или законченное высшее,Среднее,"Работаю по договору, контракту в найме (за исключением находящихся в декретном отпуске, подрабатывающих студентов, пе...","Я работаю в КОММЕРЧЕСКОЙ организации, ее цель – получить прибыль (например, магазин, завод, фермерское хозяйство, АО/...","Торговля (оптовая, розничная, онлайн продажи; в т.ч. - недвижимость) Включает в том числе: Магазин, автосалон, аукцио...",1.0439380238713203
07cfece7718ce128,Мужской,43.0,Северо-Кавказский федеральный округ,Село,"Домашний скот (куры, коровы, козы и т.п.) (из другого)",,,,,,,,,,,,Ничего,,,,,,,,,,,,Нет,,,,,,,,,,,,,,,Не смотрю,Несколько раз в неделю,Незаконченное высшее (с 3-го курса вуза) или законченное высшее,Среднее,(НЕ ЗАЧИТЫВАТЬ) Затрудняюсь ответить,,,1.0439380238713203
07cfe136ef4ce133,Мужской,36.0,Приволжский федеральный округ,Село,Беспородная собака,,,,,,,,,,,,Ветеринарные клиники,"Кафе, в которых можно находиться с животными",Зоомагазины,"Магазины, в которых можно находиться с животными",,,,,,,,,Не бываю с питомцем в общественных местах,5- полностью удовлетворен,,,,,,,,,,,,,,Не смотрю,Eжедневно менее четырех часов в день,"Среднее профессиональное (техникум, колледж, ПТУ)",Среднее,"Работаю по договору, контракту в найме (за исключением находящихся в декретном отпуске, подрабатывающих студентов, пе...","Я работаю в КОММЕРЧЕСКОЙ организации, ее цель – получить прибыль (например, магазин, завод, фермерское хозяйство, АО/...","Общественное питание, ресторанный и гостиничный бизнес Включает в том числе: Кафе, ресторан, доставка продуктов питан...",1.0961034588539313
07cfed05488ce905,Мужской,43.0,Приволжский федеральный округ,Село,Породистая кошка,,,,,,,,,,,,Ветеринарные клиники,Зоомагазины,,,,,,,,,,,Нет,,,,,,,,,,,,,,,Не смотрю,Eжедневно менее четырех часов в день,"Среднее профессиональное (техникум, колледж, ПТУ)",Плохое,"Работаю по договору, контракту в найме (за исключением находящихся в декретном отпуске, подрабатывающих студентов, пе...","Я работаю в КОММЕРЧЕСКОЙ организации, ее цель – получить прибыль (например, магазин, завод, фермерское хозяйство, АО/...",Другое (укажите),1.0961034588539313
07cff266a8cce53a,Мужской,39.0,Приволжский федеральный округ,Село,"Домашний скот (куры, коровы, козы и т.п.) (из другого)",Беспородная кошка,,,,,,,,,,,Зоомагазины,Ветеринарные клиники,,,,,,,,,,,Нет,,,,,,,,,,,,,,,Несколько раз в неделю,Не пользуюсь,"Среднее профессиональное (техникум, колледж, ПТУ)",Среднее,"Временно не работаю, безработный",,,1.0961034588539313
07d00d8946cce758,Мужской,35.0,Приволжский федеральный округ,Село,Породистая собака,,,,,,,,,,,,Ветеринарные клиники,Зоомагазины,,,,,,,,,,,Не бываю с питомцем в общественных местах,5- полностью удовлетворен,,,,,,,,,,,,,,Смотрю более четырех часов ежедневно,Несколько раз в неделю,Основное общее образование: окончил 9 (раньше 8) классов,Среднее,"Работаю по договору, контракту в найме (за исключением находящихся в декретном отпуске, подрабатывающих студентов, пе...","Я работаю в КОММЕРЧЕСКОЙ организации, ее цель – получить прибыль (например, магазин, завод, фермерское хозяйство, АО/...","Промышленность, производство (в т.ч. добывающие, обрабатывающие отрасли, энергетика) Включает в том числе: Завод, ком...",1.0961034588539313
07d00eb29cccedac,Мужской,44.0,Приволжский федеральный округ,Село,"Домашний скот (куры, коровы, козы и т.п.) (из другого)",Беспородная собака,Беспородная кошка,,,,,,,,,,Ничего,,,,,,,,,,,,"Да, время от времени",1 – совершенно не удовлетворен,,,,,,,,,,,,,,Несколько раз в неделю,Провожу в интернете более четырех часов ежедневно,"Среднее профессиональное (техникум, колледж, ПТУ)",Среднее,Неработающий пенсионер (в том числе по инвалидности),,,1.0961034588539313
07cfe01c7a4cea8e,Мужской,39.0,Приволжский федеральный округ,Село,Беспородная собака,Породистая собака,Беспородная кошка,,,,,,,,,,Зоомагазины,,,,,,,,,,,,Нет,5- полностью удовлетворен,,,,,,,,,,,,,,Не смотрю,Провожу в интернете более четырех часов ежедневно,Незаконченное высшее (с 3-го курса вуза) или законченное высшее,Среднее,"Работаю по договору, контракту в найме (за исключением находящихся в декретном отпуске, подрабатывающих студентов, пе...","Работаю в правоохранительных органах, вооруженных силах, МЧС","Правоохранительные органы, силовые структуры, МЧС, военная служба Включает в том числе: Полиция, росгвардия, пожарно-...",1.1189577215700006
07cfe9b7e60ceda9,Мужской,38.0,Приволжский федеральный округ,Село,Породистая кошка,Породистая собака,,,,,,,,,,,Зоомагазины,Ветеринарные клиники,,,,,,,,,,,Нет,4,,,,,,,,,,,,,,Не смотрю,Eжедневно менее четырех часов в день,Незаконченное высшее (с 3-го курса вуза) или законченное высшее,Среднее,"Работаю по договору, контракту в найме (за исключением находящихся в декретном отпуске, подрабатывающих студентов, пе...","Я работаю в КОММЕРЧЕСКОЙ организации, ее цель – получить прибыль (например, магазин, завод, фермерское хозяйство, АО/...","Финансовая и страховая деятельность, банковские услуги Включает в том числе: Банк, инвестиционный фонд, финансовая ар...",1.1189577215700006
07cff98ae94ce0a3,Мужской,39.0,Приволжский федеральный округ,Село,Беспородная собака,Беспородная кошка,,,,,,,,,,,Ветеринарные клиники,Зоомагазины,,,,,,,,,,,Нет,2,,,,,,,,,,,,,,Несколько раз в неделю,Eжедневно менее четырех часов в день,Незаконченное высшее (с 3-го курса вуза) или законченное высшее,Хорошее,"Работаю по договору, контракту в найме (за исключением находящихся в декретном отпуске, подрабатывающих студентов, пе...","Я работаю в КОММЕРЧЕСКОЙ организации, ее цель – получить прибыль (например, магазин, завод, фермерское хозяйство, АО/...","Строительство Включает в том числе: архитектура, проектирование, дизайн интерьера",1.1189577215700006
07d00cc85d4ce373,Мужской,35.0,Приволжский федеральный округ,Село,Беспородная кошка,Беспородная собака,"Домашний скот (куры, коровы, козы и т.п.) (из другого)",,,,,,,,,,Затрудняюсь ответить,,,,,,,,,,,,Нет,5- полностью удовлетворен,,,,,,,,,,,,,,Несколько раз в неделю,Eжедневно менее четырех часов в день,Незаконченное высшее (с 3-го курса вуза) или законченное высшее,Хорошее,"Предприниматель, собственник бизнеса",,"Сельское, лесное хозяйство, охота, рыболовство и рыбоводство Включает в том числе: Фермерское хозяйство, скотобойни, ...",1.1189577215700006
07cfb835c00ce20f,Мужской,44.0,Уральский федеральный округ,Село,Породистая кошка,,,,,,,,,,,,Ничего,,,,,,,,,,,,Не бываю с питомцем в общественных местах,,,,,,,,,,,,,,,Ежедневно менее четырех часов в день,Провожу в интернете более четырех часов ежедневно,Незаконченное высшее (с 3-го курса вуза) или законченное высшее,Среднее,"Работаю по договору, контракту в найме (за исключением находящихся в декретном отпуске, подрабатывающих студентов, пе...","Я работаю в КОММЕРЧЕСКОЙ организации, ее цель – получить прибыль (например, магазин, завод, фермерское хозяйство, АО/...","Торговля (оптовая, розничная, онлайн продажи; в т.ч. - недвижимость) Включает в том числе: Магазин, автосалон, аукцио...",1.017582433066135
07cfc78f0acce766,Мужской,38.0,Уральский федеральный округ,Село,"Нет, домашних животных нет",,,,,,,,,,,,,,,,,,,,,,,,,,Ничего не беспокоило,,,,,,,,,,,,,Не смотрю,Eжедневно менее четырех часов в день,Незаконченное высшее (с 3-го курса вуза) или законченное высшее,Хорошее,"Работаю по договору, контракту в найме (за исключением находящихся в декретном отпуске, подрабатывающих студентов, пе...","Я работаю в КОММЕРЧЕСКОЙ организации, ее цель – получить прибыль (например, магазин, завод, фермерское хозяйство, АО/...","Транспортировка и хранение (складское хозяйство) Включает в том числе: Перевозка грузов, ж/д, авиа, водный, космическ...",1.017582433066135
07cfe76cf54ce4c2,Мужской,37.0,Уральский федеральный округ,Село,Беспородная кошка,,,,,,,,,,,,ГрУминг-салоны (уход за животными),Ветеринарные клиники,"Магазины, в которых можно находиться с животными",Зоомагазины,,,,,,,,,Нет,,,,,,,,,,,,,,,Несколько раз в месяц,Eжедневно менее четырех часов в день,Незаконченное высшее (с 3-го курса вуза) или законченное высшее,Хорошее,Работающий пенсионер,"Работаю в правоохранительных органах, вооруженных силах, МЧС","Правоохранительные органы, силовые структуры, МЧС, военная служба Включает в том числе: Полиция, росгвардия, пожарно-...",1.017582433066135
07cfbb3fdccceffe,Мужской,35.0,Сибирский федеральный округ,Село,Беспородная собака,Беспородная кошка,,,,,,,,,,,Ничего,,,,,,,,,,,,"Да, время от времени",4,,,,,,,,,,,,,,Ежедневно менее четырех часов в день,Eжедневно менее четырех часов в день,"Среднее профессиональное (техникум, колледж, ПТУ)",Среднее,"Работаю по договору, контракту в найме (за исключением находящихся в декретном отпуске, подрабатывающих студентов, пе...","Я работаю в КОММЕРЧЕСКОЙ организации, ее цель – получить прибыль (например, магазин, завод, фермерское хозяйство, АО/...","Сельское, лесное хозяйство, охота, рыболовство и рыбоводство Включает в том числе: Фермерское хозяйство, скотобойни, ...",1.146435696741176
07cfceb2258ceb50,Мужской,35.0,Сибирский федеральный округ,Село,"Домашний скот (куры, коровы, козы и т.п.) (из другого)",,,,,,,,,,,,Ветеринарные клиники,Зоомагазины,,,,,,,,,,,Нет,,,,,,,,,,,,,,,Несколько раз в неделю,Провожу в интернете более четырех часов ежедневно,"Два и более высших образования, ученая степень кандидата или доктора наук",Хорошее,"Работаю по договору, контракту в найме (за исключением находящихся в декретном отпуске, подрабатывающих студентов, пе...","Я работаю в КОММЕРЧЕСКОЙ организации, ее цель – получить прибыль (например, магазин, завод, фермерское хозяйство, АО/...","Сельское, лесное хозяйство, охота, рыболовство и рыбоводство Включает в том числе: Фермерское хозяйство, скотобойни, ...",1.1140339816184284
07cf906ba58ce0c2,Мужской,44.0,Дальневосточный федеральный округ,Село,Беспородная собака,,,,,,,,,,,,Ничего,,,,,,,,,,,,Не бываю с питомцем в общественных местах,Затрудняюсь ответить,,,,,,,,,,,,,,Ежедневно менее четырех часов в день,Не пользуюсь,Основное общее образование: окончил 9 (раньше 8) классов,Очень плохое,"Временно не работаю, безработный",,,1.04113605552344
07cfe51e12cced7c,Мужской,37.0,Центральный федеральный округ,Город с численностью менее 50 тысяч,"Нет, домашних животных нет",,,,,,,,,,,,,,,,,,,,,,,,,,Отсутствие уборки за собаками во дворе,,,,,,,,,,,,,Не смотрю,Eжедневно менее четырех часов в день,Незаконченное высшее (с 3-го курса вуза) или законченное высшее,Хорошее,"Работаю по договору, контракту в найме (за исключением находящихся в декретном отпуске, подрабатывающих студентов, пе...","Я работаю в КОММЕРЧЕСКОЙ организации, ее цель – получить прибыль (например, магазин, завод, фермерское хозяйство, АО/...","Промышленность, производство (в т.ч. добывающие, обрабатывающие отрасли, энергетика) Включает в том числе: Завод, ком...",0.8816592973928971
07d01131c58ce5f6,Мужской,39.0,Центральный федеральный округ,Город с численностью менее 50 тысяч,"Нет, домашних животных нет",,,,,,,,,,,,,,,,,,,,,,,,,,Ничего не беспокоило,,,,,,,,,,,,,"Редко, но не менее одного раза в полгода",Eжедневно менее четырех часов в день,"Два и более высших образования, ученая степень кандидата или доктора наук",Среднее,"Работаю по договору, контракту в найме (за исключением находящихся в декретном отпуске, подрабатывающих студентов, пе...","Работаю в правоохранительных органах, вооруженных силах, МЧС","Правоохранительные органы, силовые структуры, МЧС, военная служба Включает в том числе: Полиция, росгвардия, пожарно-...",0.8816592973928971
07d01664d38ce569,Мужской,40.0,Центральный федеральный округ,Город с численностью менее 50 тысяч,Породистая кошка,,,,,,,,,,,,Зоомагазины,ГрУминг-салоны (уход за животными),Специально огороженные площадки для выгула или занятий домашних животных,"Магазины, в которых можно находиться с животными",Ветеринарные клиники,Стойки с пакетами для уборки за собаками,Специализированные урны для утилизации отходов жизнедеятельности собак,,,,,,Нет,,,,,,,,,,,,,,,Не смотрю,Провожу в интернете более четырех часов ежедневно,Незаконченное высшее (с 3-го курса вуза) или законченное высшее,Среднее,"Работаю по договору, контракту в найме (за исключением находящихся в декретном отпуске, подрабатывающих студентов, пе...","Я работаю в БЮДЖЕТНОЙ организации, которая безвозмездно оказывает услуги населению (детский сад, общеобразовательная,...","Промышленность, производство (в т.ч. добывающие, обрабатывающие отрасли, энергетика) Включает в том числе: Завод, ком...",0.8816592973928971
07cfdafe3bccee76,Мужской,43.0,Центральный федеральный округ,Город с численностью менее 50 тысяч,Другое,,,,,,,,,,,,Ветеринарные клиники,Зоомагазины,,,,,,,,,,,Нет,,,,,,,,,,,,,,,Смотрю более четырех часов ежедневно,Eжедневно менее четырех часов в день,Основное общее образование: окончил 9 (раньше 8) классов,Среднее,Самозанятый,,"Сельское, лесное хозяйство, охота, рыболовство и рыбоводство Включает в том числе: Фермерское хозяйство, скотобойни, ...",0.78818770182673
07cfdd72a9cce0be,Мужской,39.0,Центральный федеральный округ,Город с численностью от 50 тысяч до 100 тысяч,"Нет, домашних животных нет",,,,,,,,,,,,,,,,,,,,,,,,,,Самовыгул собак (без поводка),,,,,,,,,,,,,Несколько раз в неделю,Eжедневно менее четырех часов в день,Основное общее образование: окончил 9 (раньше 8) классов,Среднее,"Временно не работаю, безработный",,,0.78818770182673
07cfe9a5bf0ce95d,Мужской,35.0,Центральный федеральный округ,Поселок городского типа,Беспородная собака,Беспородная кошка,,,,,,,,,,,Зоомагазины,Ветеринарные клиники,,,,,,,,,,,Не бываю с питомцем в общественных местах,5- полностью удовлетворен,,,,,,,,,,,,,,Несколько раз в неделю,Eжедневно менее четырех часов в день,Среднее общее (10 или 11 классов школы с аттестатом),Среднее,"Работаю по договору, контракту в найме (за исключением находящихся в декретном отпуске, подрабатывающих студентов, пе...","Я работаю в КОММЕРЧЕСКОЙ организации, ее цель – получить прибыль (например, магазин, завод, фермерское хозяйство, АО/...","Сельское, лесное хозяйство, охота, рыболовство и рыбоводство Включает в том числе: Фермерское хозяйство, скотобойни, ...",0.78818770182673
07cfeff053cce45c,Мужской,35.0,Центральный федеральный округ,Город с численностью менее 50 тысяч,Беспородная кошка,,,,,,,,,,,,Ветеринарные клиники,Зоомагазины,Специально огороженные площадки для выгула или занятий домашних животных,,,,,,,,,,Нет,,,,,,,,,,,,,,,"Редко, но не менее одного раза в полгода",Провожу в интернете более четырех часов ежедневно,"Среднее профессиональное (техникум, колледж, ПТУ)",Среднее,"Работаю по договору, контракту в найме (за исключением находящихся в декретном отпуске, подрабатывающих студентов, пе...","Я работаю в КОММЕРЧЕСКОЙ организации, ее цель – получить прибыль (например, магазин, завод, фермерское хозяйство, АО/...","Промышленность, производство (в т.ч. добывающие, обрабатывающие отрасли, энергетика) Включает в том числе: Завод, ком...",0.78818770182673
07cffa4b490ce53b,Мужской,44.0,Центральный федеральный округ,Город с численностью менее 50 тысяч,Породистая кошка,,,,,,,,,,,,Затрудняюсь ответить,,,,,,,,,,,,"Да, время от времени",,,,,,,,,,,,,,,Смотрю более четырех часов ежедневно,Не пользуюсь,"Среднее профессиональное (техникум, колледж, ПТУ)",Плохое,"Временно не работаю, безработный",,,0.78818770182673
07d0020babcce3a9,Мужской,39.0,Центральный федеральный округ,Город с численностью менее 50 тысяч,Беспородная кошка,,,,,,,,,,,,Зоомагазины,Ветеринарные клиники,,,,,,,,,,,Не бываю с питомцем в общественных местах,,,,,,,,,,,,,,,Не смотрю,Eжедневно менее четырех часов в день,Среднее общее (10 или 11 классов школы с аттестатом),Среднее,"Работаю по договору, контракту в найме (за исключением находящихся в декретном отпуске, подрабатывающих студентов, пе...","Я работаю в КОММЕРЧЕСКОЙ организации, ее цель – получить прибыль (например, магазин, завод, фермерское хозяйство, АО/...","Средства массовой информации (в т.ч. журналистика, блогерство, реклама, СММ)  Включает в том числе: Издательство печа...",0.78818770182673
07d0034c530cebb2,Мужской,43.0,Центральный федеральный округ,Город с численностью менее 50 тысяч,Породистая собака,,,,,,,,,,,,Зоомагазины,Ветеринарные клиники,,,,,,,,,,,Нет,1 – совершенно не удовлетворен,,,,,,,,,,,,,,Смотрю более четырех часов ежедневно,Провожу в интернете более четырех часов ежедневно,"Среднее профессиональное (техникум, колледж, ПТУ)",Плохое,"Работаю по договору, контракту в найме (за исключением находящихся в декретном отпуске, подрабатывающих студентов, пе...",Затрудняюсь ответить/ отказ от ответа,"Сфера услуг, сервиса, бытового обслуживания Включает в том числе: Прачечная/химчистка, ремонт мебели, часов, ювелирны...",0.78818770182673
07d01eae0d0ce2c5,Мужской,38.0,Центральный федеральный округ,Город с численностью менее 50 тысяч,Породистая кошка,,,,,,,,,,,,Затрудняюсь ответить,,,,,,,,,,,,Не бываю с питомцем в общественных местах,,,,,,,,,,,,,,,Ежедневно менее четырех часов в день,Eжедневно менее четырех часов в день,"Среднее профессиональное (техникум, колледж, ПТУ)",Плохое,Работающий пенсионер,"Я работаю в КОММЕРЧЕСКОЙ организации, ее цель – получить прибыль (например, магазин, завод, фермерское хозяйство, АО/...","Промышленность, производство (в т.ч. добывающие, обрабатывающие отрасли, энергетика) Включает в том числе: Завод, ком...",0.78818770182673
07cfeccb8b4ce938,Мужской,35.0,Центральный федеральный округ,Город с численностью от 50 тысяч до 100 тысяч,Затрудняюсь ответить,Породистая кошка,,,,,,,,,,,Зоомагазины,"Магазины, в которых можно находиться с животными",Ветеринарные клиники,Специально огороженные площадки для выгула или занятий домашних животных,,,,,,,,,Нет,,,,,,,,,,,,,,,Не смотрю,Eжедневно менее четырех часов в день,Незаконченное высшее (с 3-го курса вуза) или законченное высшее,Хорошее,"Работаю по договору, контракту в найме (за исключением находящихся в декретном отпуске, подрабатывающих студентов, пе...","Я работаю в КОММЕРЧЕСКОЙ организации, ее цель – получить прибыль (например, магазин, завод, фермерское хозяйство, АО/...","Промышленность, производство (в т.ч. добывающие, обрабатывающие отрасли, энергетика) Включает в том числе: Завод, ком...",0.7161406037395479
07d00952b44ced97,Мужской,38.0,Северо-Западный федеральный округ,Город с численностью менее 50 тысяч,"Нет, домашних животных нет",,,,,,,,,,,,,,,,,,,,,,,,,,Ничего не беспокоило,,,,,,,,,,,,,Ежедневно менее четырех часов в день,Eжедневно менее четырех часов в день,Незаконченное высшее (с 3-го курса вуза) или законченное высшее,Среднее,"Временно не работаю, безработный",,,0.7243001849047718
07cffc5063cced51,Мужской,42.0,Северо-Западный федеральный округ,Город с численностью от 50 тысяч до 100 тысяч,"Нет, домашних животных нет",,,,,,,,,,,,,,,,,,,,,,,,,,Отсутствие уборки за собаками во дворе,,,,,,,,,,,,,Не смотрю,Eжедневно менее четырех часов в день,"Среднее профессиональное (техникум, колледж, ПТУ)",Очень плохое,"Работаю по договору, контракту в найме (за исключением находящихся в декретном отпуске, подрабатывающих студентов, пе...","Я работаю в БЮДЖЕТНОЙ организации, которая безвозмездно оказывает услуги населению (детский сад, общеобразовательная,...","Жилищно-коммунальное хозяйство Включает в том числе: водоканал, горгаз, вывоз мусора, котельная,  сортировка и перера...",0.778150794312269
07d0097e970ce6ef,Мужской,42.0,Северо-Западный федеральный округ,Город с численностью менее 50 тысяч,Беспородная собака,Декоративные птицы,,,,,,,,,,,Ничего,,,,,,,,,,,,Нет,1 – совершенно не удовлетворен,,,,,,,,,,,,,,Ежедневно менее четырех часов в день,Eжедневно менее четырех часов в день,"Среднее профессиональное (техникум, колледж, ПТУ)",Среднее,"Работаю по договору, контракту в найме (за исключением находящихся в декретном отпуске, подрабатывающих студентов, пе...","Я работаю в БЮДЖЕТНОЙ организации, которая безвозмездно оказывает услуги населению (детский сад, общеобразовательная,...","Жилищно-коммунальное хозяйство Включает в том числе: водоканал, горгаз, вывоз мусора, котельная,  сортировка и перера...",0.778150794312269
07cff77341ccea71,Мужской,39.0,Северо-Западный федеральный округ,Город с численностью менее 50 тысяч,Породистая кошка,,,,,,,,,,,,Зоомагазины,,,,,,,,,,,,Нет,,,,,,,,,,,,,,,Несколько раз в неделю,Eжедневно менее четырех часов в день,Незаконченное высшее (с 3-го курса вуза) или законченное высшее,Хорошее,"Работаю по договору, контракту в найме (за исключением находящихся в декретном отпуске, подрабатывающих студентов, пе...","Я работаю в КОММЕРЧЕСКОЙ организации, ее цель – получить прибыль (например, магазин, завод, фермерское хозяйство, АО/...","Промышленность, производство (в т.ч. добывающие, обрабатывающие отрасли, энергетика) Включает в том числе: Завод, ком...",0.6467071287027254
07cffff8fe0ce17b,Мужской,40.0,Северо-Западный федеральный округ,Город с численностью менее 50 тысяч,"Нет, домашних животных нет",,,,,,,,,,,,,,,,,,,,,,,,,,Ничего не беспокоило,,,,,,,,,,,,,Смотрю более четырех часов ежедневно,Eжедневно менее четырех часов в день,Незаконченное высшее (с 3-го курса вуза) или законченное высшее,Среднее,"Работаю по договору, контракту в найме (за исключением находящихся в декретном отпуске, подрабатывающих студентов, пе...","Я работаю в КОММЕРЧЕСКОЙ организации, ее цель – получить прибыль (например, магазин, завод, фермерское хозяйство, АО/...","Сельское, лесное хозяйство, охота, рыболовство и рыбоводство Включает в том числе: Фермерское хозяйство, скотобойни, ...",0.6467071287027254
07d00681050ce621,Мужской,43.0,Северо-Западный федеральный округ,Город с численностью от 50 тысяч до 100 тысяч,"Нет, домашних животных нет",,,,,,,,,,,,,,,,,,,,,,,,,,"Укусы, нападения собак на людей",,,,,,,,,,,,,Смотрю более четырех часов ежедневно,Провожу в интернете более четырех часов ежедневно,"Два и более высших образования, ученая степень кандидата или доктора наук",Хорошее,"Предприниматель, собственник бизнеса",,"Здравоохранение Включает в том числе: поликлиники, медицинские центры, больницы, стационары,  «Скорая помощь», санатории",0.6467071287027254
07cfd5d4108ce685,Мужской,40.0,Южный федеральный округ,Город с численностью от 50 тысяч до 100 тысяч,Породистая собака,Беспородная кошка,Породистая кошка,Беспородная собака,,,,,,,,,Ничего,,,,,,,,,,,,Не бываю с питомцем в общественных местах,5- полностью удовлетворен,,,,,,,,,,,,,,Несколько раз в неделю,Провожу в интернете более четырех часов ежедневно,"Среднее профессиональное (техникум, колледж, ПТУ)",Среднее,"Временно не работаю, безработный",,,0.7759228149751957
07d013a19c8cedd8,Мужской,40.0,Южный федеральный округ,Город с численностью менее 50 тысяч,"Нет, домашних животных нет",,,,,,,,,,,,,,,,,,,,,,,,,,Ничего не беспокоило,,,,,,,,,,,,,Несколько раз в неделю,Провожу в интернете более четырех часов ежедневно,"Среднее профессиональное (техникум, колледж, ПТУ)",Хорошее,"Временно не работаю, безработный",,,0.7759228149751957
07d028459dcce500,Мужской,39.0,Южный федеральный округ,Город с численностью менее 50 тысяч,Беспородная кошка,Беспородная собака,"Домашний скот (куры, коровы, козы и т.п.) (из другого)",,,,,,,,,,Зоомагазины,Ветеринарные клиники,"Магазины, в которых можно находиться с животными",,,,,,,,,,Нет,1 – совершенно не удовлетворен,,,,,,,,,,,,,,Не смотрю,Eжедневно менее четырех часов в день,"Среднее профессиональное (техникум, колледж, ПТУ)",Среднее,"Работаю по договору, контракту в найме (за исключением находящихся в декретном отпуске, подрабатывающих студентов, пе...","Я работаю в КОММЕРЧЕСКОЙ организации, ее цель – получить прибыль (например, магазин, завод, фермерское хозяйство, АО/...","Строительство Включает в том числе: архитектура, проектирование, дизайн интерьера",0.7759228149751957
07d007dbec0ce07b,Мужской,43.0,Южный федеральный округ,Город с численностью от 50 тысяч до 100 тысяч,Беспородная кошка,,,,,,,,,,,,Ветеринарные клиники,,,,,,,,,,,,Нет,,,,,,,,,,,,,,,Ежедневно менее четырех часов в день,Eжедневно менее четырех часов в день,"Среднее профессиональное (техникум, колледж, ПТУ)",Среднее,"Работаю по договору, контракту в найме (за исключением находящихся в декретном отпуске, подрабатывающих студентов, пе...","Работаю в органах власти, управления, судебных органах","Государственное и муниципальное управление, в т.ч. - судебные органы Включает в том числе: Госслужба, администрации/п...",0.7759228149751957
07cfdde9a0cce252,Мужской,43.0,Южный федеральный округ,Город с численностью менее 50 тысяч,Породистая собака,,,,,,,,,,,,Зоомагазины,Ветеринарные клиники,,,,,,,,,,,Не бываю с питомцем в общественных местах,5- полностью удовлетворен,,,,,,,,,,,,,,Несколько раз в месяц,Несколько раз в месяц,Незаконченное высшее (с 3-го курса вуза) или законченное высшее,Хорошее,"Работаю по договору, контракту в найме (за исключением находящихся в декретном отпуске, подрабатывающих студентов, пе...","Я работаю в КОММЕРЧЕСКОЙ организации, ее цель – получить прибыль (например, магазин, завод, фермерское хозяйство, АО/...","Промышленность, производство (в т.ч. добывающие, обрабатывающие отрасли, энергетика) Включает в том числе: Завод, ком...",0.745801492100426
07cfeabd288ce999,Мужской,39.0,Южный федеральный округ,Город с численностью менее 50 тысяч,Беспородная собака,Беспородная кошка,,,,,,,,,,,ГрУминг-салоны (уход за животными),Ветеринарные клиники,Зоомагазины,,,,,,,,,,Не бываю с питомцем в общественных местах,4,,,,,,,,,,,,,,Несколько раз в неделю,Несколько раз в неделю,Незаконченное высшее (с 3-го курса вуза) или законченное высшее,Плохое,"Работаю по договору, контракту в найме (за исключением находящихся в декретном отпуске, подрабатывающих студентов, пе...","Работаю в правоохранительных органах, вооруженных силах, МЧС","Правоохранительные органы, силовые структуры, МЧС, военная служба Включает в том числе: Полиция, росгвардия, пожарно-...",0.745801492100426
07cffe94fd8ce690,Мужской,42.0,Южный федеральный округ,Город с численностью от 50 тысяч до 100 тысяч,"Нет, домашних животных нет",,,,,,,,,,,,,,,,,,,,,,,,,,Ничего не беспокоило,,,,,,,,,,,,,Не смотрю,Eжедневно менее четырех часов в день,Незаконченное высшее (с 3-го курса вуза) или законченное высшее,Хорошее,"Работаю по договору, контракту в найме (за исключением находящихся в декретном отпуске, подрабатывающих студентов, пе...","Я работаю в КОММЕРЧЕСКОЙ организации, ее цель – получить прибыль (например, магазин, завод, фермерское хозяйство, АО/...",Другое (укажите),0.745801492100426
07d0297a19cce98f,Мужской,43.0,Южный федеральный округ,Город с численностью менее 50 тысяч,Породистая кошка,"Домашний скот (куры, коровы, козы и т.п.) (из другого)",,,,,,,,,,,Ветеринарные клиники,Зоомагазины,Специально огороженные площадки для выгула или занятий домашних животных,,,,,,,,,,Нет,,,,,,,,,,,,,,,Несколько раз в неделю,Eжедневно менее четырех часов в день,Незаконченное высшее (с 3-го курса вуза) или законченное высшее,Среднее,"Работаю по договору, контракту в найме (за исключением находящихся в декретном отпуске, подрабатывающих студентов, пе...","Работаю в правоохранительных органах, вооруженных силах, МЧС","Правоохранительные органы, силовые структуры, МЧС, военная служба Включает в том числе: Полиция, росгвардия, пожарно-...",0.745801492100426
07cfdf2ae44cef17,Мужской,41.0,Северо-Кавказский федеральный округ,Город с численностью менее 50 тысяч,"Нет, домашних животных нет",,,,,,,,,,,,,,,,,,,,,,,,,,Затрудняюсь ответить,,,,,,,,,,,,,Несколько раз в неделю,Несколько раз в неделю,Незаконченное высшее (с 3-го курса вуза) или законченное высшее,Среднее,"Работаю по договору, контракту в найме (за исключением находящихся в декретном отпуске, подрабатывающих студентов, пе...","Я работаю в БЮДЖЕТНОЙ организации, которая безвозмездно оказывает услуги населению (детский сад, общеобразовательная,...","Транспортировка и хранение (складское хозяйство) Включает в том числе: Перевозка грузов, ж/д, авиа, водный, космическ...",0.7223983574842316
07d001cffd4ce922,Мужской,42.0,Северо-Кавказский федеральный округ,Город с численностью менее 50 тысяч,Породистая кошка,,,,,,,,,,,,Зоомагазины,Ветеринарные клиники,,,,,,,,,,,Нет,,,,,,,,,,,,,,,"Редко, но не менее одного раза в полгода",Провожу в интернете более четырех часов ежедневно,Незаконченное высшее (с 3-го курса вуза) или законченное высшее,Хорошее,"Предприниматель, собственник бизнеса",,"Торговля (оптовая, розничная, онлайн продажи; в т.ч. - недвижимость) Включает в том числе: Магазин, автосалон, аукцио...",0.7223983574842316
07d01df0608cea0f,Мужской,42.0,Северо-Кавказский федеральный округ,Город с численностью менее 50 тысяч,"Нет, домашних животных нет",,,,,,,,,,,,,,,,,,,,,,,,,,Ничего не беспокоило,,,,,,,,,,,,,Несколько раз в неделю,"Редко, но не менее одного раза в полгода",Незаконченное высшее (с 3-го курса вуза) или законченное высшее,Среднее,Неработающий пенсионер (в том числе по инвалидности),,,0.7223983574842316
07cfdad86dcce320,Мужской,40.0,Приволжский федеральный округ,Поселок городского типа,Породистая собака,Беспородная кошка,,,,,,,,,,,Ветеринарные клиники,Специально огороженные площадки для выгула или занятий домашних животных,Стойки с пакетами для уборки за собаками,Специализированные урны для утилизации отходов жизнедеятельности собак,"Магазины, в которых можно находиться с животными",Зоомагазины,,,,,,,Нет,5- полностью удовлетворен,,,,,,,,,,,,,,Ежедневно менее четырех часов в день,Eжедневно менее четырех часов в день,"Среднее профессиональное (техникум, колледж, ПТУ)",Среднее,Самозанятый,,"Строительство Включает в том числе: архитектура, проектирование, дизайн интерьера",0.7584965009440723
07cfe10850cce2e2,Мужской,40.0,Приволжский федеральный округ,Город с численностью менее 50 тысяч,Породистая собака,Породистая кошка,,,,,,,,,,,Ничего,,,,,,,,,,,,Нет,3,,,,,,,,,,,,,,Несколько раз в неделю,Несколько раз в неделю,"Среднее профессиональное (техникум, колледж, ПТУ)",Плохое,"Работаю по договору, контракту в найме (за исключением находящихся в декретном отпуске, подрабатывающих студентов, пе...","Я работаю в БЮДЖЕТНОЙ организации, которая безвозмездно оказывает услуги населению (детский сад, общеобразовательная,...","Образование, наука Включает в том числе: ясли, детский сад, школа, ССУЗ, вуз, научно-исследовательские институты, центры",0.7584965009440723
07cfe372d3cce975,Мужской,35.0,Приволжский федеральный округ,Город с численностью менее 50 тысяч,Породистая кошка,,,,,,,,,,,,Зоомагазины,Ветеринарные клиники,,,,,,,,,,,Нет,,,,,,,,,,,,,,,Несколько раз в неделю,Eжедневно менее четырех часов в день,"Среднее профессиональное (техникум, колледж, ПТУ)",Среднее,"Работаю по договору, контракту в найме (за исключением находящихся в декретном отпуске, подрабатывающих студентов, пе...","Я работаю в КОММЕРЧЕСКОЙ организации, ее цель – получить прибыль (например, магазин, завод, фермерское хозяйство, АО/...","Жилищно-коммунальное хозяйство Включает в том числе: водоканал, горгаз, вывоз мусора, котельная,  сортировка и перера...",0.7584965009440723
07cfe4bf2e8ce066,Мужской,44.0,Приволжский федеральный округ,Город с численностью от 50 тысяч до 100 тысяч,"Нет, домашних животных нет",,,,,,,,,,,,,,,,,,,,,,,,,,Самовыгул собак (без поводка),"Отсутствие уборки за собаками в доме (в лифте, в подъезде)",Отсутствие уборки за собаками во дворе,,,,,,,,,,,Ежедневно менее четырех часов в день,Несколько раз в неделю,"Среднее профессиональное (техникум, колледж, ПТУ)",Плохое,"Временно не работаю, безработный",,,0.7584965009440723
07cfef7b108ce73e,Мужской,42.0,Приволжский федеральный округ,Поселок городского типа,Беспородная кошка,,,,,,,,,,,,Зоомагазины,,,,,,,,,,,,Нет,,,,,,,,,,,,,,,Ежедневно менее четырех часов в день,Несколько раз в неделю,"Среднее профессиональное (техникум, колледж, ПТУ)",Среднее,"Работаю по договору, контракту в найме (за исключением находящихся в декретном отпуске, подрабатывающих студентов, пе...",Затрудняюсь ответить/ отказ от ответа,"Строительство Включает в том числе: архитектура, проектирование, дизайн интерьера",0.7584965009440723
07cff6a6548cede9,Мужской,41.0,Приволжский федеральный округ,Город с численностью от 50 тысяч до 100 тысяч,Беспородная собака,Беспородная кошка,,,,,,,,,,,Ничего,,,,,,,,,,,,Не бываю с питомцем в общественных местах,5- полностью удовлетворен,,,,,,,,,,,,,,Несколько раз в месяц,Eжедневно менее четырех часов в день,"Среднее профессиональное (техникум, колледж, ПТУ)",Среднее,"Работаю по договору, контракту в найме (за исключением находящихся в декретном отпуске, подрабатывающих студентов, пе...","Я работаю в КОММЕРЧЕСКОЙ организации, ее цель – получить прибыль (например, магазин, завод, фермерское хозяйство, АО/...",Другое (укажите),0.7584965009440723
07cffa613c0ceaad,Мужской,44.0,Приволжский федеральный округ,Город с численностью менее 50 тысяч,"Нет, домашних животных нет",,,,,,,,,,,,,,,,,,,,,,,,,,Затрудняюсь ответить,,,,,,,,,,,,,Ежедневно менее четырех часов в день,Eжедневно менее четырех часов в день,Среднее общее (10 или 11 классов школы с аттестатом),Среднее,"Работаю по договору, контракту в найме (за исключением находящихся в декретном отпуске, подрабатывающих студентов, пе...","Я работаю в КОММЕРЧЕСКОЙ организации, ее цель – получить прибыль (например, магазин, завод, фермерское хозяйство, АО/...","Промышленность, производство (в т.ч. добывающие, обрабатывающие отрасли, энергетика) Включает в том числе: Завод, ком...",0.7584965009440723
07d00254b48ce502,Мужской,44.0,Приволжский федеральный округ,Город с численностью менее 50 тысяч,Беспородная собака,Беспородная кошка,,,,,,,,,,,Ничего,,,,,,,,,,,,Не бываю с питомцем в общественных местах,Затрудняюсь ответить,,,,,,,,,,,,,,Несколько раз в неделю,Eжедневно менее четырех часов в день,Основное общее образование: окончил 9 (раньше 8) классов,Среднее,Самозанятый,,"Транспортировка и хранение (складское хозяйство) Включает в том числе: Перевозка грузов, ж/д, авиа, водный, космическ...",0.7584965009440723
07cfdf34ee8ce274,Мужской,36.0,Приволжский федеральный округ,Поселок городского типа,"Нет, домашних животных нет",,,,,,,,,,,,,,,,,,,,,,,,,,Выгул в неположенных местах,Выгул агрессивных собак без намордника,Самовыгул собак (без поводка),"Укусы, нападения собак на людей",,,,,,,,,,Ежедневно менее четырех часов в день,Провожу в интернете более четырех часов ежедневно,Незаконченное высшее (с 3-го курса вуза) или законченное высшее,Среднее,"Работаю по договору, контракту в найме (за исключением находящихся в декретном отпуске, подрабатывающих студентов, пе...","Я работаю в БЮДЖЕТНОЙ организации, которая безвозмездно оказывает услуги населению (детский сад, общеобразовательная,...","Образование, наука Включает в том числе: ясли, детский сад, школа, ССУЗ, вуз, научно-исследовательские институты, центры",0.7743115028599681
07cff567240ceeb6,Мужской,36.0,Приволжский федеральный округ,Город с численностью менее 50 тысяч,"Нет, домашних животных нет",,,,,,,,,,,,,,,,,,,,,,,,,,Отсутствие уборки за собаками во дворе,Выгул агрессивных собак без намордника,,,,,,,,,,,,Не смотрю,Eжедневно менее четырех часов в день,Незаконченное высшее (с 3-го курса вуза) или законченное высшее,Среднее,"Предприниматель, собственник бизнеса",,"Промышленность, производство (в т.ч. добывающие, обрабатывающие отрасли, энергетика) Включает в том числе: Завод, ком...",0.7743115028599681
07cffa04ff8ce782,Мужской,42.0,Приволжский федеральный округ,Город с численностью менее 50 тысяч,Породистая кошка,,,,,,,,,,,,"Магазины, в которых можно находиться с животными",Ветеринарные клиники,Специализированные урны для утилизации отходов жизнедеятельности собак,Специально огороженные площадки для выгула или занятий домашних животных,ГрУминг-салоны (уход за животными),Лапомойки в доме,Стойки с пакетами для уборки за собаками,Зоомагазины,,,,,Нет,,,,,,,,,,,,,,,Ежедневно менее четырех часов в день,Eжедневно менее четырех часов в день,Незаконченное высшее (с 3-го курса вуза) или законченное высшее,Очень плохое,"Работаю по договору, контракту в найме (за исключением находящихся в декретном отпуске, подрабатывающих студентов, пе...","Работаю в правоохранительных органах, вооруженных силах, МЧС","Правоохранительные органы, силовые структуры, МЧС, военная служба Включает в том числе: Полиция, росгвардия, пожарно-...",0.7743115028599681
07cfcf8d1f4ced43,Мужской,39.0,Уральский федеральный округ,Поселок городского типа,Породистая собака,Породистая кошка,,,,,,,,,,,Стойки с пакетами для уборки за собаками,ГрУминг-салоны (уход за животными),"Магазины, в которых можно находиться с животными",Специализированные урны для утилизации отходов жизнедеятельности собак,Ветеринарные клиники,Лапомойки в доме,Зоомагазины,"Кафе, в которых можно находиться с животными",Специально огороженные площадки для выгула или занятий домашних животных,,,,Не бываю с питомцем в общественных местах,4,,,,,,,,,,,,,,Ежедневно менее четырех часов в день,Провожу в интернете более четырех часов ежедневно,"Среднее профессиональное (техникум, колледж, ПТУ)",Хорошее,"Работаю по договору, контракту в найме (за исключением находящихся в декретном отпуске, подрабатывающих студентов, пе...","Работаю в правоохранительных органах, вооруженных силах, МЧС","Правоохранительные органы, силовые структуры, МЧС, военная служба Включает в том числе: Полиция, росгвардия, пожарно-...",0.7954647028647082
07cfe015588ce65d,Мужской,35.0,Уральский федеральный округ,Город с численностью менее 50 тысяч,Породистая собака,Породистая кошка,Декоративные птицы," Мелкие животные (хомячки, морские свинки, черепашки и т.п.)",,,,,,,,,Специализированные урны для утилизации отходов жизнедеятельности собак,ГрУминг-салоны (уход за животными),Стойки с пакетами для уборки за собаками,Зоомагазины,"Магазины, в которых можно находиться с животными",Лапомойки в доме,Ветеринарные клиники,Специально огороженные площадки для выгула или занятий домашних животных,"Кафе, в которых можно находиться с животными",,,,Нет,5- полностью удовлетворен,,,,,,,,,,,,,,Смотрю более четырех часов ежедневно,Провожу в интернете более четырех часов ежедневно,"Два и более высших образования, ученая степень кандидата или доктора наук",Очень хорошее,Самозанятый,,"Строительство Включает в том числе: архитектура, проектирование, дизайн интерьера",0.7041604591867953
07cfb79be98ce88f,Мужской,44.0,Уральский федеральный округ,Город с численностью менее 50 тысяч,"Нет, домашних животных нет",,,,,,,,,,,,,,,,,,,,,,,,,,Агрессивное поведение собак по отношению к другим животным,Выгул агрессивных собак без намордника,Самовыгул собак (без поводка),"Укусы, нападения собак на людей",Отсутствие уборки за собаками во дворе,,,,,,,,,Несколько раз в неделю,"Редко, но не менее одного раза в полгода",Незаконченное высшее (с 3-го курса вуза) или законченное высшее,Среднее,"Работаю по договору, контракту в найме (за исключением находящихся в декретном отпуске, подрабатывающих студентов, пе...",Затрудняюсь ответить/ отказ от ответа,"Транспортировка и хранение (складское хозяйство) Включает в том числе: Перевозка грузов, ж/д, авиа, водный, космическ...",0.7041604591867953
07cfbc8adb0ceefe,Мужской,42.0,Сибирский федеральный округ,Город с численностью от 50 тысяч до 100 тысяч,Беспородная собака,Породистая кошка,"Домашний скот (куры, коровы, козы и т.п.) (из другого)",,,,,,,,,,Зоомагазины,"Магазины, в которых можно находиться с животными",Ветеринарные клиники,,,,,,,,,,Не бываю с питомцем в общественных местах,3,,,,,,,,,,,,,,Ежедневно менее четырех часов в день,Eжедневно менее четырех часов в день,"Среднее профессиональное (техникум, колледж, ПТУ)",Плохое,"Работаю по договору, контракту в найме (за исключением находящихся в декретном отпуске, подрабатывающих студентов, пе...","Я работаю в КОММЕРЧЕСКОЙ организации, ее цель – получить прибыль (например, магазин, завод, фермерское хозяйство, АО/...","Промышленность, производство (в т.ч. добывающие, обрабатывающие отрасли, энергетика) Включает в том числе: Завод, ком...",0.7933260838760309
07cfc3c82a4ce69f,Мужской,42.0,Сибирский федеральный округ,Поселок городского типа,Породистая собака,,,,,,,,,,,,Ветеринарные клиники,,,,,,,,,,,,Нет,5- полностью удовлетворен,,,,,,,,,,,,,,"Редко, но не менее одного раза в полгода",Провожу в интернете более четырех часов ежедневно,"Среднее профессиональное (техникум, колледж, ПТУ)",Среднее,"Работаю по договору, контракту в найме (за исключением находящихся в декретном отпуске, подрабатывающих студентов, пе...","Я работаю в БЮДЖЕТНОЙ организации, которая безвозмездно оказывает услуги населению (детский сад, общеобразовательная,...","Здравоохранение Включает в том числе: поликлиники, медицинские центры, больницы, стационары,  «Скорая помощь», санатории",0.7933260838760309
07cfc5882e4ce2eb,Мужской,44.0,Сибирский федеральный округ,Поселок городского типа,"Домашний скот (куры, коровы, козы и т.п.) (из другого)",,,,,,,,,,,,Ничего,,,,,,,,,,,,Нет,,,,,,,,,,,,,,,"Редко, но не менее одного раза в полгода",Eжедневно менее четырех часов в день,Среднее общее (10 или 11 классов школы с аттестатом),Плохое,"Работаю по договору, контракту в найме (за исключением находящихся в декретном отпуске, подрабатывающих студентов, пе...","Я работаю в КОММЕРЧЕСКОЙ организации, ее цель – получить прибыль (например, магазин, завод, фермерское хозяйство, АО/...","Сельское, лесное хозяйство, охота, рыболовство и рыбоводство Включает в том числе: Фермерское хозяйство, скотобойни, ...",0.7933260838760309
07cfca1a0acce87a,Мужской,37.0,Сибирский федеральный округ,Поселок городского типа,Беспородная собака,Беспородная кошка,,,,,,,,,,,Ветеринарные клиники,,,,,,,,,,,,Не бываю с питомцем в общественных местах,5- полностью удовлетворен,,,,,,,,,,,,,,Несколько раз в неделю,Провожу в интернете более четырех часов ежедневно,Основное общее образование: окончил 9 (раньше 8) классов,Хорошее,Неработающий пенсионер (в том числе по инвалидности),,,0.7933260838760309
07cfd438c10ceb17,Мужской,36.0,Сибирский федеральный округ,Город с численностью менее 50 тысяч,"Нет, домашних животных нет",,,,,,,,,,,,,,,,,,,,,,,,,,Ничего не беспокоило,,,,,,,,,,,,,Ежедневно менее четырех часов в день,Eжедневно менее четырех часов в день,Основное общее образование: окончил 9 (раньше 8) классов,Среднее,"Работаю по договору, контракту в найме (за исключением находящихся в декретном отпуске, подрабатывающих студентов, пе...",Затрудняюсь ответить/ отказ от ответа,"Промышленность, производство (в т.ч. добывающие, обрабатывающие отрасли, энергетика) Включает в том числе: Завод, ком...",0.7933260838760309
07cfc31ba50ceb06,Мужской,37.0,Сибирский федеральный округ,Город с численностью менее 50 тысяч,Породистая собака,Породистая кошка,Беспородная кошка,Беспородная собака,,,,,,,,,Ветеринарные клиники,Зоомагазины,,,,,,,,,,,Не бываю с питомцем в общественных местах,1 – совершенно не удовлетворен,,,,,,,,,,,,,,"Редко, но не менее одного раза в полгода",Несколько раз в неделю,"Среднее профессиональное (техникум, колледж, ПТУ)",Среднее,"Работаю по договору, контракту в найме (за исключением находящихся в декретном отпуске, подрабатывающих студентов, пе...","Работаю в правоохранительных органах, вооруженных силах, МЧС","Правоохранительные органы, силовые структуры, МЧС, военная служба Включает в том числе: Полиция, росгвардия, пожарно-...",0.7933260838760309
07cfe4169bcce983,Мужской,41.0,Сибирский федеральный округ,Город с численностью от 50 тысяч до 100 тысяч,"Нет, домашних животных нет",,,,,,,,,,,,,,,,,,,,,,,,,,Ничего не беспокоило,,,,,,,,,,,,,Ежедневно менее четырех часов в день,Eжедневно менее четырех часов в день,"Среднее профессиональное (техникум, колледж, ПТУ)",Среднее,"Работаю по договору, контракту в найме (за исключением находящихся в декретном отпуске, подрабатывающих студентов, пе...","Я работаю в БЮДЖЕТНОЙ организации, которая безвозмездно оказывает услуги населению (детский сад, общеобразовательная,...","Промышленность, производство (в т.ч. добывающие, обрабатывающие отрасли, энергетика) Включает в том числе: Завод, ком...",0.7933260838760309
07cfd55bf1cce7c2,Мужской,43.0,Сибирский федеральный округ,Город с численностью менее 50 тысяч,Породистая собака,,,,,,,,,,,,Зоомагазины,Специально огороженные площадки для выгула или занятий домашних животных,ГрУминг-салоны (уход за животными),Стойки с пакетами для уборки за собаками,Лапомойки в доме,"Кафе, в которых можно находиться с животными","Магазины, в которых можно находиться с животными",Ветеринарные клиники,Специализированные урны для утилизации отходов жизнедеятельности собак,,,,Нет,5- полностью удовлетворен,,,,,,,,,,,,,,Ежедневно менее четырех часов в день,Eжедневно менее четырех часов в день,"Два и более высших образования, ученая степень кандидата или доктора наук",Хорошее,"Работаю по договору, контракту в найме (за исключением находящихся в декретном отпуске, подрабатывающих студентов, пе...","Я работаю в КОММЕРЧЕСКОЙ организации, ее цель – получить прибыль (например, магазин, завод, фермерское хозяйство, АО/...","Жилищно-коммунальное хозяйство Включает в том числе: водоканал, горгаз, вывоз мусора, котельная,  сортировка и перера...",0.7709043066736415
07cf9ee9fb4ce459,Мужской,38.0,Дальневосточный федеральный округ,Поселок городского типа,Беспородная собака,,,,,,,,,,,,Зоомагазины,,,,,,,,,,,,"Да, время от времени",4,,,,,,,,,,,,,,Не смотрю,Eжедневно менее четырех часов в день,Основное общее образование: окончил 9 (раньше 8) классов,Очень плохое,Самозанятый,,Другое (укажите),0.7204594135182619
07cfc0ed270ce0bc,Мужской,40.0,Дальневосточный федеральный округ,Поселок городского типа,Породистая собака,Беспородная кошка,"Домашний скот (куры, коровы, козы и т.п.) (из другого)",,,,,,,,,,Зоомагазины,"Магазины, в которых можно находиться с животными",,,,,,,,,,,Нет,5- полностью удовлетворен,,,,,,,,,,,,,,Не смотрю,Провожу в интернете более четырех часов ежедневно,"Среднее профессиональное (техникум, колледж, ПТУ)",Среднее,"Работаю по договору, контракту в найме (за исключением находящихся в декретном отпуске, подрабатывающих студентов, пе...","Я работаю в КОММЕРЧЕСКОЙ организации, ее цель – получить прибыль (например, магазин, завод, фермерское хозяйство, АО/...","Промышленность, производство (в т.ч. добывающие, обрабатывающие отрасли, энергетика) Включает в том числе: Завод, ком...",0.7204594135182619
07cfc625a98ceac4,Мужской,40.0,Дальневосточный федеральный округ,Город с численностью от 50 тысяч до 100 тысяч,Породистая кошка,Породистая собака," Мелкие животные (хомячки, морские свинки, черепашки и т.п.)",,,,,,,,,,Ветеринарные клиники,,,,,,,,,,,,"Да, время от времени",2,,,,,,,,,,,,,,"Редко, но не менее одного раза в полгода",Несколько раз в месяц,"Среднее профессиональное (техникум, колледж, ПТУ)",Среднее,"Работаю по договору, контракту в найме (за исключением находящихся в декретном отпуске, подрабатывающих студентов, пе...","Я работаю в НЕКОММЕРЧЕСКОЙ организации, которая оказывает помощь населению (благотворительные фонды, центры поддержки...",,0.7204594135182619
07cfc18ba0ccea7a,Мужской,40.0,Дальневосточный федеральный округ,Город с численностью менее 50 тысяч,Породистая собака,,,,,,,,,,,,Зоомагазины,ГрУминг-салоны (уход за животными),Ветеринарные клиники,,,,,,,,,,Нет,4,,,,,,,,,,,,,,Несколько раз в неделю,Eжедневно менее четырех часов в день,Незаконченное высшее (с 3-го курса вуза) или законченное высшее,Хорошее,"Работаю по договору, контракту в найме (за исключением находящихся в декретном отпуске, подрабатывающих студентов, пе...","Я работаю в КОММЕРЧЕСКОЙ организации, ее цель – получить прибыль (например, магазин, завод, фермерское хозяйство, АО/...","Промышленность, производство (в т.ч. добывающие, обрабатывающие отрасли, энергетика) Включает в том числе: Завод, ком...",0.9759933890958259
07cfc8db9d8cee20,Мужской,42.0,Дальневосточный федеральный округ,Поселок городского типа,Беспородная собака,Беспородная кошка,,,,,,,,,,,Ничего,,,,,,,,,,,,Не бываю с питомцем в общественных местах,1 – совершенно не удовлетворен,,,,,,,,,,,,,,Несколько раз в неделю,Eжедневно менее четырех часов в день,Незаконченное высшее (с 3-го курса вуза) или законченное высшее,Среднее,"Работаю по договору, контракту в найме (за исключением находящихся в декретном отпуске, подрабатывающих студентов, пе...","Я работаю в БЮДЖЕТНОЙ организации, которая безвозмездно оказывает услуги населению (детский сад, общеобразовательная,...","Образование, наука Включает в том числе: ясли, детский сад, школа, ССУЗ, вуз, научно-исследовательские институты, центры",0.9759933890958259
07cffc98d10cebe9,Мужской,40.0,Центральный федеральный округ,Город с численностью от 100 тысяч до 500 тысяч,Породистая собака,,,,,,,,,,,,"Магазины, в которых можно находиться с животными",,,,,,,,,,,,"Да, время от времени",1 – совершенно не удовлетворен,,,,,,,,,,,,,,Не смотрю,Провожу в интернете более четырех часов ежедневно,"Среднее профессиональное (техникум, колледж, ПТУ)",Среднее,Самозанятый,,"Информационные технологии, связь, интернет Включает в том числе: Программирование /создание программного обеспечения,...",0.721487913672894
07cff913740ce74c,Мужской,43.0,Центральный федеральный округ,Город с численностью от 100 тысяч до 500 тысяч,Беспородная кошка,,,,,,,,,,,,ГрУминг-салоны (уход за животными),Ветеринарные клиники,Зоомагазины,,,,,,,,,,Нет,,,,,,,,,,,,,,,"Редко, но не менее одного раза в полгода",Eжедневно менее четырех часов в день,Незаконченное высшее (с 3-го курса вуза) или законченное высшее,Среднее,"Работаю по договору, контракту в найме (за исключением находящихся в декретном отпуске, подрабатывающих студентов, пе...","Я работаю в КОММЕРЧЕСКОЙ организации, ее цель – получить прибыль (например, магазин, завод, фермерское хозяйство, АО/...","Промышленность, производство (в т.ч. добывающие, обрабатывающие отрасли, энергетика) Включает в том числе: Завод, ком...",0.7080143565245011
07d00667808cef9c,Мужской,37.0,Центральный федеральный округ,Город с численностью от 100 тысяч до 500 тысяч,Породистая собака,Беспородная кошка,,,,,,,,,,,Зоомагазины,Ветеринарные клиники,,,,,,,,,,,Нет,2,,,,,,,,,,,,,,Не смотрю,Eжедневно менее четырех часов в день,"Два и более высших образования, ученая степень кандидата или доктора наук",Среднее,"Работаю по договору, контракту в найме (за исключением находящихся в декретном отпуске, подрабатывающих студентов, пе...","Я работаю в БЮДЖЕТНОЙ организации, которая безвозмездно оказывает услуги населению (детский сад, общеобразовательная,...","Образование, наука Включает в том числе: ясли, детский сад, школа, ССУЗ, вуз, научно-исследовательские институты, центры",0.7080143565245011
07d0115ff58ce072,Мужской,42.0,Центральный федеральный округ,Город с численностью от 100 тысяч до 500 тысяч,Беспородная кошка,,,,,,,,,,,,ГрУминг-салоны (уход за животными),Зоомагазины,Ветеринарные клиники,,,,,,,,,,Не бываю с питомцем в общественных местах,,,,,,,,,,,,,,,Ежедневно менее четырех часов в день,Провожу в интернете более четырех часов ежедневно,Незаконченное высшее (с 3-го курса вуза) или законченное высшее,Плохое,"Работаю по договору, контракту в найме (за исключением находящихся в декретном отпуске, подрабатывающих студентов, пе...","Я работаю в КОММЕРЧЕСКОЙ организации, ее цель – получить прибыль (например, магазин, завод, фермерское хозяйство, АО/...","Строительство Включает в том числе: архитектура, проектирование, дизайн интерьера",0.7080143565245011
07cfd63d34ccef7a,Мужской,40.0,Центральный федеральный округ,Город с численностью от 100 тысяч до 500 тысяч,Породистая собака,,,,,,,,,,,,Ветеринарные клиники,Специально огороженные площадки для выгула или занятий домашних животных,Специализированные урны для утилизации отходов жизнедеятельности собак,"Кафе, в которых можно находиться с животными",,,,,,,,,Нет,4,,,,,,,,,,,,,,Ежедневно менее четырех часов в день,Eжедневно менее четырех часов в день,"Среднее профессиональное (техникум, колледж, ПТУ)",Хорошее,"Работаю по договору, контракту в найме (за исключением находящихся в декретном отпуске, подрабатывающих студентов, пе...","Я работаю в КОММЕРЧЕСКОЙ организации, ее цель – получить прибыль (например, магазин, завод, фермерское хозяйство, АО/...","Промышленность, производство (в т.ч. добывающие, обрабатывающие отрасли, энергетика) Включает в том числе: Завод, ком...",0.6329522188214297
07cfe61f344ce8ae,Мужской,35.0,Центральный федеральный округ,Город с численностью от 100 тысяч до 500 тысяч,Беспородная кошка,,,,,,,,,,,,Специально огороженные площадки для выгула или занятий домашних животных,ГрУминг-салоны (уход за животными),"Магазины, в которых можно находиться с животными",Ветеринарные клиники,"Кафе, в которых можно находиться с животными",Зоомагазины,,,,,,,Не бываю с питомцем в общественных местах,,,,,,,,,,,,,,,Не смотрю,Eжедневно менее четырех часов в день,"Среднее профессиональное (техникум, колледж, ПТУ)",Хорошее,"Работаю по договору, контракту в найме (за исключением находящихся в декретном отпуске, подрабатывающих студентов, пе...","Я работаю в КОММЕРЧЕСКОЙ организации, ее цель – получить прибыль (например, магазин, завод, фермерское хозяйство, АО/...","Информационные технологии, связь, интернет Включает в том числе: Программирование /создание программного обеспечения,...",0.6329522188214297
07cfe5d394cce46a,Мужской,36.0,Центральный федеральный округ,Город с численностью от 100 тысяч до 500 тысяч,"Нет, домашних животных нет",,,,,,,,,,,,,,,,,,,,,,,,,,Ничего не беспокоило,,,,,,,,,,,,,"Редко, но не менее одного раза в полгода",Не пользуюсь,"Среднее профессиональное (техникум, колледж, ПТУ)",Среднее,Неработающий пенсионер (в том числе по инвалидности),,,0.6329522188214297
07cfd6e1364cec7e,Мужской,37.0,Центральный федеральный округ,Город с численностью от 100 тысяч до 500 тысяч,"Нет, домашних животных нет",,,,,,,,,,,,,,,,,,,,,,,,,,Ничего не беспокоило,,,,,,,,,,,,,Несколько раз в месяц,Несколько раз в неделю,Незаконченное высшее (с 3-го курса вуза) или законченное высшее,Плохое,"Работаю по договору, контракту в найме (за исключением находящихся в декретном отпуске, подрабатывающих студентов, пе...","Работаю в правоохранительных органах, вооруженных силах, МЧС","Правоохранительные органы, силовые структуры, МЧС, военная служба Включает в том числе: Полиция, росгвардия, пожарно-...",0.5750949717618304
07d0221f34cce3cd,Мужской,41.0,Центральный федеральный округ,Город с численностью от 100 тысяч до 500 тысяч," Мелкие животные (хомячки, морские свинки, черепашки и т.п.)",,,,,,,,,,,,"Магазины, в которых можно находиться с животными",Зоомагазины,ГрУминг-салоны (уход за животными),Ветеринарные клиники,,,,,,,,,Нет,,,,,,,,,,,,,,,Несколько раз в неделю,Eжедневно менее четырех часов в день,Незаконченное высшее (с 3-го курса вуза) или законченное высшее,Хорошее,"Предприниматель, собственник бизнеса",,"Торговля (оптовая, розничная, онлайн продажи; в т.ч. - недвижимость) Включает в том числе: Магазин, автосалон, аукцио...",0.5750949717618304
07d0215a6a0ce79a,Мужской,35.0,Центральный федеральный округ,Город с численностью от 100 тысяч до 500 тысяч,Породистая кошка,,,,,,,,,,,,Ветеринарные клиники,Зоомагазины,,,,,,,,,,,Не бываю с питомцем в общественных местах,,,,,,,,,,,,,,,Не смотрю,Провожу в интернете более четырех часов ежедневно,"Два и более высших образования, ученая степень кандидата или доктора наук",Очень хорошее,"Работаю по договору, контракту в найме (за исключением находящихся в декретном отпуске, подрабатывающих студентов, пе...","Я работаю в КОММЕРЧЕСКОЙ организации, ее цель – получить прибыль (например, магазин, завод, фермерское хозяйство, АО/...","Информационные технологии, связь, интернет Включает в том числе: Программирование /создание программного обеспечения,...",0.5750949717618304
07cfe30b1dcce92e,Мужской,39.0,Северо-Западный федеральный округ,Город с численностью от 100 тысяч до 500 тысяч,Беспородная кошка,,,,,,,,,,,,Ничего,,,,,,,,,,,,Нет,,,,,,,,,,,,,,,Несколько раз в неделю,Eжедневно менее четырех часов в день,"Среднее профессиональное (техникум, колледж, ПТУ)",Среднее,"Работаю по договору, контракту в найме (за исключением находящихся в декретном отпуске, подрабатывающих студентов, пе...","Я работаю в БЮДЖЕТНОЙ организации, которая безвозмездно оказывает услуги населению (детский сад, общеобразовательная,...",Другое (укажите),0.6248921046295188
07cffad1d7cced50,Мужской,41.0,Северо-Западный федеральный округ,Город с численностью от 100 тысяч до 500 тысяч,"Нет, домашних животных нет",,,,,,,,,,,,,,,,,,,,,,,,,,Ничего не беспокоило,,,,,,,,,,,,,Несколько раз в неделю,Eжедневно менее четырех часов в день,"Среднее профессиональное (техникум, колледж, ПТУ)",Среднее,Самозанятый,,"Строительство Включает в том числе: архитектура, проектирование, дизайн интерьера",0.6248921046295188
07d020ddf7cce8fa,Мужской,38.0,Северо-Западный федеральный округ,Город с численностью от 100 тысяч до 500 тысяч,Породистая кошка,,,,,,,,,,,,Ветеринарные клиники,Зоомагазины,,,,,,,,,,,Не бываю с питомцем в общественных местах,,,,,,,,,,,,,,,Смотрю более четырех часов ежедневно,Провожу в интернете более четырех часов ежедневно,Основное общее образование: окончил 9 (раньше 8) классов,Среднее,"Работаю по договору, контракту в найме (за исключением находящихся в декретном отпуске, подрабатывающих студентов, пе...","Я работаю в КОММЕРЧЕСКОЙ организации, ее цель – получить прибыль (например, магазин, завод, фермерское хозяйство, АО/...","Промышленность, производство (в т.ч. добывающие, обрабатывающие отрасли, энергетика) Включает в том числе: Завод, ком...",0.6248921046295188
07cfebbfe4cce1dd,Мужской,41.0,Северо-Западный федеральный округ,Город с численностью от 100 тысяч до 500 тысяч,"Нет, домашних животных нет",,,,,,,,,,,,,,,,,,,,,,,,,,Выгул собак на длинном поводке,,,,,,,,,,,,,Несколько раз в месяц,Провожу в интернете более четырех часов ежедневно,Незаконченное высшее (с 3-го курса вуза) или законченное высшее,Среднее,"Предприниматель, собственник бизнеса",,"Строительство Включает в том числе: архитектура, проектирование, дизайн интерьера",0.5193365883422668
07cfff36e18ce74d,Мужской,36.0,Северо-Западный федеральный округ,Город с численностью от 100 тысяч до 500 тысяч,"Нет, домашних животных нет",,,,,,,,,,,,,,,,,,,,,,,,,,Выгул собак на длинном поводке,Выгул в неположенных местах,Выгул агрессивных собак без намордника,Громкий лай в позднее или раннее время,,,,,,,,,,Смотрю более четырех часов ежедневно,Eжедневно менее четырех часов в день,Незаконченное высшее (с 3-го курса вуза) или законченное высшее,Хорошее,"Работаю по договору, контракту в найме (за исключением находящихся в декретном отпуске, подрабатывающих студентов, пе...","Я работаю в КОММЕРЧЕСКОЙ организации, ее цель – получить прибыль (например, магазин, завод, фермерское хозяйство, АО/...","Промышленность, производство (в т.ч. добывающие, обрабатывающие отрасли, энергетика) Включает в том числе: Завод, ком...",0.5193365883422668
07cfd31e390cef44,Мужской,39.0,Южный федеральный округ,Город с численностью от 100 тысяч до 500 тысяч,Беспородная собака,Беспородная кошка,,,,,,,,,,,"Магазины, в которых можно находиться с животными",Лапомойки в доме,ГрУминг-салоны (уход за животными),Зоомагазины,Ветеринарные клиники,,,,,,,,Нет,1 – совершенно не удовлетворен,,,,,,,,,,,,,,Ежедневно менее четырех часов в день,Провожу в интернете более четырех часов ежедневно,"Среднее профессиональное (техникум, колледж, ПТУ)",Среднее,"Работаю по договору, контракту в найме (за исключением находящихся в декретном отпуске, подрабатывающих студентов, пе...","Я работаю в КОММЕРЧЕСКОЙ организации, ее цель – получить прибыль (например, магазин, завод, фермерское хозяйство, АО/...","Транспортировка и хранение (складское хозяйство) Включает в том числе: Перевозка грузов, ж/д, авиа, водный, космическ...",0.6231029312364038
07cfde91c74ce09f,Мужской,42.0,Южный федеральный округ,Город с численностью от 100 тысяч до 500 тысяч,Беспородная собака,Породистая собака,Породистая кошка,,,,,,,,,,Ничего,,,,,,,,,,,,Нет,5- полностью удовлетворен,,,,,,,,,,,,,,Не смотрю,Провожу в интернете более четырех часов ежедневно,"Среднее профессиональное (техникум, колледж, ПТУ)",Очень хорошее,"Работаю по договору, контракту в найме (за исключением находящихся в декретном отпуске, подрабатывающих студентов, пе...","Я работаю в КОММЕРЧЕСКОЙ организации, ее цель – получить прибыль (например, магазин, завод, фермерское хозяйство, АО/...","Промышленность, производство (в т.ч. добывающие, обрабатывающие отрасли, энергетика) Включает в том числе: Завод, ком...",0.6231029312364038
07d0126f024ce007,Мужской,38.0,Южный федеральный округ,Город с численностью от 100 тысяч до 500 тысяч,"Нет, домашних животных нет",,,,,,,,,,,,,,,,,,,,,,,,,,Ничего не беспокоило,,,,,,,,,,,,,Несколько раз в месяц,Eжедневно менее четырех часов в день,Среднее общее (10 или 11 классов школы с аттестатом),Среднее,Самозанятый,,"Торговля (оптовая, розничная, онлайн продажи; в т.ч. - недвижимость) Включает в том числе: Магазин, автосалон, аукцио...",0.6231029312364038
07d01fbfe4cce6c1,Мужской,38.0,Южный федеральный округ,Город с численностью от 100 тысяч до 500 тысяч,Породистая собака,,,,,,,,,,,,Ветеринарные клиники,Специально огороженные площадки для выгула или занятий домашних животных,,,,,,,,,,,Нет,5- полностью удовлетворен,,,,,,,,,,,,,,Не смотрю,Провожу в интернете более четырех часов ежедневно,"Среднее профессиональное (техникум, колледж, ПТУ)",Хорошее,Самозанятый,,"Сфера услуг, сервиса, бытового обслуживания Включает в том числе: Прачечная/химчистка, ремонт мебели, часов, ювелирны...",0.6231029312364038
07cfd4feb90cefdb,Мужской,43.0,Южный федеральный округ,Город с численностью от 100 тысяч до 500 тысяч,Беспородная собака,Породистая кошка,,,,,,,,,,,"Магазины, в которых можно находиться с животными",Ветеринарные клиники,Зоомагазины,,,,,,,,,,Нет,5- полностью удовлетворен,,,,,,,,,,,,,,Несколько раз в месяц,Eжедневно менее четырех часов в день,Незаконченное высшее (с 3-го курса вуза) или законченное высшее,Среднее,"Работаю по договору, контракту в найме (за исключением находящихся в декретном отпуске, подрабатывающих студентов, пе...","Я работаю в КОММЕРЧЕСКОЙ организации, ее цель – получить прибыль (например, магазин, завод, фермерское хозяйство, АО/...","Строительство Включает в том числе: архитектура, проектирование, дизайн интерьера",0.5989140760903061
07cfd346d3cce8a7,Мужской,37.0,Южный федеральный округ,Город с численностью от 100 тысяч до 500 тысяч,"Нет, домашних животных нет",,,,,,,,,,,,,,,,,,,,,,,,,,Ничего не беспокоило,,,,,,,,,,,,,Не смотрю,Eжедневно менее четырех часов в день,Незаконченное высшее (с 3-го курса вуза) или законченное высшее,Среднее,"Временно не работаю, безработный",,,0.5989140760903061
07cfe4d0a60ce522,Мужской,41.0,Южный федеральный округ,Город с численностью от 100 тысяч до 500 тысяч,"Нет, домашних животных нет",,,,,,,,,,,,,,,,,,,,,,,,,,Громкий лай в позднее или раннее время,Агрессивное поведение собак по отношению к другим животным,"Укусы, нападения собак на людей",,,,,,,,,,,Не смотрю,Eжедневно менее четырех часов в день,"Два и более высших образования, ученая степень кандидата или доктора наук",Среднее,"Работаю по договору, контракту в найме (за исключением находящихся в декретном отпуске, подрабатывающих студентов, пе...","Я работаю в КОММЕРЧЕСКОЙ организации, ее цель – получить прибыль (например, магазин, завод, фермерское хозяйство, АО/...","Строительство Включает в том числе: архитектура, проектирование, дизайн интерьера",0.5989140760903061
07d01042b48cec22,Мужской,40.0,Южный федеральный округ,Город с численностью от 100 тысяч до 500 тысяч,"Домашний скот (куры, коровы, козы и т.п.) (из другого)",,,,,,,,,,,,Ничего,,,,,,,,,,,,Не бываю с питомцем в общественных местах,,,,,,,,,,,,,,,Не смотрю,Eжедневно менее четырех часов в день,Незаконченное высшее (с 3-го курса вуза) или законченное высшее,Среднее,"Временно не работаю, безработный",,,0.5989140760903061
07d015af404ce61e,Мужской,39.0,Южный федеральный округ,Город с численностью от 100 тысяч до 500 тысяч,Беспородная кошка,,,,,,,,,,,,Зоомагазины,"Магазины, в которых можно находиться с животными",,,,,,,,,,,Нет,,,,,,,,,,,,,,,Не смотрю,Провожу в интернете более четырех часов ежедневно,Незаконченное высшее (с 3-го курса вуза) или законченное высшее,Плохое,"Работаю по договору, контракту в найме (за исключением находящихся в декретном отпуске, подрабатывающих студентов, пе...","Я работаю в КОММЕРЧЕСКОЙ организации, ее цель – получить прибыль (например, магазин, завод, фермерское хозяйство, АО/...","Информационные технологии, связь, интернет Включает в том числе: Программирование /создание программного обеспечения,...",0.5989140760903061
07d0243e944ce5b8,Мужской,37.0,Южный федеральный округ,Город с численностью от 100 тысяч до 500 тысяч,Декоративные птицы,,,,,,,,,,,,Зоомагазины,Ветеринарные клиники,,,,,,,,,,,Нет,,,,,,,,,,,,,,,Не смотрю,Eжедневно менее четырех часов в день,Незаконченное высшее (с 3-го курса вуза) или законченное высшее,Среднее,"Работаю по договору, контракту в найме (за исключением находящихся в декретном отпуске, подрабатывающих студентов, пе...","Я работаю в БЮДЖЕТНОЙ организации, которая безвозмездно оказывает услуги населению (детский сад, общеобразовательная,...",Другое (укажите),0.5989140760903061
07d02a43148ceef1,Мужской,36.0,Южный федеральный округ,Город с численностью от 100 тысяч до 500 тысяч,Беспородная собака,,,,,,,,,,,,Ветеринарные клиники,Зоомагазины,,,,,,,,,,,Нет,1 – совершенно не удовлетворен,,,,,,,,,,,,,,Не смотрю,Провожу в интернете более четырех часов ежедневно,Незаконченное высшее (с 3-го курса вуза) или законченное высшее,Среднее,"Работаю по договору, контракту в найме (за исключением находящихся в декретном отпуске, подрабатывающих студентов, пе...","Я работаю в КОММЕРЧЕСКОЙ организации, ее цель – получить прибыль (например, магазин, завод, фермерское хозяйство, АО/...","Промышленность, производство (в т.ч. добывающие, обрабатывающие отрасли, энергетика) Включает в том числе: Завод, ком...",0.5989140760903061
07d01b3a764ce7ed,Мужской,43.0,Северо-Кавказский федеральный округ,Город с численностью от 100 тысяч до 500 тысяч,"Нет, домашних животных нет",,,,,,,,,,,,,,,,,,,,,,,,,,Ничего не беспокоило,,,,,,,,,,,,,Несколько раз в месяц,Провожу в интернете более четырех часов ежедневно,Среднее общее (10 или 11 классов школы с аттестатом),Среднее,Самозанятый,,"Транспортировка и хранение (складское хозяйство) Включает в том числе: Перевозка грузов, ж/д, авиа, водный, космическ...",0.7235592765613011
07cfdc5251ccead3,Мужской,35.0,Северо-Кавказский федеральный округ,Город с численностью от 100 тысяч до 500 тысяч,Породистая кошка,,,,,,,,,,,,Ветеринарные клиники,Зоомагазины,,,,,,,,,,,Не бываю с питомцем в общественных местах,,,,,,,,,,,,,,,Ежедневно менее четырех часов в день,Eжедневно менее четырех часов в день,Незаконченное высшее (с 3-го курса вуза) или законченное высшее,Среднее,"Работаю по договору, контракту в найме (за исключением находящихся в декретном отпуске, подрабатывающих студентов, пе...","Я работаю в КОММЕРЧЕСКОЙ организации, ее цель – получить прибыль (например, магазин, завод, фермерское хозяйство, АО/...","Торговля (оптовая, розничная, онлайн продажи; в т.ч. - недвижимость) Включает в том числе: Магазин, автосалон, аукцио...",0.580120245701472
07cff3d135cce32f,Мужской,43.0,Северо-Кавказский федеральный округ,Город с численностью от 100 тысяч до 500 тысяч,Беспородная кошка,,,,,,,,,,,,"Магазины, в которых можно находиться с животными",Зоомагазины,ГрУминг-салоны (уход за животными),Ветеринарные клиники,,,,,,,,,Не бываю с питомцем в общественных местах,,,,,,,,,,,,,,,"Редко, но не менее одного раза в полгода",Провожу в интернете более четырех часов ежедневно,Незаконченное высшее (с 3-го курса вуза) или законченное высшее,Хорошее,"Работаю по договору, контракту в найме (за исключением находящихся в декретном отпуске, подрабатывающих студентов, пе...","Я работаю в КОММЕРЧЕСКОЙ организации, ее цель – получить прибыль (например, магазин, завод, фермерское хозяйство, АО/...","Промышленность, производство (в т.ч. добывающие, обрабатывающие отрасли, энергетика) Включает в том числе: Завод, ком...",0.580120245701472
07d02061a34cea50,Мужской,40.0,Северо-Кавказский федеральный округ,Город с численностью от 100 тысяч до 500 тысяч,"Нет, домашних животных нет",,,,,,,,,,,,,,,,,,,,,,,,,,Ничего не беспокоило,,,,,,,,,,,,,Несколько раз в месяц,Eжедневно менее четырех часов в день,Незаконченное высшее (с 3-го курса вуза) или законченное высшее,Плохое,Самозанятый,,"Строительство Включает в том числе: архитектура, проектирование, дизайн интерьера",0.580120245701472
07d0336778ccecfd,Мужской,37.0,Северо-Кавказский федеральный округ,Город с численностью от 100 тысяч до 500 тысяч,"Нет, домашних животных нет",,,,,,,,,,,,,,,,,,,,,,,,,,Ничего не беспокоило,,,,,,,,,,,,,Несколько раз в неделю,Eжедневно менее четырех часов в день,"Два и более высших образования, ученая степень кандидата или доктора наук",Хорошее,Самозанятый,,"Сфера услуг, сервиса, бытового обслуживания Включает в том числе: Прачечная/химчистка, ремонт мебели, часов, ювелирны...",0.580120245701472
07cfddec214ce383,Мужской,42.0,Приволжский федеральный округ,Город с численностью от 100 тысяч до 500 тысяч,Беспородная кошка,,,,,,,,,,,,Зоомагазины,,,,,,,,,,,,Не бываю с питомцем в общественных местах,,,,,,,,,,,,,,,Смотрю более четырех часов ежедневно,Провожу в интернете более четырех часов ежедневно,"Среднее профессиональное (техникум, колледж, ПТУ)",Хорошее,"Работаю по договору, контракту в найме (за исключением находящихся в декретном отпуске, подрабатывающих студентов, пе...","Я работаю в КОММЕРЧЕСКОЙ организации, ее цель – получить прибыль (например, магазин, завод, фермерское хозяйство, АО/...","Строительство Включает в том числе: архитектура, проектирование, дизайн интерьера",0.6091087720959923
07cfe175b20ce383,Мужской,38.0,Приволжский федеральный округ,Город с численностью от 100 тысяч до 500 тысяч,"Нет, домашних животных нет",,,,,,,,,,,,,,,,,,,,,,,,,,Ничего не беспокоило,,,,,,,,,,,,,Ежедневно менее четырех часов в день,Провожу в интернете более четырех часов ежедневно,"Среднее профессиональное (техникум, колледж, ПТУ)",Среднее,Самозанятый,,"Транспортировка и хранение (складское хозяйство) Включает в том числе: Перевозка грузов, ж/д, авиа, водный, космическ...",0.6091087720959923
07cfe627290ceb06,Мужской,38.0,Приволжский федеральный округ,Город с численностью от 100 тысяч до 500 тысяч,Аквариумные рыбки,Породистая кошка,,,,,,,,,,,Ничего,,,,,,,,,,,,Нет,,,,,,,,,,,,,,,Ежедневно менее четырех часов в день,Eжедневно менее четырех часов в день,"Среднее профессиональное (техникум, колледж, ПТУ)",Плохое,"Работаю по договору, контракту в найме (за исключением находящихся в декретном отпуске, подрабатывающих студентов, пе...","Я работаю в КОММЕРЧЕСКОЙ организации, ее цель – получить прибыль (например, магазин, завод, фермерское хозяйство, АО/...","Промышленность, производство (в т.ч. добывающие, обрабатывающие отрасли, энергетика) Включает в том числе: Завод, ком...",0.6091087720959923
07cfe982a04ce15a,Мужской,42.0,Приволжский федеральный округ,Город с численностью от 100 тысяч до 500 тысяч,"Нет, домашних животных нет",,,,,,,,,,,,,,,,,,,,,,,,,,Ничего не беспокоило,,,,,,,,,,,,,Ежедневно менее четырех часов в день,Eжедневно менее четырех часов в день,"Среднее профессиональное (техникум, колледж, ПТУ)",Среднее,"Работаю по договору, контракту в найме (за исключением находящихся в декретном отпуске, подрабатывающих студентов, пе...",Затрудняюсь ответить/ отказ от ответа,Затрудняюсь ответить,0.6091087720959923
07cfd867a18cef29,Мужской,43.0,Приволжский федеральный округ,Город с численностью от 100 тысяч до 500 тысяч,Беспородная кошка,,,,,,,,,,,,Специально огороженные площадки для выгула или занятий домашних животных,"Магазины, в которых можно находиться с животными",Зоомагазины,Стойки с пакетами для уборки за собаками,"Кафе, в которых можно находиться с животными",Специализированные урны для утилизации отходов жизнедеятельности собак,Лапомойки в доме,ГрУминг-салоны (уход за животными),Ветеринарные клиники,,,,Нет,,,,,,,,,,,,,,,Смотрю более четырех часов ежедневно,Провожу в интернете более четырех часов ежедневно,"Среднее профессиональное (техникум, колледж, ПТУ)",Среднее,"Работаю по договору, контракту в найме (за исключением находящихся в декретном отпуске, подрабатывающих студентов, пе...","Я работаю в НЕКОММЕРЧЕСКОЙ организации, которая оказывает помощь населению (благотворительные фонды, центры поддержки...",,0.6091087720959923
07cffd8b2d4ce21c,Мужской,35.0,Приволжский федеральный округ,Город с численностью от 100 тысяч до 500 тысяч,Беспородная кошка,Породистая собака,,,,,,,,,,,Ветеринарные клиники,,,,,,,,,,,,Нет,5- полностью удовлетворен,,,,,,,,,,,,,,Смотрю более четырех часов ежедневно,Провожу в интернете более четырех часов ежедневно,"Среднее профессиональное (техникум, колледж, ПТУ)",Среднее,"Работаю по договору, контракту в найме (за исключением находящихся в декретном отпуске, подрабатывающих студентов, пе...","Я работаю в КОММЕРЧЕСКОЙ организации, ее цель – получить прибыль (например, магазин, завод, фермерское хозяйство, АО/...",Другое (укажите),0.6091087720959923
07cff5ceb1cce77e,Мужской,41.0,Приволжский федеральный округ,Город с численностью от 100 тысяч до 500 тысяч,Аквариумные рыбки,Беспородная собака,Беспородная кошка,,,,,,,,,,Специально огороженные площадки для выгула или занятий домашних животных,Ветеринарные клиники,,,,,,,,,,,Нет,2,,,,,,,,,,,,,,Несколько раз в неделю,Несколько раз в неделю,Незаконченное высшее (с 3-го курса вуза) или законченное высшее,Очень плохое,"Работаю по договору, контракту в найме (за исключением находящихся в декретном отпуске, подрабатывающих студентов, пе...","Я работаю в КОММЕРЧЕСКОЙ организации, ее цель – получить прибыль (например, магазин, завод, фермерское хозяйство, АО/...","Промышленность, производство (в т.ч. добывающие, обрабатывающие отрасли, энергетика) Включает в том числе: Завод, ком...",0.6218089709574203
07cffd8a07cce16a,Мужской,43.0,Приволжский федеральный округ,Город с численностью от 100 тысяч до 500 тысяч,"Нет, домашних животных нет",,,,,,,,,,,,,,,,,,,,,,,,,,Ничего не беспокоило,,,,,,,,,,,,,Смотрю более четырех часов ежедневно,Провожу в интернете более четырех часов ежедневно,Незаконченное высшее (с 3-го курса вуза) или законченное высшее,Хорошее,"Работаю по договору, контракту в найме (за исключением находящихся в декретном отпуске, подрабатывающих студентов, пе...","Я работаю в КОММЕРЧЕСКОЙ организации, ее цель – получить прибыль (например, магазин, завод, фермерское хозяйство, АО/...","Промышленность, производство (в т.ч. добывающие, обрабатывающие отрасли, энергетика) Включает в том числе: Завод, ком...",0.6218089709574203
07cffcea2dccee9b,Мужской,40.0,Приволжский федеральный округ,Город с численностью от 100 тысяч до 500 тысяч,Декоративные птицы,,,,,,,,,,,,Ничего,,,,,,,,,,,,Нет,,,,,,,,,,,,,,,Ежедневно менее четырех часов в день,Провожу в интернете более четырех часов ежедневно,Незаконченное высшее (с 3-го курса вуза) или законченное высшее,Хорошее,"Работаю по договору, контракту в найме (за исключением находящихся в декретном отпуске, подрабатывающих студентов, пе...","Я работаю в КОММЕРЧЕСКОЙ организации, ее цель – получить прибыль (например, магазин, завод, фермерское хозяйство, АО/...","Промышленность, производство (в т.ч. добывающие, обрабатывающие отрасли, энергетика) Включает в том числе: Завод, ком...",0.6218089709574203
07d0006cbe4ceaf1,Мужской,44.0,Приволжский федеральный округ,Город с численностью от 100 тысяч до 500 тысяч,Беспородная кошка,,,,,,,,,,,,Зоомагазины,Ветеринарные клиники,,,,,,,,,,,Не бываю с питомцем в общественных местах,,,,,,,,,,,,,,,Несколько раз в неделю,Eжедневно менее четырех часов в день,Незаконченное высшее (с 3-го курса вуза) или законченное высшее,Среднее,Самозанятый,,"Сфера услуг, сервиса, бытового обслуживания Включает в том числе: Прачечная/химчистка, ремонт мебели, часов, ювелирны...",0.6218089709574203
07d00cfad08cece2,Мужской,41.0,Приволжский федеральный округ,Город с численностью от 100 тысяч до 500 тысяч,"Нет, домашних животных нет",,,,,,,,,,,,,,,,,,,,,,,,,,Громкий лай в позднее или раннее время,Выгул агрессивных собак без намордника,Выгул в неположенных местах,Самовыгул собак (без поводка),,,,,,,,,,Ежедневно менее четырех часов в день,Провожу в интернете более четырех часов ежедневно,Незаконченное высшее (с 3-го курса вуза) или законченное высшее,Среднее,"Работаю по договору, контракту в найме (за исключением находящихся в декретном отпуске, подрабатывающих студентов, пе...","Я работаю в КОММЕРЧЕСКОЙ организации, ее цель – получить прибыль (например, магазин, завод, фермерское хозяйство, АО/...","Торговля (оптовая, розничная, онлайн продажи; в т.ч. - недвижимость) Включает в том числе: Магазин, автосалон, аукцио...",0.6218089709574203
07d01d75cb8ce8fb,Мужской,40.0,Приволжский федеральный округ,Город с численностью от 100 тысяч до 500 тысяч,"Нет, домашних животных нет",,,,,,,,,,,,,,,,,,,,,,,,,,Ничего не беспокоило,,,,,,,,,,,,,Несколько раз в неделю,Eжедневно менее четырех часов в день,Незаконченное высшее (с 3-го курса вуза) или законченное высшее,Среднее,"Работаю по договору, контракту в найме (за исключением находящихся в декретном отпуске, подрабатывающих студентов, пе...","Я работаю в КОММЕРЧЕСКОЙ организации, ее цель – получить прибыль (например, магазин, завод, фермерское хозяйство, АО/...",Другое (укажите),0.6218089709574203
07cfc6419d4ce07f,Мужской,37.0,Уральский федеральный округ,Город с численностью от 100 тысяч до 500 тысяч,Другое,,,,,,,,,,,,Специализированные урны для утилизации отходов жизнедеятельности собак,Ветеринарные клиники,,,,,,,,,,,Нет,,,,,,,,,,,,,,,Не смотрю,Провожу в интернете более четырех часов ежедневно,Среднее общее (10 или 11 классов школы с аттестатом),Среднее,"Работаю по договору, контракту в найме (за исключением находящихся в декретном отпуске, подрабатывающих студентов, пе...","Я работаю в КОММЕРЧЕСКОЙ организации, ее цель – получить прибыль (например, магазин, завод, фермерское хозяйство, АО/...","Торговля (оптовая, розничная, онлайн продажи; в т.ч. - недвижимость) Включает в том числе: Магазин, автосалон, аукцио...",0.6387959968233946
07cfdf81328ce990,Мужской,36.0,Уральский федеральный округ,Город с численностью от 100 тысяч до 500 тысяч,Породистая кошка,,,,,,,,,,,,Зоомагазины,,,,,,,,,,,,Не бываю с питомцем в общественных местах,,,,,,,,,,,,,,,Несколько раз в месяц,Eжедневно менее четырех часов в день,"Среднее профессиональное (техникум, колледж, ПТУ)",Хорошее,"Работаю по договору, контракту в найме (за исключением находящихся в декретном отпуске, подрабатывающих студентов, пе...","Я работаю в КОММЕРЧЕСКОЙ организации, ее цель – получить прибыль (например, магазин, завод, фермерское хозяйство, АО/...","Сельское, лесное хозяйство, охота, рыболовство и рыбоводство Включает в том числе: Фермерское хозяйство, скотобойни, ...",0.6387959968233946
07cfc816084ce380,Мужской,35.0,Уральский федеральный округ,Город с численностью от 100 тысяч до 500 тысяч,Беспородная кошка,,,,,,,,,,,,Специально огороженные площадки для выгула или занятий домашних животных,Специализированные урны для утилизации отходов жизнедеятельности собак,Ветеринарные клиники,Зоомагазины,ГрУминг-салоны (уход за животными),"Кафе, в которых можно находиться с животными",,,,,,,Не бываю с питомцем в общественных местах,,,,,,,,,,,,,,,Не смотрю,Eжедневно менее четырех часов в день,Незаконченное высшее (с 3-го курса вуза) или законченное высшее,Среднее,"Работаю по договору, контракту в найме (за исключением находящихся в декретном отпуске, подрабатывающих студентов, пе...","Я работаю в КОММЕРЧЕСКОЙ организации, ее цель – получить прибыль (например, магазин, завод, фермерское хозяйство, АО/...","Сфера услуг, сервиса, бытового обслуживания Включает в том числе: Прачечная/химчистка, ремонт мебели, часов, ювелирны...",0.565474345787977
07cfcbdb374ce77c,Мужской,40.0,Уральский федеральный округ,Город с численностью от 100 тысяч до 500 тысяч,Беспородная кошка," Мелкие животные (хомячки, морские свинки, черепашки и т.п.)",,,,,,,,,,,Ветеринарные клиники,ГрУминг-салоны (уход за животными),Специально огороженные площадки для выгула или занятий домашних животных,Зоомагазины,,,,,,,,,Не бываю с питомцем в общественных местах,,,,,,,,,,,,,,,Смотрю более четырех часов ежедневно,Eжедневно менее четырех часов в день,Незаконченное высшее (с 3-го курса вуза) или законченное высшее,Среднее,"Работаю по договору, контракту в найме (за исключением находящихся в декретном отпуске, подрабатывающих студентов, пе...","Я работаю в КОММЕРЧЕСКОЙ организации, ее цель – получить прибыль (например, магазин, завод, фермерское хозяйство, АО/...","Промышленность, производство (в т.ч. добывающие, обрабатывающие отрасли, энергетика) Включает в том числе: Завод, ком...",0.565474345787977
07cff062590cef50,Мужской,42.0,Уральский федеральный округ,Город с численностью от 100 тысяч до 500 тысяч,"Нет, домашних животных нет",,,,,,,,,,,,,,,,,,,,,,,,,,Отсутствие уборки за собаками во дворе,Выгул в неположенных местах,,,,,,,,,,,,Несколько раз в месяц,Eжедневно менее четырех часов в день,Незаконченное высшее (с 3-го курса вуза) или законченное высшее,Хорошее,"Работаю по договору, контракту в найме (за исключением находящихся в декретном отпуске, подрабатывающих студентов, пе...","Я работаю в КОММЕРЧЕСКОЙ организации, ее цель – получить прибыль (например, магазин, завод, фермерское хозяйство, АО/...","Промышленность, производство (в т.ч. добывающие, обрабатывающие отрасли, энергетика) Включает в том числе: Завод, ком...",0.565474345787977
07cfce55fd4ce80c,Мужской,42.0,Сибирский федеральный округ,Город с численностью от 100 тысяч до 500 тысяч,Породистая кошка,Породистая собака,,,,,,,,,,,"Магазины, в которых можно находиться с животными",Зоомагазины,,,,,,,,,,,Нет,3,,,,,,,,,,,,,,Ежедневно менее четырех часов в день,Eжедневно менее четырех часов в день,"Среднее профессиональное (техникум, колледж, ПТУ)",Хорошее,"Работаю по договору, контракту в найме (за исключением находящихся в декретном отпуске, подрабатывающих студентов, пе...","Я работаю в БЮДЖЕТНОЙ организации, которая безвозмездно оказывает услуги населению (детский сад, общеобразовательная,...","Образование, наука Включает в том числе: ясли, детский сад, школа, ССУЗ, вуз, научно-исследовательские институты, центры",0.6370785840409321
07cfe844bf8ce817,Мужской,40.0,Сибирский федеральный округ,Город с численностью от 100 тысяч до 500 тысяч,"Нет, домашних животных нет",,,,,,,,,,,,,,,,,,,,,,,,,,Громкий лай в позднее или раннее время,Выгул агрессивных собак без намордника,,,,,,,,,,,,Ежедневно менее четырех часов в день,Eжедневно менее четырех часов в день,"Среднее профессиональное (техникум, колледж, ПТУ)",Хорошее,"Предприниматель, собственник бизнеса",,"Общественное питание, ресторанный и гостиничный бизнес Включает в том числе: Кафе, ресторан, доставка продуктов питан...",0.6370785840409321
07cfcbacb20ce116,Мужской,38.0,Сибирский федеральный округ,Город с численностью от 100 тысяч до 500 тысяч,Беспородная кошка,,,,,,,,,,,,Зоомагазины,Ветеринарные клиники,,,,,,,,,,,Нет,,,,,,,,,,,,,,,Несколько раз в неделю,Eжедневно менее четырех часов в день,Незаконченное высшее (с 3-го курса вуза) или законченное высшее,Среднее,"Работаю по договору, контракту в найме (за исключением находящихся в декретном отпуске, подрабатывающих студентов, пе...","Я работаю в НЕКОММЕРЧЕСКОЙ организации, которая оказывает помощь населению (благотворительные фонды, центры поддержки...",,0.6190728303387617
07cf8cb8eeccee0c,Мужской,36.0,Дальневосточный федеральный округ,Город с численностью от 100 тысяч до 500 тысяч,Аквариумные рыбки,Породистая кошка,,,,,,,,,,,Ветеринарные клиники,Зоомагазины,,,,,,,,,,,Не бываю с питомцем в общественных местах,,,,,,,,,,,,,,,Ежедневно менее четырех часов в день,Несколько раз в неделю,"Среднее профессиональное (техникум, колледж, ПТУ)",Среднее,"Работаю по договору, контракту в найме (за исключением находящихся в декретном отпуске, подрабатывающих студентов, пе...","Я работаю в КОММЕРЧЕСКОЙ организации, ее цель – получить прибыль (например, магазин, завод, фермерское хозяйство, АО/...","Промышленность, производство (в т.ч. добывающие, обрабатывающие отрасли, энергетика) Включает в том числе: Завод, ком...",0.5785631814608264
07cf9039680ce048,Мужской,40.0,Дальневосточный федеральный округ,Город с численностью от 100 тысяч до 500 тысяч,Затрудняюсь ответить,,,,,,,,,,,,,,,,,,,,,,,,,,Ничего не беспокоило,,,,,,,,,,,,,Ежедневно менее четырех часов в день,Eжедневно менее четырех часов в день,"Среднее профессиональное (техникум, колледж, ПТУ)",Среднее,"Работаю по договору, контракту в найме (за исключением находящихся в декретном отпуске, подрабатывающих студентов, пе...","Я работаю в БЮДЖЕТНОЙ организации, которая безвозмездно оказывает услуги населению (детский сад, общеобразовательная,...",Другое (укажите),0.5785631814608264
07cfc9b70d8ce6fe,Мужской,43.0,Дальневосточный федеральный округ,Город с численностью от 100 тысяч до 500 тысяч,Породистая кошка,,,,,,,,,,,,ГрУминг-салоны (уход за животными),Специально огороженные площадки для выгула или занятий домашних животных,"Магазины, в которых можно находиться с животными",Ветеринарные клиники,Зоомагазины,,,,,,,,Нет,,,,,,,,,,,,,,,Не смотрю,Eжедневно менее четырех часов в день,"Среднее профессиональное (техникум, колледж, ПТУ)",Среднее,"Работаю по договору, контракту в найме (за исключением находящихся в декретном отпуске, подрабатывающих студентов, пе...","Я работаю в КОММЕРЧЕСКОЙ организации, ее цель – получить прибыль (например, магазин, завод, фермерское хозяйство, АО/...",Другое (укажите),0.5785631814608264
07cfe7e9e1ccedb3,Мужской,41.0,Дальневосточный федеральный округ,Город с численностью от 100 тысяч до 500 тысяч,"Нет, домашних животных нет",,,,,,,,,,,,,,,,,,,,,,,,,,Самовыгул собак (без поводка),,,,,,,,,,,,,Несколько раз в неделю,Провожу в интернете более четырех часов ежедневно,"Среднее профессиональное (техникум, колледж, ПТУ)",Среднее,Самозанятый,,"Транспортировка и хранение (складское хозяйство) Включает в том числе: Перевозка грузов, ж/д, авиа, водный, космическ...",0.5785631814608264
07cffbb2078ceb28,Мужской,40.0,Дальневосточный федеральный округ,Город с численностью от 100 тысяч до 500 тысяч,"Нет, домашних животных нет",,,,,,,,,,,,,,,,,,,,,,,,,,Ничего не беспокоило,,,,,,,,,,,,,Несколько раз в неделю,Провожу в интернете более четырех часов ежедневно,"Среднее профессиональное (техникум, колледж, ПТУ)",Хорошее,"Работаю по договору, контракту в найме (за исключением находящихся в декретном отпуске, подрабатывающих студентов, пе...","Я работаю в КОММЕРЧЕСКОЙ организации, ее цель – получить прибыль (например, магазин, завод, фермерское хозяйство, АО/...","Транспортировка и хранение (складское хозяйство) Включает в том числе: Перевозка грузов, ж/д, авиа, водный, космическ...",0.5785631814608264
07cfeda6a84ce0c0,Мужской,40.0,Центральный федеральный округ,Город с численностью от 500 тысяч до 950 тысяч,Беспородная кошка,,,,,,,,,,,,Ничего,,,,,,,,,,,,Нет,,,,,,,,,,,,,,,Не смотрю,Несколько раз в неделю,Среднее общее (10 или 11 классов школы с аттестатом),Среднее,"Работаю по договору, контракту в найме (за исключением находящихся в декретном отпуске, подрабатывающих студентов, пе...","Я работаю в КОММЕРЧЕСКОЙ организации, ее цель – получить прибыль (например, магазин, завод, фермерское хозяйство, АО/...","Транспортировка и хранение (складское хозяйство) Включает в том числе: Перевозка грузов, ж/д, авиа, водный, космическ...",0.5520505058573436
07cfd49e004ce49c,Мужской,43.0,Южный федеральный округ,Город с численностью от 500 тысяч до 950 тысяч,Беспородная кошка,,,,,,,,,,,,Зоомагазины,"Магазины, в которых можно находиться с животными",,,,,,,,,,,Нет,,,,,,,,,,,,,,,Смотрю более четырех часов ежедневно,Eжедневно менее четырех часов в день,"Среднее профессиональное (техникум, колледж, ПТУ)",Хорошее,Самозанятый,,"Строительство Включает в том числе: архитектура, проектирование, дизайн интерьера",0.5434601193605987
07cfdc88294cebb8,Мужской,42.0,Южный федеральный округ,Город с численностью от 500 тысяч до 950 тысяч,Породистая собака,,,,,,,,,,,,Зоомагазины,Ветеринарные клиники,ГрУминг-салоны (уход за животными),,,,,,,,,,Нет,3,,,,,,,,,,,,,,Не смотрю,Eжедневно менее четырех часов в день,"Среднее профессиональное (техникум, колледж, ПТУ)",Плохое,"Работаю по договору, контракту в найме (за исключением находящихся в декретном отпуске, подрабатывающих студентов, пе...","Я работаю в КОММЕРЧЕСКОЙ организации, ее цель – получить прибыль (например, магазин, завод, фермерское хозяйство, АО/...","Сфера услуг, сервиса, бытового обслуживания Включает в том числе: Прачечная/химчистка, ремонт мебели, часов, ювелирны...",0.5434601193605987
07cfd76105cce123,Мужской,44.0,Южный федеральный округ,Город с численностью от 500 тысяч до 950 тысяч,Беспородная собака,,,,,,,,,,,,Стойки с пакетами для уборки за собаками,Специально огороженные площадки для выгула или занятий домашних животных,Специализированные урны для утилизации отходов жизнедеятельности собак,"Магазины, в которых можно находиться с животными",Зоомагазины,Ветеринарные клиники,ГрУминг-салоны (уход за животными),"Кафе, в которых можно находиться с животными",Лапомойки в доме,,,,Нет,5- полностью удовлетворен,,,,,,,,,,,,,,Ежедневно менее четырех часов в день,Провожу в интернете более четырех часов ежедневно,Незаконченное высшее (с 3-го курса вуза) или законченное высшее,Хорошее,Неработающий пенсионер (в том числе по инвалидности),,,0.5223629980891421
07cff27e6a4cea10,Мужской,44.0,Южный федеральный округ,Город с численностью от 500 тысяч до 950 тысяч,Беспородная собака,Беспородная кошка,Породистая собака,Породистая кошка,,,,,,,,,Зоомагазины,Ветеринарные клиники,,,,,,,,,,,Не бываю с питомцем в общественных местах,5- полностью удовлетворен,,,,,,,,,,,,,,Не смотрю,Провожу в интернете более четырех часов ежедневно,Незаконченное высшее (с 3-го курса вуза) или законченное высшее,Плохое,"Работаю по договору, контракту в найме (за исключением находящихся в декретном отпуске, подрабатывающих студентов, пе...","Я работаю в БЮДЖЕТНОЙ организации, которая безвозмездно оказывает услуги населению (детский сад, общеобразовательная,...","Здравоохранение Включает в том числе: поликлиники, медицинские центры, больницы, стационары,  «Скорая помощь», санатории",0.5223629980891421
07cff510258ce84c,Мужской,41.0,Южный федеральный округ,Город с численностью от 500 тысяч до 950 тысяч,Беспородная собака,,,,,,,,,,,,Ветеринарные клиники,,,,,,,,,,,,Нет,3,,,,,,,,,,,,,,Не смотрю,Провожу в интернете более четырех часов ежедневно,Незаконченное высшее (с 3-го курса вуза) или законченное высшее,Хорошее,Самозанятый,,"Строительство Включает в том числе: архитектура, проектирование, дизайн интерьера",0.5223629980891421
07d01c2ed58ce838,Мужской,43.0,Северо-Кавказский федеральный округ,Город с численностью от 500 тысяч до 950 тысяч,Породистая собака,Беспородная кошка,,,,,,,,,,,Ветеринарные клиники,Зоомагазины,Специально огороженные площадки для выгула или занятий домашних животных,,,,,,,,,,"Да, время от времени",4,,,,,,,,,,,,,,Не смотрю,Eжедневно менее четырех часов в день,"Среднее профессиональное (техникум, колледж, ПТУ)",Среднее,"Работаю по договору, контракту в найме (за исключением находящихся в декретном отпуске, подрабатывающих студентов, пе...","Я работаю в КОММЕРЧЕСКОЙ организации, ее цель – получить прибыль (например, магазин, завод, фермерское хозяйство, АО/...","Промышленность, производство (в т.ч. добывающие, обрабатывающие отрасли, энергетика) Включает в том числе: Завод, ком...",0.6310764900819961
07cfebd4538ce803,Мужской,37.0,Северо-Кавказский федеральный округ,Город с численностью от 500 тысяч до 950 тысяч,Беспородная собака,,,,,,,,,,,,Зоомагазины,,,,,,,,,,,,Не бываю с питомцем в общественных местах,5- полностью удовлетворен,,,,,,,,,,,,,,Ежедневно менее четырех часов в день,Eжедневно менее четырех часов в день,Незаконченное высшее (с 3-го курса вуза) или законченное высшее,Плохое,"Работаю по договору, контракту в найме (за исключением находящихся в декретном отпуске, подрабатывающих студентов, пе...","Я работаю в КОММЕРЧЕСКОЙ организации, ее цель – получить прибыль (например, магазин, завод, фермерское хозяйство, АО/...","Строительство Включает в том числе: архитектура, проектирование, дизайн интерьера",0.5059713286002955
07d03667790cee36,Мужской,41.0,Северо-Кавказский федеральный округ,Город с численностью от 500 тысяч до 950 тысяч,"Домашний скот (куры, коровы, козы и т.п.) (из другого)",,,,,,,,,,,,Ничего,,,,,,,,,,,,Не бываю с питомцем в общественных местах,,,,,,,,,,,,,,,Не смотрю,Провожу в интернете более четырех часов ежедневно,Незаконченное высшее (с 3-го курса вуза) или законченное высшее,Среднее,"Работаю по договору, контракту в найме (за исключением находящихся в декретном отпуске, подрабатывающих студентов, пе...","Я работаю в КОММЕРЧЕСКОЙ организации, ее цель – получить прибыль (например, магазин, завод, фермерское хозяйство, АО/...","Торговля (оптовая, розничная, онлайн продажи; в т.ч. - недвижимость) Включает в том числе: Магазин, автосалон, аукцио...",0.5059713286002955
07cfd91d7a0ce348,Мужской,42.0,Приволжский федеральный округ,Город с численностью от 500 тысяч до 950 тысяч,Беспородная собака,,,,,,,,,,,,"Магазины, в которых можно находиться с животными",,,,,,,,,,,,Нет,4,,,,,,,,,,,,,,Несколько раз в месяц,Провожу в интернете более четырех часов ежедневно,"Среднее профессиональное (техникум, колледж, ПТУ)",Среднее,"Работаю по договору, контракту в найме (за исключением находящихся в декретном отпуске, подрабатывающих студентов, пе...","Я работаю в КОММЕРЧЕСКОЙ организации, ее цель – получить прибыль (например, магазин, завод, фермерское хозяйство, АО/...","Строительство Включает в том числе: архитектура, проектирование, дизайн интерьера",0.5312546441244151
07cfe3485b0cec87,Мужской,40.0,Приволжский федеральный округ,Город с численностью от 500 тысяч до 950 тысяч,Беспородная кошка,,,,,,,,,,,,Ветеринарные клиники,,,,,,,,,,,,Не бываю с питомцем в общественных местах,,,,,,,,,,,,,,,Несколько раз в неделю,Eжедневно менее четырех часов в день,"Среднее профессиональное (техникум, колледж, ПТУ)",Среднее,"Работаю по договору, контракту в найме (за исключением находящихся в декретном отпуске, подрабатывающих студентов, пе...","Я работаю в КОММЕРЧЕСКОЙ организации, ее цель – получить прибыль (например, магазин, завод, фермерское хозяйство, АО/...","Торговля (оптовая, розничная, онлайн продажи; в т.ч. - недвижимость) Включает в том числе: Магазин, автосалон, аукцио...",0.5312546441244151
07d0078b92ccee8e,Мужской,41.0,Приволжский федеральный округ,Город с численностью от 500 тысяч до 950 тысяч,Породистая собака,Породистая кошка,,,,,,,,,,,Ветеринарные клиники,Специально огороженные площадки для выгула или занятий домашних животных,,,,,,,,,,,Нет,5- полностью удовлетворен,,,,,,,,,,,,,,Не смотрю,Eжедневно менее четырех часов в день,"Среднее профессиональное (техникум, колледж, ПТУ)",Среднее,"Работаю по договору, контракту в найме (за исключением находящихся в декретном отпуске, подрабатывающих студентов, пе...","Я работаю в КОММЕРЧЕСКОЙ организации, ее цель – получить прибыль (например, магазин, завод, фермерское хозяйство, АО/...",Другое (укажите),0.5312546441244151
07cfd3daaa8ce213,Мужской,35.0,Приволжский федеральный округ,Город с численностью от 500 тысяч до 950 тысяч,Беспородная кошка,,,,,,,,,,,,Зоомагазины,Ветеринарные клиники,,,,,,,,,,,Не бываю с питомцем в общественных местах,,,,,,,,,,,,,,,Не смотрю,Провожу в интернете более четырех часов ежедневно,Незаконченное высшее (с 3-го курса вуза) или законченное высшее,Плохое,"Работаю по договору, контракту в найме (за исключением находящихся в декретном отпуске, подрабатывающих студентов, пе...","Я работаю в КОММЕРЧЕСКОЙ организации, ее цель – получить прибыль (например, магазин, завод, фермерское хозяйство, АО/...","Промышленность, производство (в т.ч. добывающие, обрабатывающие отрасли, энергетика) Включает в том числе: Завод, ком...",0.5423315485059099
07cfe891818cee77,Мужской,40.0,Приволжский федеральный округ,Город с численностью от 500 тысяч до 950 тысяч," Мелкие животные (хомячки, морские свинки, черепашки и т.п.)",Декоративные птицы,,,,,,,,,,,Зоомагазины,Ветеринарные клиники,,,,,,,,,,,Нет,,,,,,,,,,,,,,,Ежедневно менее четырех часов в день,Провожу в интернете более четырех часов ежедневно,Незаконченное высшее (с 3-го курса вуза) или законченное высшее,Среднее,"Работаю по договору, контракту в найме (за исключением находящихся в декретном отпуске, подрабатывающих студентов, пе...","Я работаю в БЮДЖЕТНОЙ организации, которая безвозмездно оказывает услуги населению (детский сад, общеобразовательная,...","Здравоохранение Включает в том числе: поликлиники, медицинские центры, больницы, стационары,  «Скорая помощь», санатории",0.5423315485059099
07cffcce820ce6f5,Мужской,38.0,Приволжский федеральный округ,Город с численностью от 500 тысяч до 950 тысяч,Породистая кошка,,,,,,,,,,,,Зоомагазины,,,,,,,,,,,,Не бываю с питомцем в общественных местах,,,,,,,,,,,,,,,Несколько раз в неделю,Eжедневно менее четырех часов в день,"Два и более высших образования, ученая степень кандидата или доктора наук",Среднее,"Работаю по договору, контракту в найме (за исключением находящихся в декретном отпуске, подрабатывающих студентов, пе...","Я работаю в БЮДЖЕТНОЙ организации, которая безвозмездно оказывает услуги населению (детский сад, общеобразовательная,...","Здравоохранение Включает в том числе: поликлиники, медицинские центры, больницы, стационары,  «Скорая помощь», санатории",0.5423315485059099
07d004332c4cee3b,Мужской,42.0,Приволжский федеральный округ,Город с численностью от 500 тысяч до 950 тысяч,"Нет, домашних животных нет",,,,,,,,,,,,,,,,,,,,,,,,,,Выгул собак на длинном поводке,Выгул агрессивных собак без намордника,Выгул в неположенных местах,Отсутствие уборки за собаками во дворе,,,,,,,,,,"Редко, но не менее одного раза в полгода",Провожу в интернете более четырех часов ежедневно,Незаконченное высшее (с 3-го курса вуза) или законченное высшее,Среднее,(НЕ ЗАЧИТЫВАТЬ) Затрудняюсь ответить,,,0.5423315485059099
07cfb6c5fccce83f,Мужской,42.0,Уральский федеральный округ,Город с численностью от 500 тысяч до 950 тысяч,"Нет, домашних животных нет",,,,,,,,,,,,,,,,,,,,,,,,,,Ничего не беспокоило,,,,,,,,,,,,,Несколько раз в месяц,Eжедневно менее четырех часов в день,Незаконченное высшее (с 3-го курса вуза) или законченное высшее,Среднее,"Работаю по договору, контракту в найме (за исключением находящихся в декретном отпуске, подрабатывающих студентов, пе...","Я работаю в КОММЕРЧЕСКОЙ организации, ее цель – получить прибыль (например, магазин, завод, фермерское хозяйство, АО/...","Промышленность, производство (в т.ч. добывающие, обрабатывающие отрасли, энергетика) Включает в том числе: Завод, ком...",0.49319741579051657
07cfc06d4eccec2c,Мужской,36.0,Сибирский федеральный округ,Город с численностью от 500 тысяч до 950 тысяч,"Нет, домашних животных нет",,,,,,,,,,,,,,,,,,,,,,,,,,Отсутствие уборки за собаками во дворе,,,,,,,,,,,,,Несколько раз в неделю,Провожу в интернете более четырех часов ежедневно,Основное общее образование: окончил 9 (раньше 8) классов,Среднее,Самозанятый,,"Транспортировка и хранение (складское хозяйство) Включает в том числе: Перевозка грузов, ж/д, авиа, водный, космическ...",0.5556494536752687
07cfc4c2b58ce134,Мужской,38.0,Сибирский федеральный округ,Город с численностью от 500 тысяч до 950 тысяч,Беспородная собака,Беспородная кошка,"Домашний скот (куры, коровы, козы и т.п.) (из другого)",,,,,,,,,,Затрудняюсь ответить,,,,,,,,,,,,"Да, время от времени",5- полностью удовлетворен,,,,,,,,,,,,,,"Редко, но не менее одного раза в полгода",Eжедневно менее четырех часов в день,"Среднее профессиональное (техникум, колледж, ПТУ)",Среднее,"Временно не работаю, безработный",,,0.5556494536752687
07cfd7b4f10ce9df,Мужской,36.0,Сибирский федеральный округ,Город с численностью от 500 тысяч до 950 тысяч,Беспородная кошка,,,,,,,,,,,,Ветеринарные клиники,"Кафе, в которых можно находиться с животными",Лапомойки в доме,Стойки с пакетами для уборки за собаками,Специально огороженные площадки для выгула или занятий домашних животных,Зоомагазины,"Магазины, в которых можно находиться с животными",Специализированные урны для утилизации отходов жизнедеятельности собак,ГрУминг-салоны (уход за животными),,,,Нет,,,,,,,,,,,,,,,Не смотрю,Eжедневно менее четырех часов в день,"Среднее профессиональное (техникум, колледж, ПТУ)",Очень хорошее,"Работаю по договору, контракту в найме (за исключением находящихся в декретном отпуске, подрабатывающих студентов, пе...","Я работаю в КОММЕРЧЕСКОЙ организации, ее цель – получить прибыль (например, магазин, завод, фермерское хозяйство, АО/...","Промышленность, производство (в т.ч. добывающие, обрабатывающие отрасли, энергетика) Включает в том числе: Завод, ком...",0.5556494536752687
07cfe5a66e4ce729,Мужской,42.0,Сибирский федеральный округ,Город с численностью от 500 тысяч до 950 тысяч,"Нет, домашних животных нет",,,,,,,,,,,,,,,,,,,,,,,,,,Ничего не беспокоило,,,,,,,,,,,,,Не смотрю,Eжедневно менее четырех часов в день,"Среднее профессиональное (техникум, колледж, ПТУ)",Среднее,"Работаю по договору, контракту в найме (за исключением находящихся в декретном отпуске, подрабатывающих студентов, пе...","Я работаю в КОММЕРЧЕСКОЙ организации, ее цель – получить прибыль (например, магазин, завод, фермерское хозяйство, АО/...","Сфера услуг, сервиса, бытового обслуживания Включает в том числе: Прачечная/химчистка, ремонт мебели, часов, ювелирны...",0.5556494536752687
07cfcf987d0ce05d,Мужской,40.0,Сибирский федеральный округ,Город с численностью от 500 тысяч до 950 тысяч,Породистая собака,,,,,,,,,,,,Ветеринарные клиники,Зоомагазины,,,,,,,,,,,Нет,1 – совершенно не удовлетворен,,,,,,,,,,,,,,Не смотрю,Eжедневно менее четырех часов в день,"Два и более высших образования, ученая степень кандидата или доктора наук",Плохое,Работающий пенсионер,"Я работаю в КОММЕРЧЕСКОЙ организации, ее цель – получить прибыль (например, магазин, завод, фермерское хозяйство, АО/...","Строительство Включает в том числе: архитектура, проектирование, дизайн интерьера",0.5399451316995361
07cfe06aa98ce37c,Мужской,44.0,Сибирский федеральный округ,Город с численностью от 500 тысяч до 950 тысяч,Беспородная кошка,,,,,,,,,,,,Ветеринарные клиники,Зоомагазины,ГрУминг-салоны (уход за животными),,,,,,,,,,Не бываю с питомцем в общественных местах,,,,,,,,,,,,,,,Несколько раз в месяц,Несколько раз в неделю,Незаконченное высшее (с 3-го курса вуза) или законченное высшее,Среднее,"Работаю по договору, контракту в найме (за исключением находящихся в декретном отпуске, подрабатывающих студентов, пе...","Я работаю в КОММЕРЧЕСКОЙ организации, ее цель – получить прибыль (например, магазин, завод, фермерское хозяйство, АО/...","Транспортировка и хранение (складское хозяйство) Включает в том числе: Перевозка грузов, ж/д, авиа, водный, космическ...",0.5399451316995361
07cfc362c4cce571,Мужской,42.0,Дальневосточный федеральный округ,Город с численностью от 500 тысяч до 950 тысяч,Беспородная кошка,,,,,,,,,,,,Ветеринарные клиники,Специально огороженные площадки для выгула или занятий домашних животных,Зоомагазины,ГрУминг-салоны (уход за животными),,,,,,,,,Нет,,,,,,,,,,,,,,,Не смотрю,Eжедневно менее четырех часов в день,Основное общее образование: окончил 9 (раньше 8) классов,Среднее,Самозанятый,,"Сфера услуг, сервиса, бытового обслуживания Включает в том числе: Прачечная/химчистка, ремонт мебели, часов, ювелирны...",0.5046132828013545
07cff438704ce8fb,Мужской,44.0,Центральный федеральный округ,Город с численностью жителей миллион и более человек,"Нет, домашних животных нет",,,,,,,,,,,,,,,,,,,,,,,,,,Ничего не беспокоило,,,,,,,,,,,,,Ежедневно менее четырех часов в день,Провожу в интернете более четырех часов ежедневно,"Среднее профессиональное (техникум, колледж, ПТУ)",Очень плохое,"Работаю по договору, контракту в найме (за исключением находящихся в декретном отпуске, подрабатывающих студентов, пе...","Я работаю в КОММЕРЧЕСКОЙ организации, ее цель – получить прибыль (например, магазин, завод, фермерское хозяйство, АО/...","Торговля (оптовая, розничная, онлайн продажи; в т.ч. - недвижимость) Включает в том числе: Магазин, автосалон, аукцио...",0.7559124758554975
07cffc3a708ce823,Мужской,35.0,Центральный федеральный округ,Город с численностью жителей миллион и более человек,Породистая собака,,,,,,,,,,,,Ветеринарные клиники,Специально огороженные площадки для выгула или занятий домашних животных,"Кафе, в которых можно находиться с животными",Зоомагазины,,,,,,,,,Нет,4,,,,,,,,,,,,,,Не смотрю,Провожу в интернете более четырех часов ежедневно,"Среднее профессиональное (техникум, колледж, ПТУ)",Среднее,"Работаю по договору, контракту в найме (за исключением находящихся в декретном отпуске, подрабатывающих студентов, пе...","Я работаю в КОММЕРЧЕСКОЙ организации, ее цель – получить прибыль (например, магазин, завод, фермерское хозяйство, АО/...","Торговля (оптовая, розничная, онлайн продажи; в т.ч. - недвижимость) Включает в том числе: Магазин, автосалон, аукцио...",0.7559124758554975
07d00161d14ce31c,Мужской,40.0,Центральный федеральный округ,Город с численностью жителей миллион и более человек,"Нет, домашних животных нет",,,,,,,,,,,,,,,,,,,,,,,,,,"Укусы, нападения собак на людей",,,,,,,,,,,,,Не смотрю,Eжедневно менее четырех часов в день,"Среднее профессиональное (техникум, колледж, ПТУ)",Очень плохое,"Временно не работаю, безработный",,,0.7559124758554975
07cffe7bd98ce17c,Мужской,35.0,Центральный федеральный округ,Город с численностью жителей миллион и более человек,Породистая собака,Беспородная кошка,,,,,,,,,,,Стойки с пакетами для уборки за собаками,Зоомагазины,Специально огороженные площадки для выгула или занятий домашних животных,ГрУминг-салоны (уход за животными),Лапомойки в доме,"Магазины, в которых можно находиться с животными",Специализированные урны для утилизации отходов жизнедеятельности собак,Ветеринарные клиники,,,,,Нет,5- полностью удовлетворен,,,,,,,,,,,,,,Ежедневно менее четырех часов в день,Провожу в интернете более четырех часов ежедневно,"Среднее профессиональное (техникум, колледж, ПТУ)",Среднее,(НЕ ЗАЧИТЫВАТЬ) Затрудняюсь ответить,,,0.7559124758554975
07d00a802ecce988,Мужской,40.0,Центральный федеральный округ,Город с численностью жителей миллион и более человек,Беспородная кошка,,,,,,,,,,,,Специально огороженные площадки для выгула или занятий домашних животных,Зоомагазины,ГрУминг-салоны (уход за животными),Ветеринарные клиники,,,,,,,,,Не бываю с питомцем в общественных местах,,,,,,,,,,,,,,,Не смотрю,Провожу в интернете более четырех часов ежедневно,"Среднее профессиональное (техникум, колледж, ПТУ)",Хорошее,Самозанятый,,"Информационные технологии, связь, интернет Включает в том числе: Программирование /создание программного обеспечения,...",0.7559124758554975
07d00c50d18ceb86,Мужской,40.0,Центральный федеральный округ,Город с численностью жителей миллион и более человек,Породистая собака,Породистая кошка,"Домашний скот (куры, коровы, козы и т.п.) (из другого)",,,,,,,,,,Ничего,,,,,,,,,,,,"Да, время от времени","Животное не требует выгула, не могу оценить",,,,,,,,,,,,,,Несколько раз в месяц,Eжедневно менее четырех часов в день,"Среднее профессиональное (техникум, колледж, ПТУ)",Среднее,"Предприниматель, собственник бизнеса",,"Промышленность, производство (в т.ч. добывающие, обрабатывающие отрасли, энергетика) Включает в том числе: Завод, ком...",0.7559124758554975
07d026d4e3cce762,Мужской,40.0,Центральный федеральный округ,Город с численностью жителей миллион и более человек,"Нет, домашних животных нет",,,,,,,,,,,,,,,,,,,,,,,,,,Отсутствие уборки за собаками во дворе,"Отсутствие уборки за собаками в доме (в лифте, в подъезде)",,,,,,,,,,,,Не смотрю,Провожу в интернете более четырех часов ежедневно,"Среднее профессиональное (техникум, колледж, ПТУ)",Среднее,Самозанятый,,"Средства массовой информации (в т.ч. журналистика, блогерство, реклама, СММ)  Включает в том числе: Издательство печа...",0.7559124758554975
07d02c5861cce75b,Мужской,40.0,Центральный федеральный округ,Город с численностью жителей миллион и более человек,Беспородная кошка,,,,,,,,,,,,Специально огороженные площадки для выгула или занятий домашних животных,Зоомагазины,"Магазины, в которых можно находиться с животными",Ветеринарные клиники,,,,,,,,,"Да, время от времени",,,,,,,,,,,,,,,Не смотрю,Провожу в интернете более четырех часов ежедневно,"Среднее профессиональное (техникум, колледж, ПТУ)",Хорошее,Самозанятый,,"Строительство Включает в том числе: архитектура, проектирование, дизайн интерьера",0.7559124758554975
07d02d40040cebf5,Мужской,35.0,Центральный федеральный округ,Город с численностью жителей миллион и более человек,Породистая собака,,,,,,,,,,,,Зоомагазины,Специально огороженные площадки для выгула или занятий домашних животных,"Магазины, в которых можно находиться с животными",Ветеринарные клиники,ГрУминг-салоны (уход за животными),,,,,,,,Нет,5- полностью удовлетворен,,,,,,,,,,,,,,"Редко, но не менее одного раза в полгода",Eжедневно менее четырех часов в день,Среднее общее (10 или 11 классов школы с аттестатом),Среднее,"Временно не работаю, безработный",,,0.7559124758554975
07d02eaa2f0ce365,Мужской,42.0,Центральный федеральный округ,Город с численностью жителей миллион и более человек,Беспородная кошка,,,,,,,,,,,,Ничего,,,,,,,,,,,,"Да, часто",,,,,,,,,,,,,,,Не смотрю,Провожу в интернете более четырех часов ежедневно,(НЕ ЗАЧИТЫВАТЬ) Нет основного общего образования: не окончил 9 (раньше 8) классов,Очень плохое,"Нахожусь в декретном отпуске, отпуске по уходу за ребенком",,,0.7559124758554975
07cfc4228c8ce5a3,Мужской,38.0,Центральный федеральный округ,Город с численностью жителей миллион и более человек,"Нет, домашних животных нет",,,,,,,,,,,,,,,,,,,,,,,,,,Ничего не беспокоило,,,,,,,,,,,,,Не смотрю,Провожу в интернете более четырех часов ежедневно,Незаконченное высшее (с 3-го курса вуза) или законченное высшее,Среднее,"Предприниматель, собственник бизнеса",,"Информационные технологии, связь, интернет Включает в том числе: Программирование /создание программного обеспечения,...",0.7417960509651977
07cfdf2339cced12,Мужской,37.0,Центральный федеральный округ,Город с численностью жителей миллион и более человек,"Нет, домашних животных нет",,,,,,,,,,,,,,,,,,,,,,,,,,Ничего не беспокоило,,,,,,,,,,,,,Несколько раз в неделю,Eжедневно менее четырех часов в день,Незаконченное высшее (с 3-го курса вуза) или законченное высшее,Среднее,"Работаю по договору, контракту в найме (за исключением находящихся в декретном отпуске, подрабатывающих студентов, пе...","Я работаю в КОММЕРЧЕСКОЙ организации, ее цель – получить прибыль (например, магазин, завод, фермерское хозяйство, АО/...","Торговля (оптовая, розничная, онлайн продажи; в т.ч. - недвижимость) Включает в том числе: Магазин, автосалон, аукцио...",0.7417960509651977
07cfecda600ced1b,Мужской,42.0,Центральный федеральный округ,Город с численностью жителей миллион и более человек,Породистая кошка,,,,,,,,,,,,Ветеринарные клиники,ГрУминг-салоны (уход за животными),Зоомагазины,,,,,,,,,,Нет,,,,,,,,,,,,,,,Не смотрю,Провожу в интернете более четырех часов ежедневно,"Два и более высших образования, ученая степень кандидата или доктора наук",Хорошее,"Работаю по договору, контракту в найме (за исключением находящихся в декретном отпуске, подрабатывающих студентов, пе...","Я работаю в БЮДЖЕТНОЙ организации, которая безвозмездно оказывает услуги населению (детский сад, общеобразовательная,...",Другое (укажите),0.7417960509651977
07cfec6a5ecce0c9,Мужской,40.0,Центральный федеральный округ,Город с численностью жителей миллион и более человек,"Нет, домашних животных нет",,,,,,,,,,,,,,,,,,,,,,,,,,Ничего не беспокоило,,,,,,,,,,,,,Не смотрю,Eжедневно менее четырех часов в день,Незаконченное высшее (с 3-го курса вуза) или законченное высшее,Среднее,"Работаю по договору, контракту в найме (за исключением находящихся в декретном отпуске, подрабатывающих студентов, пе...","Я работаю в КОММЕРЧЕСКОЙ организации, ее цель – получить прибыль (например, магазин, завод, фермерское хозяйство, АО/...","Информационные технологии, связь, интернет Включает в том числе: Программирование /создание программного обеспечения,...",0.7417960509651977
07cff0351bcce42a,Мужской,43.0,Центральный федеральный округ,Город с численностью жителей миллион и более человек,"Домашний скот (куры, коровы, козы и т.п.) (из другого)",Беспородная собака,,,,,,,,,,,Ветеринарные клиники,,,,,,,,,,,,Нет,5- полностью удовлетворен,,,,,,,,,,,,,,Несколько раз в неделю,Eжедневно менее четырех часов в день,"Два и более высших образования, ученая степень кандидата или доктора наук",Очень хорошее,"Предприниматель, собственник бизнеса",,"Строительство Включает в том числе: архитектура, проектирование, дизайн интерьера",0.7417960509651977
07d00172238ce646,Мужской,35.0,Центральный федеральный округ,Город с численностью жителей миллион и более человек,Другое,,,,,,,,,,,,Ветеринарные клиники,Зоомагазины,,,,,,,,,,,Нет,,,,,,,,,,,,,,,Не смотрю,Провожу в интернете более четырех часов ежедневно,Незаконченное высшее (с 3-го курса вуза) или законченное высшее,Очень хорошее,"Работаю по договору, контракту в найме (за исключением находящихся в декретном отпуске, подрабатывающих студентов, пе...","Я работаю в КОММЕРЧЕСКОЙ организации, ее цель – получить прибыль (например, магазин, завод, фермерское хозяйство, АО/...","Финансовая и страховая деятельность, банковские услуги Включает в том числе: Банк, инвестиционный фонд, финансовая ар...",0.7417960509651977
07d0060d484cebd9,Мужской,44.0,Центральный федеральный округ,Город с численностью жителей миллион и более человек,"Нет, домашних животных нет",,,,,,,,,,,,,,,,,,,,,,,,,,Отсутствие уборки за собаками во дворе,Выгул собак на длинном поводке,Выгул в неположенных местах,Самовыгул собак (без поводка),Выгул агрессивных собак без намордника,,,,,,,,,Не смотрю,Eжедневно менее четырех часов в день,"Два и более высших образования, ученая степень кандидата или доктора наук",Среднее,"Работаю по договору, контракту в найме (за исключением находящихся в декретном отпуске, подрабатывающих студентов, пе...","Работаю в органах власти, управления, судебных органах","Государственное и муниципальное управление, в т.ч. - судебные органы Включает в том числе: Госслужба, администрации/п...",0.7417960509651977
07d02215c24ce135,Мужской,39.0,Центральный федеральный округ,Город с численностью жителей миллион и более человек,Беспородная кошка,,,,,,,,,,,,Специально огороженные площадки для выгула или занятий домашних животных,,,,,,,,,,,,Нет,,,,,,,,,,,,,,,Не смотрю,Провожу в интернете более четырех часов ежедневно,Незаконченное высшее (с 3-го курса вуза) или законченное высшее,Среднее,"Работаю по договору, контракту в найме (за исключением находящихся в декретном отпуске, подрабатывающих студентов, пе...","Я работаю в НЕКОММЕРЧЕСКОЙ организации, которая оказывает помощь населению (благотворительные фонды, центры поддержки...",,0.7417960509651977
07d0276b974ce908,Мужской,35.0,Центральный федеральный округ,Город с численностью жителей миллион и более человек,Беспородная кошка,,,,,,,,,,,,Лапомойки в доме,Зоомагазины,Специально огороженные площадки для выгула или занятий домашних животных,,,,,,,,,,Нет,,,,,,,,,,,,,,,Не смотрю,Провожу в интернете более четырех часов ежедневно,Незаконченное высшее (с 3-го курса вуза) или законченное высшее,Хорошее,Самозанятый,,"Промышленность, производство (в т.ч. добывающие, обрабатывающие отрасли, энергетика) Включает в том числе: Завод, ком...",0.7417960509651977
07d031cab40ce66d,Мужской,40.0,Центральный федеральный округ,Город с численностью жителей миллион и более человек,Породистая кошка,,,,,,,,,,,,ГрУминг-салоны (уход за животными),"Кафе, в которых можно находиться с животными","Магазины, в которых можно находиться с животными",Стойки с пакетами для уборки за собаками,Специально огороженные площадки для выгула или занятий домашних животных,Ветеринарные клиники,Специализированные урны для утилизации отходов жизнедеятельности собак,Зоомагазины,Лапомойки в доме,,,,Нет,,,,,,,,,,,,,,,Не смотрю,Провожу в интернете более четырех часов ежедневно,Незаконченное высшее (с 3-го курса вуза) или законченное высшее,Очень плохое,"Работаю по договору, контракту в найме (за исключением находящихся в декретном отпуске, подрабатывающих студентов, пе...","Я работаю в КОММЕРЧЕСКОЙ организации, ее цель – получить прибыль (например, магазин, завод, фермерское хозяйство, АО/...","Сельское, лесное хозяйство, охота, рыболовство и рыбоводство Включает в том числе: Фермерское хозяйство, скотобойни, ...",0.7417960509651977
07cff5d4c48ce946,Мужской,39.0,Центральный федеральный округ,Город с численностью жителей миллион и более человек,"Нет, домашних животных нет",,,,,,,,,,,,,,,,,,,,,,,,,,Выгул агрессивных собак без намордника,Отсутствие уборки за собаками во дворе,,,,,,,,,,,,Несколько раз в месяц,Eжедневно менее четырех часов в день,Незаконченное высшее (с 3-го курса вуза) или законченное высшее,Хорошее,"Работаю по договору, контракту в найме (за исключением находящихся в декретном отпуске, подрабатывающих студентов, пе...","Я работаю в КОММЕРЧЕСКОЙ организации, ее цель – получить прибыль (например, магазин, завод, фермерское хозяйство, АО/...","Строительство Включает в том числе: архитектура, проектирование, дизайн интерьера",0.7417960509651977
07d041df6c4cedf3,Мужской,40.0,Центральный федеральный округ,Город с численностью жителей миллион и более человек,"Нет, домашних животных нет",,,,,,,,,,,,,,,,,,,,,,,,,,Ничего не беспокоило,,,,,,,,,,,,,Не смотрю,Eжедневно менее четырех часов в день,Незаконченное высшее (с 3-го курса вуза) или законченное высшее,Плохое,"Временно не работаю, безработный",,,0.7417960509651977
07cffce6398ced6d,Мужской,39.0,Центральный федеральный округ,Город с численностью жителей миллион и более человек,Породистая собака,,,,,,,,,,,,Зоомагазины,Ветеринарные клиники,Лапомойки в доме,,,,,,,,,,Нет,Затрудняюсь ответить,,,,,,,,,,,,,,Не смотрю,Eжедневно менее четырех часов в день,Незаконченное высшее (с 3-го курса вуза) или законченное высшее,Среднее,Самозанятый,,"Строительство Включает в том числе: архитектура, проектирование, дизайн интерьера",0.6025346450275053
07cffdda9acce26c,Мужской,37.0,Центральный федеральный округ,Город с численностью жителей миллион и более человек,"Нет, домашних животных нет",,,,,,,,,,,,,,,,,,,,,,,,,,"Укусы, нападения собак на людей",Выгул агрессивных собак без намордника,Отсутствие уборки за собаками во дворе,Выгул собак на длинном поводке,Агрессивное поведение собак по отношению к другим животным,Самовыгул собак (без поводка),Выгул в неположенных местах,,,,,,,"Редко, но не менее одного раза в полгода",Провожу в интернете более четырех часов ежедневно,"Два и более высших образования, ученая степень кандидата или доктора наук",Среднее,"Предприниматель, собственник бизнеса",,"Торговля (оптовая, розничная, онлайн продажи; в т.ч. - недвижимость) Включает в том числе: Магазин, автосалон, аукцио...",0.6025346450275053
07d000ada48cea0a,Мужской,37.0,Центральный федеральный округ,Город с численностью жителей миллион и более человек,"Домашний скот (куры, коровы, козы и т.п.) (из другого)",,,,,,,,,,,,Ветеринарные клиники,Зоомагазины,,,,,,,,,,,Не бываю с питомцем в общественных местах,,,,,,,,,,,,,,,Смотрю более четырех часов ежедневно,Провожу в интернете более четырех часов ежедневно,"Два и более высших образования, ученая степень кандидата или доктора наук",Плохое,Самозанятый,,"Сельское, лесное хозяйство, охота, рыболовство и рыбоводство Включает в том числе: Фермерское хозяйство, скотобойни, ...",0.6025346450275053
07d01402378cee2d,Мужской,40.0,Северо-Западный федеральный округ,Город с численностью жителей миллион и более человек,Беспородная кошка,,,,,,,,,,,,Специально огороженные площадки для выгула или занятий домашних животных,,,,,,,,,,,,Нет,,,,,,,,,,,,,,,Ежедневно менее четырех часов в день,Eжедневно менее четырех часов в день,"Среднее профессиональное (техникум, колледж, ПТУ)",Среднее,"Работаю по договору, контракту в найме (за исключением находящихся в декретном отпуске, подрабатывающих студентов, пе...","Я работаю в КОММЕРЧЕСКОЙ организации, ее цель – получить прибыль (например, магазин, завод, фермерское хозяйство, АО/...","Промышленность, производство (в т.ч. добывающие, обрабатывающие отрасли, энергетика) Включает в том числе: Завод, ком...",0.6209967361008534
07cfd857d60ce8f7,Мужской,44.0,Северо-Западный федеральный округ,Город с численностью жителей миллион и более человек,Породистая собака,Породистая кошка,,,,,,,,,,,Ветеринарные клиники,ГрУминг-салоны (уход за животными),Зоомагазины,"Кафе, в которых можно находиться с животными",Специально огороженные площадки для выгула или занятий домашних животных,"Магазины, в которых можно находиться с животными",,,,,,,Нет,2,,,,,,,,,,,,,,Ежедневно менее четырех часов в день,Провожу в интернете более четырех часов ежедневно,Незаконченное высшее (с 3-го курса вуза) или законченное высшее,Хорошее,"Работаю по договору, контракту в найме (за исключением находящихся в декретном отпуске, подрабатывающих студентов, пе...","Я работаю в КОММЕРЧЕСКОЙ организации, ее цель – получить прибыль (например, магазин, завод, фермерское хозяйство, АО/...","Транспортировка и хранение (складское хозяйство) Включает в том числе: Перевозка грузов, ж/д, авиа, водный, космическ...",0.6093998197086905
07cfebd5748ce8b3,Мужской,37.0,Северо-Западный федеральный округ,Город с численностью жителей миллион и более человек,Беспородная кошка,,,,,,,,,,,,Ветеринарные клиники,,,,,,,,,,,,Нет,,,,,,,,,,,,,,,Не смотрю,Eжедневно менее четырех часов в день,Незаконченное высшее (с 3-го курса вуза) или законченное высшее,Плохое,"Работаю по договору, контракту в найме (за исключением находящихся в декретном отпуске, подрабатывающих студентов, пе...","Я работаю в КОММЕРЧЕСКОЙ организации, ее цель – получить прибыль (например, магазин, завод, фермерское хозяйство, АО/...","Финансовая и страховая деятельность, банковские услуги Включает в том числе: Банк, инвестиционный фонд, финансовая ар...",0.6093998197086905
07cff414738ce11d,Мужской,35.0,Северо-Западный федеральный округ,Город с численностью жителей миллион и более человек,"Нет, домашних животных нет",,,,,,,,,,,,,,,,,,,,,,,,,,Выгул в неположенных местах,,,,,,,,,,,,,Ежедневно менее четырех часов в день,Провожу в интернете более четырех часов ежедневно,Незаконченное высшее (с 3-го курса вуза) или законченное высшее,Среднее,"Работаю по договору, контракту в найме (за исключением находящихся в декретном отпуске, подрабатывающих студентов, пе...","Я работаю в КОММЕРЧЕСКОЙ организации, ее цель – получить прибыль (например, магазин, завод, фермерское хозяйство, АО/...","Торговля (оптовая, розничная, онлайн продажи; в т.ч. - недвижимость) Включает в том числе: Магазин, автосалон, аукцио...",0.6093998197086905
07cff5f9b78ce144,Мужской,43.0,Северо-Западный федеральный округ,Город с численностью жителей миллион и более человек,Породистая кошка,,,,,,,,,,,,ГрУминг-салоны (уход за животными),Ветеринарные клиники,Зоомагазины,"Магазины, в которых можно находиться с животными",,,,,,,,,Не бываю с питомцем в общественных местах,,,,,,,,,,,,,,,Несколько раз в месяц,Eжедневно менее четырех часов в день,Незаконченное высшее (с 3-го курса вуза) или законченное высшее,Хорошее,"Работаю по договору, контракту в найме (за исключением находящихся в декретном отпуске, подрабатывающих студентов, пе...","Я работаю в КОММЕРЧЕСКОЙ организации, ее цель – получить прибыль (например, магазин, завод, фермерское хозяйство, АО/...","Информационные технологии, связь, интернет Включает в том числе: Программирование /создание программного обеспечения,...",0.6093998197086905
07d00d354b4ce856,Мужской,38.0,Северо-Западный федеральный округ,Город с численностью жителей миллион и более человек,Породистая кошка,,,,,,,,,,,,Зоомагазины,ГрУминг-салоны (уход за животными),Ветеринарные клиники,,,,,,,,,,Нет,,,,,,,,,,,,,,,Не смотрю,Провожу в интернете более четырех часов ежедневно,"Два и более высших образования, ученая степень кандидата или доктора наук",Очень плохое,"Предприниматель, собственник бизнеса",,Другое (укажите),0.6093998197086905
07d01677adcce9c0,Мужской,39.0,Северо-Западный федеральный округ,Город с численностью жителей миллион и более человек,Породистая кошка,Породистая собака,Аквариумные рыбки,,,,,,,,,,Ветеринарные клиники,Зоомагазины,"Магазины, в которых можно находиться с животными",,,,,,,,,,Нет,4,,,,,,,,,,,,,,Не смотрю,Провожу в интернете более четырех часов ежедневно,Незаконченное высшее (с 3-го курса вуза) или законченное высшее,Среднее,"Работаю по договору, контракту в найме (за исключением находящихся в декретном отпуске, подрабатывающих студентов, пе...","Я работаю в КОММЕРЧЕСКОЙ организации, ее цель – получить прибыль (например, магазин, завод, фермерское хозяйство, АО/...","Торговля (оптовая, розничная, онлайн продажи; в т.ч. - недвижимость) Включает в том числе: Магазин, автосалон, аукцио...",0.6093998197086905
07d01d13454ce93c,Мужской,43.0,Северо-Западный федеральный округ,Город с численностью жителей миллион и более человек,Породистая собака,Породистая кошка,,,,,,,,,,,"Магазины, в которых можно находиться с животными",ГрУминг-салоны (уход за животными),Ветеринарные клиники,Зоомагазины,,,,,,,,,"Да, время от времени",1 – совершенно не удовлетворен,,,,,,,,,,,,,,Ежедневно менее четырех часов в день,Eжедневно менее четырех часов в день,Незаконченное высшее (с 3-го курса вуза) или законченное высшее,Плохое,"Работаю по договору, контракту в найме (за исключением находящихся в декретном отпуске, подрабатывающих студентов, пе...","Я работаю в КОММЕРЧЕСКОЙ организации, ее цель – получить прибыль (например, магазин, завод, фермерское хозяйство, АО/...","Промышленность, производство (в т.ч. добывающие, обрабатывающие отрасли, энергетика) Включает в том числе: Завод, ком...",0.6093998197086905
07d0263c5a8ce6c1,Мужской,37.0,Северо-Западный федеральный округ,Город с численностью жителей миллион и более человек,Затрудняюсь ответить,,,,,,,,,,,,,,,,,,,,,,,,,,"Укусы, нападения собак на людей",,,,,,,,,,,,,Не смотрю,Несколько раз в неделю,Незаконченное высшее (с 3-го курса вуза) или законченное высшее,Очень плохое,"Работаю по договору, контракту в найме (за исключением находящихся в декретном отпуске, подрабатывающих студентов, пе...","Я работаю в КОММЕРЧЕСКОЙ организации, ее цель – получить прибыль (например, магазин, завод, фермерское хозяйство, АО/...","Промышленность, производство (в т.ч. добывающие, обрабатывающие отрасли, энергетика) Включает в том числе: Завод, ком...",0.6093998197086905
07d02824814ce043,Мужской,39.0,Северо-Западный федеральный округ,Город с численностью жителей миллион и более человек,Породистая кошка,,,,,,,,,,,,Ничего,,,,,,,,,,,,Нет,,,,,,,,,,,,,,,Не смотрю,Провожу в интернете более четырех часов ежедневно,Незаконченное высшее (с 3-го курса вуза) или законченное высшее,Хорошее,"Работаю по договору, контракту в найме (за исключением находящихся в декретном отпуске, подрабатывающих студентов, пе...","Я работаю в КОММЕРЧЕСКОЙ организации, ее цель – получить прибыль (например, магазин, завод, фермерское хозяйство, АО/...","Информационные технологии, связь, интернет Включает в том числе: Программирование /создание программного обеспечения,...",0.6093998197086905
07d02e9b4b4ce24a,Мужской,43.0,Северо-Западный федеральный округ,Город с численностью жителей миллион и более человек,Декоративные птицы,,,,,,,,,,,,Ветеринарные клиники,Зоомагазины,"Магазины, в которых можно находиться с животными",Лапомойки в доме,,,,,,,,,Не бываю с питомцем в общественных местах,,,,,,,,,,,,,,,Не смотрю,Провожу в интернете более четырех часов ежедневно,Незаконченное высшее (с 3-го курса вуза) или законченное высшее,Хорошее,"Работаю по договору, контракту в найме (за исключением находящихся в декретном отпуске, подрабатывающих студентов, пе...","Я работаю в КОММЕРЧЕСКОЙ организации, ее цель – получить прибыль (например, магазин, завод, фермерское хозяйство, АО/...","Здравоохранение Включает в том числе: поликлиники, медицинские центры, больницы, стационары,  «Скорая помощь», санатории",0.6093998197086905
07cfefb7bb8ce6ed,Мужской,37.0,Южный федеральный округ,Город с численностью жителей миллион и более человек,Беспородная кошка,,,,,,,,,,,,Ничего,,,,,,,,,,,,Не бываю с питомцем в общественных местах,,,,,,,,,,,,,,,"Редко, но не менее одного раза в полгода",Eжедневно менее четырех часов в день,Незаконченное высшее (с 3-го курса вуза) или законченное высшее,Хорошее,"Предприниматель, собственник бизнеса",,"Строительство Включает в том числе: архитектура, проектирование, дизайн интерьера",0.6274902371925071
07cffd2d3cccedb8,Мужской,39.0,Южный федеральный округ,Город с численностью жителей миллион и более человек,"Нет, домашних животных нет",,,,,,,,,,,,,,,,,,,,,,,,,,Самовыгул собак (без поводка),Выгул агрессивных собак без намордника,"Укусы, нападения собак на людей",,,,,,,,,,,Не смотрю,Провожу в интернете более четырех часов ежедневно,"Два и более высших образования, ученая степень кандидата или доктора наук",Среднее,"Работаю по договору, контракту в найме (за исключением находящихся в декретном отпуске, подрабатывающих студентов, пе...","Я работаю в КОММЕРЧЕСКОЙ организации, ее цель – получить прибыль (например, магазин, завод, фермерское хозяйство, АО/...","Строительство Включает в том числе: архитектура, проектирование, дизайн интерьера",0.6274902371925071
07d019ed244ce914,Мужской,37.0,Южный федеральный округ,Город с численностью жителей миллион и более человек,Беспородная кошка,,,,,,,,,,,,Зоомагазины,Специально огороженные площадки для выгула или занятий домашних животных,Ветеринарные клиники,,,,,,,,,,Нет,,,,,,,,,,,,,,,Не смотрю,Провожу в интернете более четырех часов ежедневно,Незаконченное высшее (с 3-го курса вуза) или законченное высшее,Среднее,"Работаю по договору, контракту в найме (за исключением находящихся в декретном отпуске, подрабатывающих студентов, пе...","Я работаю в КОММЕРЧЕСКОЙ организации, ее цель – получить прибыль (например, магазин, завод, фермерское хозяйство, АО/...","Строительство Включает в том числе: архитектура, проектирование, дизайн интерьера",0.6274902371925071
07d01c43efcceb9f,Мужской,41.0,Южный федеральный округ,Город с численностью жителей миллион и более человек,Беспородная кошка,,,,,,,,,,,,Зоомагазины,Ветеринарные клиники,"Магазины, в которых можно находиться с животными","Кафе, в которых можно находиться с животными",ГрУминг-салоны (уход за животными),Специально огороженные площадки для выгула или занятий домашних животных,Специализированные урны для утилизации отходов жизнедеятельности собак,Лапомойки в доме,Стойки с пакетами для уборки за собаками,,,,"Да, время от времени",,,,,,,,,,,,,,,Смотрю более четырех часов ежедневно,Провожу в интернете более четырех часов ежедневно,"Два и более высших образования, ученая степень кандидата или доктора наук",Плохое,"Предприниматель, собственник бизнеса",,"Торговля (оптовая, розничная, онлайн продажи; в т.ч. - недвижимость) Включает в том числе: Магазин, автосалон, аукцио...",0.6274902371925071
07cfe955860ce3bc,Мужской,35.0,Приволжский федеральный округ,Город с численностью жителей миллион и более человек,"Нет, домашних животных нет",,,,,,,,,,,,,,,,,,,,,,,,,,Ничего не беспокоило,,,,,,,,,,,,,Не смотрю,Eжедневно менее четырех часов в день,"Среднее профессиональное (техникум, колледж, ПТУ)",Очень хорошее,"Работаю по договору, контракту в найме (за исключением находящихся в декретном отпуске, подрабатывающих студентов, пе...","Я работаю в КОММЕРЧЕСКОЙ организации, ее цель – получить прибыль (например, магазин, завод, фермерское хозяйство, АО/...",Другое (укажите),0.638171355686955
07cfdbc4e6cce53d,Мужской,43.0,Приволжский федеральный округ,Город с численностью жителей миллион и более человек,Другое,,,,,,,,,,,,Зоомагазины,Ветеринарные клиники,,,,,,,,,,,Не бываю с питомцем в общественных местах,,,,,,,,,,,,,,,Несколько раз в неделю,Провожу в интернете более четырех часов ежедневно,Незаконченное высшее (с 3-го курса вуза) или законченное высшее,Среднее,"Предприниматель, собственник бизнеса",,"Строительство Включает в том числе: архитектура, проектирование, дизайн интерьера",0.6514775228219344
07cfdd16ac0ce716,Мужской,36.0,Приволжский федеральный округ,Город с численностью жителей миллион и более человек,"Нет, домашних животных нет",,,,,,,,,,,,,,,,,,,,,,,,,,Выгул в неположенных местах,Отсутствие уборки за собаками во дворе,Громкий лай в позднее или раннее время,,,,,,,,,,,Ежедневно менее четырех часов в день,Eжедневно менее четырех часов в день,Незаконченное высшее (с 3-го курса вуза) или законченное высшее,Хорошее,"Работаю по договору, контракту в найме (за исключением находящихся в декретном отпуске, подрабатывающих студентов, пе...","Я работаю в КОММЕРЧЕСКОЙ организации, ее цель – получить прибыль (например, магазин, завод, фермерское хозяйство, АО/...","Информационные технологии, связь, интернет Включает в том числе: Программирование /создание программного обеспечения,...",0.6514775228219344
07cfeaecc0cce802,Мужской,38.0,Приволжский федеральный округ,Город с численностью жителей миллион и более человек,Породистая собака," Мелкие животные (хомячки, морские свинки, черепашки и т.п.)",,,,,,,,,,,Специально огороженные площадки для выгула или занятий домашних животных,Ветеринарные клиники,"Магазины, в которых можно находиться с животными",Зоомагазины,,,,,,,,,Нет,5- полностью удовлетворен,,,,,,,,,,,,,,Ежедневно менее четырех часов в день,Eжедневно менее четырех часов в день,Незаконченное высшее (с 3-го курса вуза) или законченное высшее,Среднее,"Работаю по договору, контракту в найме (за исключением находящихся в декретном отпуске, подрабатывающих студентов, пе...","Я работаю в КОММЕРЧЕСКОЙ организации, ее цель – получить прибыль (например, магазин, завод, фермерское хозяйство, АО/...","Жилищно-коммунальное хозяйство Включает в том числе: водоканал, горгаз, вывоз мусора, котельная,  сортировка и перера...",0.6514775228219344
07cff319c8cced79,Мужской,37.0,Приволжский федеральный округ,Город с численностью жителей миллион и более человек,"Нет, домашних животных нет",,,,,,,,,,,,,,,,,,,,,,,,,,Ничего не беспокоило,,,,,,,,,,,,,Несколько раз в месяц,Eжедневно менее четырех часов в день,Незаконченное высшее (с 3-го курса вуза) или законченное высшее,Хорошее,"Работаю по договору, контракту в найме (за исключением находящихся в декретном отпуске, подрабатывающих студентов, пе...","Я работаю в КОММЕРЧЕСКОЙ организации, ее цель – получить прибыль (например, магазин, завод, фермерское хозяйство, АО/...","Финансовая и страховая деятельность, банковские услуги Включает в том числе: Банк, инвестиционный фонд, финансовая ар...",0.6514775228219344
07cfffc8f10ce638,Мужской,40.0,Приволжский федеральный округ,Город с численностью жителей миллион и более человек,Породистая собака,,,,,,,,,,,,"Магазины, в которых можно находиться с животными",Зоомагазины,Ветеринарные клиники,,,,,,,,,,"Да, время от времени",1 – совершенно не удовлетворен,,,,,,,,,,,,,,Несколько раз в месяц,Провожу в интернете более четырех часов ежедневно,Незаконченное высшее (с 3-го курса вуза) или законченное высшее,Среднее,"Работаю по договору, контракту в найме (за исключением находящихся в декретном отпуске, подрабатывающих студентов, пе...","Я работаю в КОММЕРЧЕСКОЙ организации, ее цель – получить прибыль (например, магазин, завод, фермерское хозяйство, АО/...",Другое (укажите),0.6514775228219344
07d003b8e78ce301,Мужской,36.0,Приволжский федеральный округ,Город с численностью жителей миллион и более человек,Породистая кошка,,,,,,,,,,,,Зоомагазины,Ветеринарные клиники,,,,,,,,,,,"Да, время от времени",,,,,,,,,,,,,,,Не смотрю,Eжедневно менее четырех часов в день,Незаконченное высшее (с 3-го курса вуза) или законченное высшее,Хорошее,"Работаю по договору, контракту в найме (за исключением находящихся в декретном отпуске, подрабатывающих студентов, пе...","Я работаю в КОММЕРЧЕСКОЙ организации, ее цель – получить прибыль (например, магазин, завод, фермерское хозяйство, АО/...","Промышленность, производство (в т.ч. добывающие, обрабатывающие отрасли, энергетика) Включает в том числе: Завод, ком...",0.6514775228219344
07d006afcdcce075,Мужской,40.0,Приволжский федеральный округ,Город с численностью жителей миллион и более человек,"Нет, домашних животных нет",,,,,,,,,,,,,,,,,,,,,,,,,,Самовыгул собак (без поводка),Отсутствие уборки за собаками во дворе,Агрессивное поведение собак по отношению к другим животным,"Укусы, нападения собак на людей",Выгул агрессивных собак без намордника,,,,,,,,,Несколько раз в неделю,Eжедневно менее четырех часов в день,Незаконченное высшее (с 3-го курса вуза) или законченное высшее,Среднее,"Работаю по договору, контракту в найме (за исключением находящихся в декретном отпуске, подрабатывающих студентов, пе...","Я работаю в КОММЕРЧЕСКОЙ организации, ее цель – получить прибыль (например, магазин, завод, фермерское хозяйство, АО/...",Другое (укажите),0.6514775228219344
07d0120d928ce0ca,Мужской,37.0,Приволжский федеральный округ,Город с численностью жителей миллион и более человек,Беспородная кошка,,,,,,,,,,,,Ветеринарные клиники,Специально огороженные площадки для выгула или занятий домашних животных,,,,,,,,,,,Не бываю с питомцем в общественных местах,,,,,,,,,,,,,,,Не смотрю,Eжедневно менее четырех часов в день,Незаконченное высшее (с 3-го курса вуза) или законченное высшее,Среднее,"Работаю по договору, контракту в найме (за исключением находящихся в декретном отпуске, подрабатывающих студентов, пе...","Я работаю в КОММЕРЧЕСКОЙ организации, ее цель – получить прибыль (например, магазин, завод, фермерское хозяйство, АО/...","Промышленность, производство (в т.ч. добывающие, обрабатывающие отрасли, энергетика) Включает в том числе: Завод, ком...",0.6514775228219344
07d01336324ced9e,Мужской,37.0,Приволжский федеральный округ,Город с численностью жителей миллион и более человек,Породистая кошка,,,,,,,,,,,,Ничего,,,,,,,,,,,,Нет,,,,,,,,,,,,,,,"Редко, но не менее одного раза в полгода",Eжедневно менее четырех часов в день,Незаконченное высшее (с 3-го курса вуза) или законченное высшее,Хорошее,"Работаю по договору, контракту в найме (за исключением находящихся в декретном отпуске, подрабатывающих студентов, пе...","Я работаю в КОММЕРЧЕСКОЙ организации, ее цель – получить прибыль (например, магазин, завод, фермерское хозяйство, АО/...",Отказ от ответа,0.6514775228219344
07cfcb0a240cec8f,Мужской,39.0,Уральский федеральный округ,Город с численностью жителей миллион и более человек,Породистая кошка,,,,,,,,,,,,Ветеринарные клиники,,,,,,,,,,,,Не бываю с питомцем в общественных местах,,,,,,,,,,,,,,,Ежедневно менее четырех часов в день,Провожу в интернете более четырех часов ежедневно,"Среднее профессиональное (техникум, колледж, ПТУ)",Очень плохое,"Работаю по договору, контракту в найме (за исключением находящихся в декретном отпуске, подрабатывающих студентов, пе...","Я работаю в КОММЕРЧЕСКОЙ организации, ее цель – получить прибыль (например, магазин, завод, фермерское хозяйство, АО/...","Промышленность, производство (в т.ч. добывающие, обрабатывающие отрасли, энергетика) Включает в том числе: Завод, ком...",0.6692750555822571
07cfcca6b98ce3a1,Мужской,40.0,Уральский федеральный округ,Город с численностью жителей миллион и более человек,Беспородная собака,Беспородная кошка,,,,,,,,,,,Зоомагазины,"Магазины, в которых можно находиться с животными",Специально огороженные площадки для выгула или занятий домашних животных,Лапомойки в доме,Стойки с пакетами для уборки за собаками,,,,,,,,"Да, время от времени",5- полностью удовлетворен,,,,,,,,,,,,,,Ежедневно менее четырех часов в день,Eжедневно менее четырех часов в день,"Среднее профессиональное (техникум, колледж, ПТУ)",Среднее,Самозанятый,,"Промышленность, производство (в т.ч. добывающие, обрабатывающие отрасли, энергетика) Включает в том числе: Завод, ком...",0.6692750555822571
07cfd698fc8ceab7,Мужской,38.0,Уральский федеральный округ,Город с численностью жителей миллион и более человек,"Нет, домашних животных нет",,,,,,,,,,,,,,,,,,,,,,,,,,Ничего не беспокоило,,,,,,,,,,,,,Ежедневно менее четырех часов в день,Провожу в интернете более четырех часов ежедневно,"Среднее профессиональное (техникум, колледж, ПТУ)",Среднее,Самозанятый,,"Торговля (оптовая, розничная, онлайн продажи; в т.ч. - недвижимость) Включает в том числе: Магазин, автосалон, аукцио...",0.6692750555822571
07cfe112fc8ce626,Мужской,42.0,Уральский федеральный округ,Город с численностью жителей миллион и более человек,Беспородная кошка,,,,,,,,,,,,Лапомойки в доме,Специально огороженные площадки для выгула или занятий домашних животных,Зоомагазины,,,,,,,,,,Не бываю с питомцем в общественных местах,,,,,,,,,,,,,,,Не смотрю,Провожу в интернете более четырех часов ежедневно,Среднее общее (10 или 11 классов школы с аттестатом),Среднее,Самозанятый,,"Строительство Включает в том числе: архитектура, проектирование, дизайн интерьера",0.6692750555822571
07cfd4d0a78ce40a,Мужской,39.0,Уральский федеральный округ,Город с численностью жителей миллион и более человек,Беспородная кошка,,,,,,,,,,,,Ничего,,,,,,,,,,,,Не бываю с питомцем в общественных местах,,,,,,,,,,,,,,,Ежедневно менее четырех часов в день,Eжедневно менее четырех часов в день,Незаконченное высшее (с 3-го курса вуза) или законченное высшее,Плохое,Самозанятый,,"Сфера отдыха и развлечений, туризм Включает в том числе: Парки, активный отдых, прокат (лодок, снаряжения), ярмарки, ...",0.5924549873348994
07cfb696fa0ce472,Мужской,41.0,Сибирский федеральный округ,Город с численностью жителей миллион и более человек,Породистая кошка,,,,,,,,,,,,Ничего,,,,,,,,,,,,Не бываю с питомцем в общественных местах,,,,,,,,,,,,,,,Не смотрю,Eжедневно менее четырех часов в день,"Среднее профессиональное (техникум, колледж, ПТУ)",Среднее,"Работаю по договору, контракту в найме (за исключением находящихся в декретном отпуске, подрабатывающих студентов, пе...","Я работаю в КОММЕРЧЕСКОЙ организации, ее цель – получить прибыль (например, магазин, завод, фермерское хозяйство, АО/...","Строительство Включает в том числе: архитектура, проектирование, дизайн интерьера",0.6674756993853553
07cfbfcb490ce293,Мужской,36.0,Сибирский федеральный округ,Город с численностью жителей миллион и более человек,"Нет, домашних животных нет",,,,,,,,,,,,,,,,,,,,,,,,,,Ничего не беспокоило,,,,,,,,,,,,,Ежедневно менее четырех часов в день,Eжедневно менее четырех часов в день,"Среднее профессиональное (техникум, колледж, ПТУ)",Очень хорошее,"Работаю по договору, контракту в найме (за исключением находящихся в декретном отпуске, подрабатывающих студентов, пе...","Я работаю в КОММЕРЧЕСКОЙ организации, ее цель – получить прибыль (например, магазин, завод, фермерское хозяйство, АО/...","Строительство Включает в том числе: архитектура, проектирование, дизайн интерьера",0.6674756993853553
07cfe2787bcce052,Мужской,36.0,Сибирский федеральный округ,Город с численностью жителей миллион и более человек,Породистая собака,,,,,,,,,,,,ГрУминг-салоны (уход за животными),Стойки с пакетами для уборки за собаками,Специализированные урны для утилизации отходов жизнедеятельности собак,Специально огороженные площадки для выгула или занятий домашних животных,"Магазины, в которых можно находиться с животными",Ветеринарные клиники,Зоомагазины,,,,,,"Да, время от времени",3,,,,,,,,,,,,,,Ежедневно менее четырех часов в день,Eжедневно менее четырех часов в день,"Среднее профессиональное (техникум, колледж, ПТУ)",Хорошее,"Работаю по договору, контракту в найме (за исключением находящихся в декретном отпуске, подрабатывающих студентов, пе...","Я работаю в КОММЕРЧЕСКОЙ организации, ее цель – получить прибыль (например, магазин, завод, фермерское хозяйство, АО/...","Строительство Включает в том числе: архитектура, проектирование, дизайн интерьера",0.6674756993853553
07cfbf37858ce050,Мужской,41.0,Сибирский федеральный округ,Город с численностью жителей миллион и более человек,Беспородная кошка,,,,,,,,,,,,Зоомагазины,,,,,,,,,,,,"Да, время от времени",,,,,,,,,,,,,,,"Редко, но не менее одного раза в полгода",Провожу в интернете более четырех часов ежедневно,Незаконченное высшее (с 3-го курса вуза) или законченное высшее,Очень плохое,"Работаю по договору, контракту в найме (за исключением находящихся в декретном отпуске, подрабатывающих студентов, пе...","Я работаю в КОММЕРЧЕСКОЙ организации, ее цель – получить прибыль (например, магазин, завод, фермерское хозяйство, АО/...","Промышленность, производство (в т.ч. добывающие, обрабатывающие отрасли, энергетика) Включает в том числе: Завод, ком...",0.648610831931979
07cfde02558ce9f9,Мужской,42.0,Сибирский федеральный округ,Город с численностью жителей миллион и более человек,"Нет, домашних животных нет",,,,,,,,,,,,,,,,,,,,,,,,,,Ничего не беспокоило,,,,,,,,,,,,,Не смотрю,Eжедневно менее четырех часов в день,Незаконченное высшее (с 3-го курса вуза) или законченное высшее,Среднее,(НЕ ЗАЧИТЫВАТЬ) Затрудняюсь ответить,,,0.648610831931979
07cfded1c48ce42d,Мужской,42.0,Сибирский федеральный округ,Город с численностью жителей миллион и более человек,"Нет, домашних животных нет",,,,,,,,,,,,,,,,,,,,,,,,,,Ничего не беспокоило,,,,,,,,,,,,,Ежедневно менее четырех часов в день,Eжедневно менее четырех часов в день,"Два и более высших образования, ученая степень кандидата или доктора наук",Среднее,"Работаю по договору, контракту в найме (за исключением находящихся в декретном отпуске, подрабатывающих студентов, пе...","Работаю в органах власти, управления, судебных органах","Государственное и муниципальное управление, в т.ч. - судебные органы Включает в том числе: Госслужба, администрации/п...",0.648610831931979
07cfe692600ce872,Мужской,35.0,Сибирский федеральный округ,Город с численностью жителей миллион и более человек,"Нет, домашних животных нет",,,,,,,,,,,,,,,,,,,,,,,,,,Ничего не беспокоило,,,,,,,,,,,,,Не смотрю,Eжедневно менее четырех часов в день,Незаконченное высшее (с 3-го курса вуза) или законченное высшее,Среднее,"Работаю по договору, контракту в найме (за исключением находящихся в декретном отпуске, подрабатывающих студентов, пе...","Я работаю в КОММЕРЧЕСКОЙ организации, ее цель – получить прибыль (например, магазин, завод, фермерское хозяйство, АО/...","Промышленность, производство (в т.ч. добывающие, обрабатывающие отрасли, энергетика) Включает в том числе: Завод, ком...",0.648610831931979
07d010a0488cec1e,Мужской,50.0,Центральный федеральный округ,Село,Беспородная кошка,Породистая кошка,,,,,,,,,,,Зоомагазины,,,,,,,,,,,,Нет,,,,,,,,,,,,,,,Несколько раз в месяц,Провожу в интернете более четырех часов ежедневно,"Среднее профессиональное (техникум, колледж, ПТУ)",Очень плохое,Неработающий пенсионер (в том числе по инвалидности),,,1.3212375468062147
07cfff1e974ce24a,Мужской,48.0,Центральный федеральный округ,Село,Беспородная кошка,Породистая кошка,Аквариумные рыбки,,,,,,,,,,Ветеринарные клиники,,,,,,,,,,,,Нет,,,,,,,,,,,,,,,Несколько раз в неделю,Провожу в интернете более четырех часов ежедневно,Незаконченное высшее (с 3-го курса вуза) или законченное высшее,Хорошее,Работающий пенсионер,"Я работаю в КОММЕРЧЕСКОЙ организации, ее цель – получить прибыль (например, магазин, завод, фермерское хозяйство, АО/...","Финансовая и страховая деятельность, банковские услуги Включает в том числе: Банк, инвестиционный фонд, финансовая ар...",1.2965638561509236
07d027e62dcce940,Мужской,45.0,Центральный федеральный округ,Село,"Нет, домашних животных нет",,,,,,,,,,,,,,,,,,,,,,,,,,Ничего не беспокоило,,,,,,,,,,,,,Несколько раз в неделю,Eжедневно менее четырех часов в день,Незаконченное высшее (с 3-го курса вуза) или законченное высшее,Среднее,"Работаю по договору, контракту в найме (за исключением находящихся в декретном отпуске, подрабатывающих студентов, пе...","Я работаю в КОММЕРЧЕСКОЙ организации, ее цель – получить прибыль (например, магазин, завод, фермерское хозяйство, АО/...","Промышленность, производство (в т.ч. добывающие, обрабатывающие отрасли, энергетика) Включает в том числе: Завод, ком...",1.2965638561509236
07cfd69fcd0cec97,Мужской,55.0,Центральный федеральный округ,Село,Беспородная кошка,,,,,,,,,,,,Ветеринарные клиники,,,,,,,,,,,,"Да, часто",,,,,,,,,,,,,,,Не смотрю,Не пользуюсь,(НЕ ЗАЧИТЫВАТЬ) Отказ от ответа,Среднее,Неработающий пенсионер (в том числе по инвалидности),,,1.1591049842871337
07d01f46714ce583,Мужской,55.0,Центральный федеральный округ,Село,Беспородная кошка,Беспородная собака,,,,,,,,,,,Ничего,,,,,,,,,,,,Не бываю с питомцем в общественных местах,Затрудняюсь ответить,,,,,,,,,,,,,,Смотрю более четырех часов ежедневно,Eжедневно менее четырех часов в день,Среднее общее (10 или 11 классов школы с аттестатом),Хорошее,"Временно не работаю, безработный",,,1.1591049842871337
07d01d708a4ce747,Мужской,50.0,Центральный федеральный округ,Село,"Нет, домашних животных нет",,,,,,,,,,,,,,,,,,,,,,,,,,Выгул в неположенных местах,Выгул агрессивных собак без намордника,Громкий лай в позднее или раннее время,"Укусы, нападения собак на людей",,,,,,,,,,Ежедневно менее четырех часов в день,Eжедневно менее четырех часов в день,Незаконченное высшее (с 3-го курса вуза) или законченное высшее,Среднее,"Работаю по договору, контракту в найме (за исключением находящихся в декретном отпуске, подрабатывающих студентов, пе...","Я работаю в БЮДЖЕТНОЙ организации, которая безвозмездно оказывает услуги населению (детский сад, общеобразовательная,...","Образование, наука Включает в том числе: ясли, детский сад, школа, ССУЗ, вуз, научно-исследовательские институты, центры",1.0531528737648173
07d0143949cce7db,Мужской,58.0,Северо-Западный федеральный округ,Село,Породистая собака,Породистая кошка,,,,,,,,,,,Ветеринарные клиники,Зоомагазины,,,,,,,,,,,"Да, время от времени",5- полностью удовлетворен,,,,,,,,,,,,,,Смотрю более четырех часов ежедневно,Провожу в интернете более четырех часов ежедневно,Незаконченное высшее (с 3-го курса вуза) или законченное высшее,Среднее,Работающий пенсионер,"Я работаю в КОММЕРЧЕСКОЙ организации, ее цель – получить прибыль (например, магазин, завод, фермерское хозяйство, АО/...","Промышленность, производство (в т.ч. добывающие, обрабатывающие отрасли, энергетика) Включает в том числе: Завод, ком...",1.0651523139697159
07d01d4c758ce241,Мужской,54.0,Северо-Западный федеральный округ,Село,Породистая собака,,,,,,,,,,,,Зоомагазины,,,,,,,,,,,,Нет,5- полностью удовлетворен,,,,,,,,,,,,,,Не смотрю,Eжедневно менее четырех часов в день,"Два и более высших образования, ученая степень кандидата или доктора наук",Хорошее,"Работаю по договору, контракту в найме (за исключением находящихся в декретном отпуске, подрабатывающих студентов, пе...","Я работаю в КОММЕРЧЕСКОЙ организации, ее цель – получить прибыль (например, магазин, завод, фермерское хозяйство, АО/...","Промышленность, производство (в т.ч. добывающие, обрабатывающие отрасли, энергетика) Включает в том числе: Завод, ком...",1.0651523139697159
07cfe47871cce9f4,Мужской,50.0,Северо-Западный федеральный округ,Село,"Нет, домашних животных нет",,,,,,,,,,,,,,,,,,,,,,,,,,Громкий лай в позднее или раннее время,,,,,,,,,,,,,Смотрю более четырех часов ежедневно,Eжедневно менее четырех часов в день,(НЕ ЗАЧИТЫВАТЬ) Нет основного общего образования: не окончил 9 (раньше 8) классов,Среднее,Самозанятый,,"Транспортировка и хранение (складское хозяйство) Включает в том числе: Перевозка грузов, ж/д, авиа, водный, космическ...",1.1443447571231253
07cfd47b16cced02,Мужской,52.0,Южный федеральный округ,Село,Беспородная собака,Породистая кошка,Беспородная кошка,,,,,,,,,,Специально огороженные площадки для выгула или занятий домашних животных,,,,,,,,,,,,"Да, часто",1 – совершенно не удовлетворен,,,,,,,,,,,,,,Несколько раз в неделю,Несколько раз в неделю,Среднее общее (10 или 11 классов школы с аттестатом),Среднее,"Работаю по договору, контракту в найме (за исключением находящихся в декретном отпуске, подрабатывающих студентов, пе...","Я работаю в БЮДЖЕТНОЙ организации, которая безвозмездно оказывает услуги населению (детский сад, общеобразовательная,...","Строительство Включает в том числе: архитектура, проектирование, дизайн интерьера",1.1410683015929188
07cfd57557ccef28,Мужской,50.0,Южный федеральный округ,Село,Породистая собака,Породистая кошка,Декоративные птицы,,,,,,,,,,Ничего,,,,,,,,,,,,"Да, часто",3,,,,,,,,,,,,,,Смотрю более четырех часов ежедневно,Eжедневно менее четырех часов в день,"Среднее профессиональное (техникум, колледж, ПТУ)",Среднее,"Временно не работаю, безработный",,,1.1410683015929188
07cfdb183c0ce5ca,Мужской,53.0,Южный федеральный округ,Село,Породистая собака,Беспородная кошка,Декоративные птицы,"Домашний скот (куры, коровы, козы и т.п.) (из другого)",,,,,,,,,Ничего,,,,,,,,,,,,Нет,Затрудняюсь ответить,,,,,,,,,,,,,,Ежедневно менее четырех часов в день,Провожу в интернете более четырех часов ежедневно,Среднее общее (10 или 11 классов школы с аттестатом),Среднее,Работающий пенсионер,Затрудняюсь ответить/ отказ от ответа,"Строительство Включает в том числе: архитектура, проектирование, дизайн интерьера",1.1410683015929188
07cfd8d64b8cef5e,Мужской,47.0,Южный федеральный округ,Село,Беспородная собака,Беспородная кошка,,,,,,,,,,,Ничего,,,,,,,,,,,,Нет,1 – совершенно не удовлетворен,,,,,,,,,,,,,,"Редко, но не менее одного раза в полгода",Eжедневно менее четырех часов в день,Среднее общее (10 или 11 классов школы с аттестатом),Среднее,Самозанятый,,"Сфера услуг, сервиса, бытового обслуживания Включает в том числе: Прачечная/химчистка, ремонт мебели, часов, ювелирны...",1.1410683015929188
07cfda46658ce9b3,Мужской,57.0,Южный федеральный округ,Село,"Нет, домашних животных нет",,,,,,,,,,,,,,,,,,,,,,,,,,Выгул агрессивных собак без намордника,"Отсутствие уборки за собаками в доме (в лифте, в подъезде)",,,,,,,,,,,,Смотрю более четырех часов ежедневно,Провожу в интернете более четырех часов ежедневно,"Среднее профессиональное (техникум, колледж, ПТУ)",Среднее,"Работаю по договору, контракту в найме (за исключением находящихся в декретном отпуске, подрабатывающих студентов, пе...","Я работаю в КОММЕРЧЕСКОЙ организации, ее цель – получить прибыль (например, магазин, завод, фермерское хозяйство, АО/...","Транспортировка и хранение (складское хозяйство) Включает в том числе: Перевозка грузов, ж/д, авиа, водный, космическ...",1.1410683015929188
07d02247fd4ce8de,Мужской,47.0,Южный федеральный округ,Село,"Нет, домашних животных нет",,,,,,,,,,,,,,,,,,,,,,,,,,Выгул в неположенных местах,,,,,,,,,,,,,Смотрю более четырех часов ежедневно,Провожу в интернете более четырех часов ежедневно,Незаконченное высшее (с 3-го курса вуза) или законченное высшее,Среднее,"Работаю по договору, контракту в найме (за исключением находящихся в декретном отпуске, подрабатывающих студентов, пе...","Я работаю в КОММЕРЧЕСКОЙ организации, ее цель – получить прибыль (например, магазин, завод, фермерское хозяйство, АО/...","Промышленность, производство (в т.ч. добывающие, обрабатывающие отрасли, энергетика) Включает в том числе: Завод, ком...",1.096772031305334
07cfe361658ce3bf,Мужской,55.0,Северо-Кавказский федеральный округ,Село,"Нет, домашних животных нет",,,,,,,,,,,,,,,,,,,,,,,,,,Ничего не беспокоило,,,,,,,,,,,,,Смотрю более четырех часов ежедневно,Провожу в интернете более четырех часов ежедневно,(НЕ ЗАЧИТЫВАТЬ) Нет основного общего образования: не окончил 9 (раньше 8) классов,Среднее,Неработающий пенсионер (в том числе по инвалидности),,,1.325030766857944
07cfe62e22cced77,Мужской,45.0,Северо-Кавказский федеральный округ,Село,Беспородная кошка,"Домашний скот (куры, коровы, козы и т.п.) (из другого)",,,,,,,,,,,Ничего,,,,,,,,,,,,Не бываю с питомцем в общественных местах,,,,,,,,,,,,,,,Несколько раз в неделю,Eжедневно менее четырех часов в день,Среднее общее (10 или 11 классов школы с аттестатом),Хорошее,"Временно не работаю, безработный",,,1.325030766857944
07cfe53ea34ce876,Мужской,54.0,Северо-Кавказский федеральный округ,Село,"Нет, домашних животных нет",,,,,,,,,,,,,,,,,,,,,,,,,,Ничего не беспокоило,,,,,,,,,,,,,Смотрю более четырех часов ежедневно,Eжедневно менее четырех часов в день,"Среднее профессиональное (техникум, колледж, ПТУ)",Хорошее,"Работаю по договору, контракту в найме (за исключением находящихся в декретном отпуске, подрабатывающих студентов, пе...","Я работаю в НЕКОММЕРЧЕСКОЙ организации, которая оказывает помощь населению (благотворительные фонды, центры поддержки...",,1.325030766857944
07cfe7383bcce6a9,Мужской,55.0,Северо-Кавказский федеральный округ,Село,Беспородная кошка,,,,,,,,,,,,Зоомагазины,Ветеринарные клиники,,,,,,,,,,,Нет,,,,,,,,,,,,,,,Ежедневно менее четырех часов в день,Eжедневно менее четырех часов в день,Среднее общее (10 или 11 классов школы с аттестатом),Среднее,"Предприниматель, собственник бизнеса",,"Промышленность, производство (в т.ч. добывающие, обрабатывающие отрасли, энергетика) Включает в том числе: Завод, ком...",1.325030766857944
07cff432c00ce79d,Мужской,48.0,Северо-Кавказский федеральный округ,Село,Беспородная собака,"Домашний скот (куры, коровы, козы и т.п.) (из другого)",,,,,,,,,,,Ветеринарные клиники,Зоомагазины,,,,,,,,,,,Нет,"Животное не требует выгула, не могу оценить",,,,,,,,,,,,,,Ежедневно менее четырех часов в день,Несколько раз в неделю,"Среднее профессиональное (техникум, колледж, ПТУ)",Хорошее,"Работаю по договору, контракту в найме (за исключением находящихся в декретном отпуске, подрабатывающих студентов, пе...","Работаю в правоохранительных органах, вооруженных силах, МЧС","Правоохранительные органы, силовые структуры, МЧС, военная служба Включает в том числе: Полиция, росгвардия, пожарно-...",1.325030766857944
07d00180280ce8d5,Мужской,55.0,Северо-Кавказский федеральный округ,Село,Породистая кошка,,,,,,,,,,,,Ничего,,,,,,,,,,,,Не бываю с питомцем в общественных местах,,,,,,,,,,,,,,,Не смотрю,Eжедневно менее четырех часов в день,Среднее общее (10 или 11 классов школы с аттестатом),Среднее,"Временно не работаю, безработный",,,1.325030766857944
07d02a62c9cce284,Мужской,50.0,Северо-Кавказский федеральный округ,Село,Породистая кошка,Беспородная кошка,,,,,,,,,,,"Магазины, в которых можно находиться с животными",,,,,,,,,,,,Нет,,,,,,,,,,,,,,,Не смотрю,Несколько раз в неделю,"Среднее профессиональное (техникум, колледж, ПТУ)",Среднее,"Предприниматель, собственник бизнеса",,"Торговля (оптовая, розничная, онлайн продажи; в т.ч. - недвижимость) Включает в том числе: Магазин, автосалон, аукцио...",1.325030766857944
07cfd97b670cef4b,Мужской,57.0,Северо-Кавказский федеральный округ,Село,Породистая кошка,Беспородная собака,"Домашний скот (куры, коровы, козы и т.п.) (из другого)",,,,,,,,,,Ничего,,,,,,,,,,,,Нет,5- полностью удовлетворен,,,,,,,,,,,,,,Ежедневно менее четырех часов в день,Не пользуюсь,Незаконченное высшее (с 3-го курса вуза) или законченное высшее,Хорошее,"Предприниматель, собственник бизнеса",,"Сельское, лесное хозяйство, охота, рыболовство и рыбоводство Включает в том числе: Фермерское хозяйство, скотобойни, ...",1.0623554958548256
07d042cc554ce4a5,Мужской,53.0,Северо-Кавказский федеральный округ,Село,Беспородная кошка,Беспородная собака,,,,,,,,,,,Ветеринарные клиники,Зоомагазины,Стойки с пакетами для уборки за собаками,Специально огороженные площадки для выгула или занятий домашних животных,,,,,,,,,Не бываю с питомцем в общественных местах,"Животное не требует выгула, не могу оценить",,,,,,,,,,,,,,Ежедневно менее четырех часов в день,Eжедневно менее четырех часов в день,Незаконченное высшее (с 3-го курса вуза) или законченное высшее,Хорошее,"Работаю по договору, контракту в найме (за исключением находящихся в декретном отпуске, подрабатывающих студентов, пе...","Я работаю в БЮДЖЕТНОЙ организации, которая безвозмездно оказывает услуги населению (детский сад, общеобразовательная,...",Другое (укажите),1.0623554958548256
07cfe33b0dcce737,Мужской,52.0,Приволжский федеральный округ,Село,Беспородная кошка,,,,,,,,,,,,Ничего,,,,,,,,,,,,Не бываю с питомцем в общественных местах,,,,,,,,,,,,,,,Несколько раз в неделю,Eжедневно менее четырех часов в день,"Среднее профессиональное (техникум, колледж, ПТУ)",Плохое,"Работаю по договору, контракту в найме (за исключением находящихся в декретном отпуске, подрабатывающих студентов, пе...","Работаю в правоохранительных органах, вооруженных силах, МЧС","Правоохранительные органы, силовые структуры, МЧС, военная служба Включает в том числе: Полиция, росгвардия, пожарно-...",1.1154412493001544
07cfe635380cef84,Мужской,53.0,Приволжский федеральный округ,Село,"Нет, домашних животных нет",,,,,,,,,,,,,,,,,,,,,,,,,,Большое количество бродячих собак (из другого),,,,,,,,,,,,,Несколько раз в месяц,Несколько раз в месяц,"Среднее профессиональное (техникум, колледж, ПТУ)",Затрудняюсь ответить,Самозанятый,,"Жилищно-коммунальное хозяйство Включает в том числе: водоканал, горгаз, вывоз мусора, котельная,  сортировка и перера...",1.1154412493001544
07cfe915180ce250,Мужской,56.0,Приволжский федеральный округ,Село,Беспородная собака,Беспородная кошка,,,,,,,,,,,Ничего,,,,,,,,,,,,"Да, время от времени",1 – совершенно не удовлетворен,,,,,,,,,,,,,,Смотрю более четырех часов ежедневно,Не пользуюсь,Среднее общее (10 или 11 классов школы с аттестатом),Плохое,"Временно не работаю, безработный",,,1.1154412493001544
07cfeecefccce5e0,Мужской,56.0,Приволжский федеральный округ,Село,Беспородная кошка,"Домашний скот (куры, коровы, козы и т.п.) (из другого)",,,,,,,,,,,Ветеринарные клиники,,,,,,,,,,,,Не бываю с питомцем в общественных местах,,,,,,,,,,,,,,,Не смотрю,Eжедневно менее четырех часов в день,Среднее общее (10 или 11 классов школы с аттестатом),Хорошее,"Работаю по договору, контракту в найме (за исключением находящихся в декретном отпуске, подрабатывающих студентов, пе...","Я работаю в КОММЕРЧЕСКОЙ организации, ее цель – получить прибыль (например, магазин, завод, фермерское хозяйство, АО/...","Строительство Включает в том числе: архитектура, проектирование, дизайн интерьера",1.1154412493001544
07cffd7885cced4a,Мужской,57.0,Приволжский федеральный округ,Село,"Нет, домашних животных нет",,,,,,,,,,,,,,,,,,,,,,,,,,Ничего не беспокоило,,,,,,,,,,,,,Несколько раз в неделю,Несколько раз в неделю,Среднее общее (10 или 11 классов школы с аттестатом),Среднее,"Временно не работаю, безработный",,,1.1154412493001544
07cffd6ce24cea7b,Мужской,49.0,Приволжский федеральный округ,Село,Породистая собака,,,,,,,,,,,,Ничего,,,,,,,,,,,,Нет,5- полностью удовлетворен,,,,,,,,,,,,,,Ежедневно менее четырех часов в день,Eжедневно менее четырех часов в день,Незаконченное высшее (с 3-го курса вуза) или законченное высшее,Плохое,Работающий пенсионер,Затрудняюсь ответить/ отказ от ответа,"Сельское, лесное хозяйство, охота, рыболовство и рыбоводство Включает в том числе: Фермерское хозяйство, скотобойни, ...",1.1386987138669573
07d0021c548ce7d7,Мужской,45.0,Приволжский федеральный округ,Село,Беспородная кошка,,,,,,,,,,,,Ветеринарные клиники,Зоомагазины,,,,,,,,,,,Нет,,,,,,,,,,,,,,,Не смотрю,Провожу в интернете более четырех часов ежедневно,Незаконченное высшее (с 3-го курса вуза) или законченное высшее,Среднее,Самозанятый,,"Культура, искусство, спорт Включает в том числе: дома культуры, дома народного творчества, музеи, библиотеки,  концер...",1.1386987138669573
07cfdbd97dccebe5,Мужской,58.0,Уральский федеральный округ,Село,Беспородная собака,"Домашний скот (куры, коровы, козы и т.п.) (из другого)",,,,,,,,,,,Ничего,,,,,,,,,,,,Нет,5- полностью удовлетворен,,,,,,,,,,,,,,Смотрю более четырех часов ежедневно,Не пользуюсь,"Среднее профессиональное (техникум, колледж, ПТУ)",Среднее,Неработающий пенсионер (в том числе по инвалидности),,,1.1698065064679974
07cfb440684ce1d1,Мужской,53.0,Уральский федеральный округ,Село,Породистая собака,,,,,,,,,,,,Ветеринарные клиники,Зоомагазины,,,,,,,,,,,Не бываю с питомцем в общественных местах,1 – совершенно не удовлетворен,,,,,,,,,,,,,,Ежедневно менее четырех часов в день,Провожу в интернете более четырех часов ежедневно,"Среднее профессиональное (техникум, колледж, ПТУ)",Среднее,"Работаю по договору, контракту в найме (за исключением находящихся в декретном отпуске, подрабатывающих студентов, пе...","Я работаю в КОММЕРЧЕСКОЙ организации, ее цель – получить прибыль (например, магазин, завод, фермерское хозяйство, АО/...","Торговля (оптовая, розничная, онлайн продажи; в т.ч. - недвижимость) Включает в том числе: Магазин, автосалон, аукцио...",1.1698065064679974
07cfe81d09cceb63,Мужской,52.0,Уральский федеральный округ,Село,"Нет, домашних животных нет",,,,,,,,,,,,,,,,,,,,,,,,,,"Укусы, нападения собак на людей",Выгул в неположенных местах,,,,,,,,,,,,Смотрю более четырех часов ежедневно,Eжедневно менее четырех часов в день,Среднее общее (10 или 11 классов школы с аттестатом),Среднее,"Работаю по договору, контракту в найме (за исключением находящихся в декретном отпуске, подрабатывающих студентов, пе...","Я работаю в КОММЕРЧЕСКОЙ организации, ее цель – получить прибыль (например, магазин, завод, фермерское хозяйство, АО/...","Промышленность, производство (в т.ч. добывающие, обрабатывающие отрасли, энергетика) Включает в том числе: Завод, ком...",1.1698065064679974
07cfca3bc74ced98,Мужской,49.0,Уральский федеральный округ,Село,Породистая собака,,,,,,,,,,,,ГрУминг-салоны (уход за животными),,,,,,,,,,,,Нет,5- полностью удовлетворен,,,,,,,,,,,,,,Ежедневно менее четырех часов в день,Eжедневно менее четырех часов в день,"Два и более высших образования, ученая степень кандидата или доктора наук",Хорошее,"Предприниматель, собственник бизнеса",,"Строительство Включает в том числе: архитектура, проектирование, дизайн интерьера",1.035534931704325
07cfcc52ea8ce661,Мужской,46.0,Уральский федеральный округ,Село,Породистая собака,,,,,,,,,,,,Зоомагазины,Ветеринарные клиники,,,,,,,,,,,Нет,5- полностью удовлетворен,,,,,,,,,,,,,,Ежедневно менее четырех часов в день,Eжедневно менее четырех часов в день,Незаконченное высшее (с 3-го курса вуза) или законченное высшее,Среднее,Работающий пенсионер,"Я работаю в КОММЕРЧЕСКОЙ организации, ее цель – получить прибыль (например, магазин, завод, фермерское хозяйство, АО/...","Сельское, лесное хозяйство, охота, рыболовство и рыбоводство Включает в том числе: Фермерское хозяйство, скотобойни, ...",1.035534931704325
07cfb5afb1cce608,Мужской,58.0,Сибирский федеральный округ,Село,"Домашний скот (куры, коровы, козы и т.п.) (из другого)",,,,,,,,,,,,Ничего,,,,,,,,,,,,"Да, время от времени",,,,,,,,,,,,,,,Смотрю более четырех часов ежедневно,Не пользуюсь,"Среднее профессиональное (техникум, колледж, ПТУ)",Среднее,"Предприниматель, собственник бизнеса",,"Торговля (оптовая, розничная, онлайн продажи; в т.ч. - недвижимость) Включает в том числе: Магазин, автосалон, аукцио...",1.1666614638296495
07cfc7200fcce4fb,Мужской,59.0,Сибирский федеральный округ,Село,Беспородная собака,Беспородная кошка,,,,,,,,,,,Ничего,,,,,,,,,,,,"Да, часто",1 – совершенно не удовлетворен,,,,,,,,,,,,,,Смотрю более четырех часов ежедневно,Несколько раз в неделю,Среднее общее (10 или 11 классов школы с аттестатом),Очень плохое,"Предприниматель, собственник бизнеса",,"Транспортировка и хранение (складское хозяйство) Включает в том числе: Перевозка грузов, ж/д, авиа, водный, космическ...",1.1666614638296495
07cfd08e59cce881,Мужской,50.0,Сибирский федеральный округ,Село,"Домашний скот (куры, коровы, козы и т.п.) (из другого)",,,,,,,,,,,,Ничего,,,,,,,,,,,,Затрудняюсь ответить,,,,,,,,,,,,,,,Не смотрю,Провожу в интернете более четырех часов ежедневно,"Среднее профессиональное (техникум, колледж, ПТУ)",Хорошее,Самозанятый,,"Промышленность, производство (в т.ч. добывающие, обрабатывающие отрасли, энергетика) Включает в том числе: Завод, ком...",1.1666614638296495
07cfd5605f4ce9aa,Мужской,51.0,Сибирский федеральный округ,Село,Беспородная кошка,Беспородная собака,,,,,,,,,,,Ничего,,,,,,,,,,,,Нет,Затрудняюсь ответить,,,,,,,,,,,,,,Смотрю более четырех часов ежедневно,Не пользуюсь,Среднее общее (10 или 11 классов школы с аттестатом),Очень плохое,Неработающий пенсионер (в том числе по инвалидности),,,1.1666614638296495
07cfda92c18cef6c,Мужской,53.0,Сибирский федеральный округ,Село,Беспородная кошка,,,,,,,,,,,,Ничего,,,,,,,,,,,,Нет,,,,,,,,,,,,,,,Не смотрю,Eжедневно менее четырех часов в день,"Среднее профессиональное (техникум, колледж, ПТУ)",Очень плохое,"Работаю по договору, контракту в найме (за исключением находящихся в декретном отпуске, подрабатывающих студентов, пе...","Я работаю в БЮДЖЕТНОЙ организации, которая безвозмездно оказывает услуги населению (детский сад, общеобразовательная,...","Культура, искусство, спорт Включает в том числе: дома культуры, дома народного творчества, музеи, библиотеки,  концер...",1.1666614638296495
07cfd63a5e4ceee6,Мужской,52.0,Сибирский федеральный округ,Село,Породистая собака,,,,,,,,,,,,Ничего,,,,,,,,,,,,Нет,Затрудняюсь ответить,,,,,,,,,,,,,,Ежедневно менее четырех часов в день,Не пользуюсь,"Среднее профессиональное (техникум, колледж, ПТУ)",Плохое,"Работаю по договору, контракту в найме (за исключением находящихся в декретном отпуске, подрабатывающих студентов, пе...","Я работаю в КОММЕРЧЕСКОЙ организации, ее цель – получить прибыль (например, магазин, завод, фермерское хозяйство, АО/...",Другое (укажите),1.1666614638296495
07cfdeedc08cecfd,Мужской,56.0,Сибирский федеральный округ,Село,Породистая собака,"Домашний скот (куры, коровы, козы и т.п.) (из другого)",Породистая кошка,,,,,,,,,,Затрудняюсь ответить,,,,,,,,,,,,"Да, время от времени",5- полностью удовлетворен,,,,,,,,,,,,,,Несколько раз в неделю,Не пользуюсь,Основное общее образование: окончил 9 (раньше 8) классов,Очень хорошее,"Предприниматель, собственник бизнеса",,"Сельское, лесное хозяйство, охота, рыболовство и рыбоводство Включает в том числе: Фермерское хозяйство, скотобойни, ...",1.1666614638296495
07cfe92c510ce92e,Мужской,52.0,Сибирский федеральный округ,Село,"Домашний скот (куры, коровы, козы и т.п.) (из другого)",,,,,,,,,,,,Специально огороженные площадки для выгула или занятий домашних животных,,,,,,,,,,,,"Да, время от времени",,,,,,,,,,,,,,,Смотрю более четырех часов ежедневно,Eжедневно менее четырех часов в день,"Среднее профессиональное (техникум, колледж, ПТУ)",Среднее,Неработающий пенсионер (в том числе по инвалидности),,,1.1666614638296495
07cfecfc008ce5e6,Мужской,48.0,Сибирский федеральный округ,Село,Беспородная кошка,,,,,,,,,,,,Ничего,,,,,,,,,,,,Нет,,,,,,,,,,,,,,,Ежедневно менее четырех часов в день,Несколько раз в неделю,"Среднее профессиональное (техникум, колледж, ПТУ)",Среднее,"Работаю по договору, контракту в найме (за исключением находящихся в декретном отпуске, подрабатывающих студентов, пе...","Я работаю в КОММЕРЧЕСКОЙ организации, ее цель – получить прибыль (например, магазин, завод, фермерское хозяйство, АО/...","Промышленность, производство (в т.ч. добывающие, обрабатывающие отрасли, энергетика) Включает в том числе: Завод, ком...",1.1666614638296495
07cfb09e988ce0b6,Мужской,49.0,Сибирский федеральный округ,Село,Беспородная кошка,,,,,,,,,,,,"Магазины, в которых можно находиться с животными",Зоомагазины,Ветеринарные клиники,,,,,,,,,,Не бываю с питомцем в общественных местах,,,,,,,,,,,,,,,Смотрю более четырех часов ежедневно,Провожу в интернете более четырех часов ежедневно,Незаконченное высшее (с 3-го курса вуза) или законченное высшее,Среднее,Работающий пенсионер,"Я работаю в НЕКОММЕРЧЕСКОЙ организации, которая оказывает помощь населению (благотворительные фонды, центры поддержки...",,1.1336881077982985
07cfce20340cee63,Мужской,59.0,Сибирский федеральный округ,Село,Беспородная собака,Беспородная кошка,,,,,,,,,,,Ничего,,,,,,,,,,,,Нет,"Животное не требует выгула, не могу оценить",,,,,,,,,,,,,,Не смотрю,Несколько раз в месяц,Незаконченное высшее (с 3-го курса вуза) или законченное высшее,Среднее,"Временно не работаю, безработный",,,1.1336881077982985
07cfcc66ebcce9dd,Мужской,56.0,Дальневосточный федеральный округ,Село,"Нет, домашних животных нет",,,,,,,,,,,,,,,,,,,,,,,,,,Ничего не беспокоило,,,,,,,,,,,,,Смотрю более четырех часов ежедневно,Eжедневно менее четырех часов в день,Среднее общее (10 или 11 классов школы с аттестатом),Плохое,Неработающий пенсионер (в том числе по инвалидности),,,1.0595040943295293
07cfe764480ce268,Мужской,46.0,Дальневосточный федеральный округ,Село,Беспородная кошка,,,,,,,,,,,,"Магазины, в которых можно находиться с животными",Ветеринарные клиники,,,,,,,,,,,Не бываю с питомцем в общественных местах,,,,,,,,,,,,,,,Несколько раз в месяц,Eжедневно менее четырех часов в день,"Среднее профессиональное (техникум, колледж, ПТУ)",Среднее,"Работаю по договору, контракту в найме (за исключением находящихся в декретном отпуске, подрабатывающих студентов, пе...","Я работаю в НЕКОММЕРЧЕСКОЙ организации, которая оказывает помощь населению (благотворительные фонды, центры поддержки...",,1.0595040943295293
07d027965e8cee29,Мужской,45.0,Центральный федеральный округ,Город с численностью от 50 тысяч до 100 тысяч,Беспородная собака,Породистая собака,Породистая кошка,,,,,,,,,,"Магазины, в которых можно находиться с животными",,,,,,,,,,,,Нет,3,,,,,,,,,,,,,,Смотрю более четырех часов ежедневно,Несколько раз в неделю,(НЕ ЗАЧИТЫВАТЬ) Нет основного общего образования: не окончил 9 (раньше 8) классов,Очень хорошее,Неработающий пенсионер (в том числе по инвалидности),,,0.9142878330265286
07cfee9b8f4ce9c9,Мужской,47.0,Центральный федеральный округ,Город с численностью от 50 тысяч до 100 тысяч,Породистая кошка,,,,,,,,,,,,Специализированные урны для утилизации отходов жизнедеятельности собак,ГрУминг-салоны (уход за животными),"Магазины, в которых можно находиться с животными",Ветеринарные клиники,"Кафе, в которых можно находиться с животными",Специально огороженные площадки для выгула или занятий домашних животных,Стойки с пакетами для уборки за собаками,Зоомагазины,,,,,Не бываю с питомцем в общественных местах,,,,,,,,,,,,,,,Ежедневно менее четырех часов в день,Eжедневно менее четырех часов в день,Незаконченное высшее (с 3-го курса вуза) или законченное высшее,Хорошее,"Предприниматель, собственник бизнеса",,"Торговля (оптовая, розничная, онлайн продажи; в т.ч. - недвижимость) Включает в том числе: Магазин, автосалон, аукцио...",0.8972137987497065
07cfd194664ceba2,Мужской,47.0,Центральный федеральный округ,Поселок городского типа,Беспородная кошка,,,,,,,,,,,,Зоомагазины,,,,,,,,,,,,Нет,,,,,,,,,,,,,,,Не смотрю,Eжедневно менее четырех часов в день,Среднее общее (10 или 11 классов школы с аттестатом),Среднее,Работающий пенсионер,"Я работаю в КОММЕРЧЕСКОЙ организации, ее цель – получить прибыль (например, магазин, завод, фермерское хозяйство, АО/...",Другое (укажите),0.8020931488783719
07cfd84f188ce618,Мужской,45.0,Центральный федеральный округ,Город с численностью менее 50 тысяч,Породистая собака,Породистая кошка,,,,,,,,,,,Зоомагазины,,,,,,,,,,,,Нет,5- полностью удовлетворен,,,,,,,,,,,,,,"Редко, но не менее одного раза в полгода",Eжедневно менее четырех часов в день,Среднее общее (10 или 11 классов школы с аттестатом),Хорошее,Самозанятый,,"Транспортировка и хранение (складское хозяйство) Включает в том числе: Перевозка грузов, ж/д, авиа, водный, космическ...",0.8020931488783719
07cfd7218b8cee6d,Мужской,45.0,Центральный федеральный округ,Город с численностью от 50 тысяч до 100 тысяч,Беспородная собака,Беспородная кошка,,,,,,,,,,,Ветеринарные клиники,,,,,,,,,,,,Не бываю с питомцем в общественных местах,1 – совершенно не удовлетворен,,,,,,,,,,,,,,Несколько раз в неделю,Провожу в интернете более четырех часов ежедневно,"Среднее профессиональное (техникум, колледж, ПТУ)",Среднее,"Работаю по договору, контракту в найме (за исключением находящихся в декретном отпуске, подрабатывающих студентов, пе...","Я работаю в КОММЕРЧЕСКОЙ организации, ее цель – получить прибыль (например, магазин, завод, фермерское хозяйство, АО/...","Торговля (оптовая, розничная, онлайн продажи; в т.ч. - недвижимость) Включает в том числе: Магазин, автосалон, аукцио...",0.8020931488783719
07cfd8ce37ccec6e,Мужской,51.0,Центральный федеральный округ,Город с численностью менее 50 тысяч,Породистая собака,,,,,,,,,,,,Ничего,,,,,,,,,,,,Нет,Затрудняюсь ответить,,,,,,,,,,,,,,"Редко, но не менее одного раза в полгода",Eжедневно менее четырех часов в день,"Среднее профессиональное (техникум, колледж, ПТУ)",Плохое,(НЕ ЗАЧИТЫВАТЬ) Затрудняюсь ответить,,,0.8020931488783719
07cfe485acccee97,Мужской,58.0,Центральный федеральный округ,Поселок городского типа,Беспородная собака,Беспородная кошка,Декоративные птицы,,,,,,,,,,Специально огороженные площадки для выгула или занятий домашних животных,,,,,,,,,,,,Нет,3,,,,,,,,,,,,,,Ежедневно менее четырех часов в день,Не пользуюсь,Среднее общее (10 или 11 классов школы с аттестатом),Хорошее,"Работаю по договору, контракту в найме (за исключением находящихся в декретном отпуске, подрабатывающих студентов, пе...","Я работаю в КОММЕРЧЕСКОЙ организации, ее цель – получить прибыль (например, магазин, завод, фермерское хозяйство, АО/...","Транспортировка и хранение (складское хозяйство) Включает в том числе: Перевозка грузов, ж/д, авиа, водный, космическ...",0.8020931488783719
07cff663610ced45,Мужской,51.0,Центральный федеральный округ,Город с численностью менее 50 тысяч,Беспородная кошка,,,,,,,,,,,,Лапомойки в доме,"Магазины, в которых можно находиться с животными",Ветеринарные клиники,Зоомагазины,,,,,,,,,Нет,,,,,,,,,,,,,,,Смотрю более четырех часов ежедневно,Несколько раз в неделю,Основное общее образование: окончил 9 (раньше 8) классов,Среднее,"Работаю по договору, контракту в найме (за исключением находящихся в декретном отпуске, подрабатывающих студентов, пе...","Я работаю в БЮДЖЕТНОЙ организации, которая безвозмездно оказывает услуги населению (детский сад, общеобразовательная,...","Сфера отдыха и развлечений, туризм Включает в том числе: Парки, активный отдых, прокат (лодок, снаряжения), ярмарки, ...",0.8020931488783719
07cfff7f3e4ce67e,Мужской,47.0,Центральный федеральный округ,Город с численностью менее 50 тысяч,Беспородная кошка,,,,,,,,,,,,Ветеринарные клиники,Зоомагазины,Специализированные урны для утилизации отходов жизнедеятельности собак,ГрУминг-салоны (уход за животными),"Кафе, в которых можно находиться с животными",,,,,,,,Нет,,,,,,,,,,,,,,,Ежедневно менее четырех часов в день,Eжедневно менее четырех часов в день,"Среднее профессиональное (техникум, колледж, ПТУ)",Среднее,"Предприниматель, собственник бизнеса",,"Транспортировка и хранение (складское хозяйство) Включает в том числе: Перевозка грузов, ж/д, авиа, водный, космическ...",0.8020931488783719
07cfffa89e4cef31,Мужской,49.0,Центральный федеральный округ,Город с численностью от 50 тысяч до 100 тысяч,Беспородная кошка,,,,,,,,,,,,Затрудняюсь ответить,,,,,,,,,,,,Нет,,,,,,,,,,,,,,,Несколько раз в месяц,Несколько раз в неделю,"Среднее профессиональное (техникум, колледж, ПТУ)",Среднее,"Работаю по договору, контракту в найме (за исключением находящихся в декретном отпуске, подрабатывающих студентов, пе...","Я работаю в КОММЕРЧЕСКОЙ организации, ее цель – получить прибыль (например, магазин, завод, фермерское хозяйство, АО/...","Промышленность, производство (в т.ч. добывающие, обрабатывающие отрасли, энергетика) Включает в том числе: Завод, ком...",0.8020931488783719
07d0069808cceacd,Мужской,50.0,Центральный федеральный округ,Город с численностью менее 50 тысяч,Беспородная собака,Породистая кошка,,,,,,,,,,,Зоомагазины,Специально огороженные площадки для выгула или занятий домашних животных,"Магазины, в которых можно находиться с животными",,,,,,,,,,Затрудняюсь ответить,4,,,,,,,,,,,,,,Ежедневно менее четырех часов в день,Несколько раз в неделю,Среднее общее (10 или 11 классов школы с аттестатом),Среднее,"Работаю по договору, контракту в найме (за исключением находящихся в декретном отпуске, подрабатывающих студентов, пе...","Я работаю в КОММЕРЧЕСКОЙ организации, ее цель – получить прибыль (например, магазин, завод, фермерское хозяйство, АО/...","Правоохранительные органы, силовые структуры, МЧС, военная служба Включает в том числе: Полиция, росгвардия, пожарно-...",0.8020931488783719
07cfe77d38cceb91,Мужской,58.0,Центральный федеральный округ,Город с численностью менее 50 тысяч,"Нет, домашних животных нет",,,,,,,,,,,,,,,,,,,,,,,,,,Громкий лай в позднее или раннее время,,,,,,,,,,,,,Не смотрю,Несколько раз в неделю,Незаконченное высшее (с 3-го курса вуза) или законченное высшее,Среднее,Работающий пенсионер,"Я работаю в БЮДЖЕТНОЙ организации, которая безвозмездно оказывает услуги населению (детский сад, общеобразовательная,...","Здравоохранение Включает в том числе: поликлиники, медицинские центры, больницы, стационары,  «Скорая помощь», санатории",0.7287749739837821
07cff09a310cec10,Мужской,45.0,Центральный федеральный округ,Город с численностью менее 50 тысяч,"Нет, домашних животных нет",,,,,,,,,,,,,,,,,,,,,,,,,,Самовыгул собак (без поводка),,,,,,,,,,,,,Ежедневно менее четырех часов в день,Eжедневно менее четырех часов в день,Незаконченное высшее (с 3-го курса вуза) или законченное высшее,Хорошее,"Работаю по договору, контракту в найме (за исключением находящихся в декретном отпуске, подрабатывающих студентов, пе...","Я работаю в КОММЕРЧЕСКОЙ организации, ее цель – получить прибыль (например, магазин, завод, фермерское хозяйство, АО/...","Жилищно-коммунальное хозяйство Включает в том числе: водоканал, горгаз, вывоз мусора, котельная,  сортировка и перера...",0.7287749739837821
07d00dbf9ccce0f7,Мужской,45.0,Центральный федеральный округ,Город с численностью от 50 тысяч до 100 тысяч,Беспородная кошка,,,,,,,,,,,,Зоомагазины,Ветеринарные клиники,,,,,,,,,,,Нет,,,,,,,,,,,,,,,Ежедневно менее четырех часов в день,Eжедневно менее четырех часов в день,Незаконченное высшее (с 3-го курса вуза) или законченное высшее,Плохое,"Работаю по договору, контракту в найме (за исключением находящихся в декретном отпуске, подрабатывающих студентов, пе...","Я работаю в КОММЕРЧЕСКОЙ организации, ее цель – получить прибыль (например, магазин, завод, фермерское хозяйство, АО/...","Промышленность, производство (в т.ч. добывающие, обрабатывающие отрасли, энергетика) Включает в том числе: Завод, ком...",0.7287749739837821
07cffa766a0cedf0,Мужской,58.0,Северо-Западный федеральный округ,Город с численностью менее 50 тысяч,Декоративные птицы,Породистая кошка,,,,,,,,,,,Ветеринарные клиники,Зоомагазины,,,,,,,,,,,"Да, время от времени",,,,,,,,,,,,,,,Несколько раз в неделю,Несколько раз в неделю,Незаконченное высшее (с 3-го курса вуза) или законченное высшее,Плохое,Работающий пенсионер,"Я работаю в КОММЕРЧЕСКОЙ организации, ее цель – получить прибыль (например, магазин, завод, фермерское хозяйство, АО/...","Жилищно-коммунальное хозяйство Включает в том числе: водоканал, горгаз, вывоз мусора, котельная,  сортировка и перера...",0.737078508960507
07d01e9b64ccef39,Мужской,59.0,Северо-Западный федеральный округ,Поселок городского типа,Породистая собака,,,,,,,,,,,,Зоомагазины,,,,,,,,,,,,"Да, время от времени",5- полностью удовлетворен,,,,,,,,,,,,,,Ежедневно менее четырех часов в день,Eжедневно менее четырех часов в день,"Два и более высших образования, ученая степень кандидата или доктора наук",Среднее,Работающий пенсионер,Затрудняюсь ответить/ отказ от ответа,"Образование, наука Включает в том числе: ясли, детский сад, школа, ССУЗ, вуз, научно-исследовательские институты, центры",0.737078508960507
07d01e32418ce286,Мужской,45.0,Северо-Западный федеральный округ,Город с численностью от 50 тысяч до 100 тысяч,"Нет, домашних животных нет",,,,,,,,,,,,,,,,,,,,,,,,,,Ничего не беспокоило,,,,,,,,,,,,,Не смотрю,Провожу в интернете более четырех часов ежедневно,"Два и более высших образования, ученая степень кандидата или доктора наук",Среднее,Самозанятый,,"Информационные технологии, связь, интернет Включает в том числе: Программирование /создание программного обеспечения,...",0.737078508960507
07cfe2078dccee6f,Мужской,46.0,Северо-Западный федеральный округ,Город с численностью менее 50 тысяч,Беспородная кошка,,,,,,,,,,,,Ветеринарные клиники,Зоомагазины,"Магазины, в которых можно находиться с животными",,,,,,,,,,Нет,,,,,,,,,,,,,,,Ежедневно менее четырех часов в день,Eжедневно менее четырех часов в день,"Среднее профессиональное (техникум, колледж, ПТУ)",Среднее,"Работаю по договору, контракту в найме (за исключением находящихся в декретном отпуске, подрабатывающих студентов, пе...","Я работаю в КОММЕРЧЕСКОЙ организации, ее цель – получить прибыль (например, магазин, завод, фермерское хозяйство, АО/...","Промышленность, производство (в т.ч. добывающие, обрабатывающие отрасли, энергетика) Включает в том числе: Завод, ком...",0.791879167190232
07d00e95718ce895,Мужской,59.0,Северо-Западный федеральный округ,Поселок городского типа,Беспородная кошка,,,,,,,,,,,,Ничего,,,,,,,,,,,,Не бываю с питомцем в общественных местах,,,,,,,,,,,,,,,Несколько раз в неделю,Eжедневно менее четырех часов в день,Незаконченное высшее (с 3-го курса вуза) или законченное высшее,Среднее,Работающий пенсионер,"Я работаю в КОММЕРЧЕСКОЙ организации, ее цель – получить прибыль (например, магазин, завод, фермерское хозяйство, АО/...","Сфера услуг, сервиса, бытового обслуживания Включает в том числе: Прачечная/химчистка, ремонт мебели, часов, ювелирны...",0.6581165324719709
07cfd36e5d0ce42a,Мужской,47.0,Южный федеральный округ,Город с численностью менее 50 тысяч,Беспородная собака,Породистая собака,Беспородная кошка,,,,,,,,,,Зоомагазины,,,,,,,,,,,,Нет,2,,,,,,,,,,,,,,Ежедневно менее четырех часов в день,Несколько раз в неделю,"Среднее профессиональное (техникум, колледж, ПТУ)",Плохое,"Работаю по договору, контракту в найме (за исключением находящихся в декретном отпуске, подрабатывающих студентов, пе...","Я работаю в КОММЕРЧЕСКОЙ организации, ее цель – получить прибыль (например, магазин, завод, фермерское хозяйство, АО/...","Сфера услуг, сервиса, бытового обслуживания Включает в том числе: Прачечная/химчистка, ремонт мебели, часов, ювелирны...",0.7896118811643689
07d00efa550cea80,Мужской,47.0,Южный федеральный округ,Город с численностью от 50 тысяч до 100 тысяч,Беспородная собака,Беспородная кошка,,,,,,,,,,,Ничего,,,,,,,,,,,,Нет,5- полностью удовлетворен,,,,,,,,,,,,,,Не смотрю,Провожу в интернете более четырех часов ежедневно,"Среднее профессиональное (техникум, колледж, ПТУ)",Плохое,Самозанятый,,Затрудняюсь ответить,0.7896118811643689
07d015da7e8cee4d,Мужской,54.0,Южный федеральный округ,Город с численностью от 50 тысяч до 100 тысяч,"Нет, домашних животных нет",,,,,,,,,,,,,,,,,,,,,,,,,,Громкий лай в позднее или раннее время,Отсутствие уборки за собаками во дворе,"Отсутствие уборки за собаками в доме (в лифте, в подъезде)","Укусы, нападения собак на людей",,,,,,,,,,Несколько раз в месяц,Провожу в интернете более четырех часов ежедневно,Среднее общее (10 или 11 классов школы с аттестатом),Среднее,"Временно не работаю, безработный",,,0.7896118811643689
07d0134dff0ce0d5,Мужской,51.0,Южный федеральный округ,Город с численностью менее 50 тысяч,"Нет, домашних животных нет",,,,,,,,,,,,,,,,,,,,,,,,,,"Укусы, нападения собак на людей",,,,,,,,,,,,,Несколько раз в неделю,Провожу в интернете более четырех часов ежедневно,"Среднее профессиональное (техникум, колледж, ПТУ)",Среднее,"Временно не работаю, безработный",,,0.7896118811643689
07d02678bb4cecc7,Мужской,55.0,Южный федеральный округ,Город с численностью менее 50 тысяч,Породистая собака,Беспородная кошка,,,,,,,,,,,Зоомагазины,Ветеринарные клиники,,,,,,,,,,,Не бываю с питомцем в общественных местах,5- полностью удовлетворен,,,,,,,,,,,,,,Несколько раз в неделю,Eжедневно менее четырех часов в день,"Среднее профессиональное (техникум, колледж, ПТУ)",Среднее,"Работаю по договору, контракту в найме (за исключением находящихся в декретном отпуске, подрабатывающих студентов, пе...","Я работаю в БЮДЖЕТНОЙ организации, которая безвозмездно оказывает услуги населению (детский сад, общеобразовательная,...",Другое (укажите),0.7896118811643689
07cfd728ae8ce12d,Мужской,59.0,Южный федеральный округ,Город с численностью от 50 тысяч до 100 тысяч,Другое,,,,,,,,,,,,Ничего,,,,,,,,,,,,Нет,,,,,,,,,,,,,,,Ежедневно менее четырех часов в день,Провожу в интернете более четырех часов ежедневно,Незаконченное высшее (с 3-го курса вуза) или законченное высшее,Хорошее,Работающий пенсионер,"Я работаю в БЮДЖЕТНОЙ организации, которая безвозмездно оказывает услуги населению (детский сад, общеобразовательная,...","Транспортировка и хранение (складское хозяйство) Включает в том числе: Перевозка грузов, ж/д, авиа, водный, космическ...",0.7589591487542944
07d013bee18ce247,Мужской,47.0,Южный федеральный округ,Город с численностью от 50 тысяч до 100 тысяч,"Нет, домашних животных нет",,,,,,,,,,,,,,,,,,,,,,,,,,Большое количество бродячих собак (из другого),,,,,,,,,,,,,Смотрю более четырех часов ежедневно,Провожу в интернете более четырех часов ежедневно,Незаконченное высшее (с 3-го курса вуза) или законченное высшее,Плохое,"Временно не работаю, безработный",,,0.7589591487542944
07cff79e300ce434,Мужской,45.0,Северо-Кавказский федеральный округ,Город с численностью от 50 тысяч до 100 тысяч,"Домашний скот (куры, коровы, козы и т.п.) (из другого)",Породистая собака,Породистая кошка,Беспородная кошка,,,,,,,,,Затрудняюсь ответить,,,,,,,,,,,,Нет,5- полностью удовлетворен,,,,,,,,,,,,,,Не смотрю,Не пользуюсь,Основное общее образование: окончил 9 (раньше 8) классов,Хорошее,"Работаю по договору, контракту в найме (за исключением находящихся в декретном отпуске, подрабатывающих студентов, пе...","Я работаю в КОММЕРЧЕСКОЙ организации, ее цель – получить прибыль (например, магазин, завод, фермерское хозяйство, АО/...","Транспортировка и хранение (складское хозяйство) Включает в том числе: Перевозка грузов, ж/д, авиа, водный, космическ...",0.9169127167574456
07d03c542d4ce478,Мужской,55.0,Северо-Кавказский федеральный округ,Город с численностью от 50 тысяч до 100 тысяч,Беспородная кошка,,,,,,,,,,,,Ветеринарные клиники,,,,,,,,,,,,Нет,,,,,,,,,,,,,,,Смотрю более четырех часов ежедневно,Eжедневно менее четырех часов в день,"Среднее профессиональное (техникум, колледж, ПТУ)",Плохое,"Временно не работаю, безработный",,,0.9169127167574456
07cfee7ed4cce2fa,Мужской,53.0,Северо-Кавказский федеральный округ,Город с численностью от 50 тысяч до 100 тысяч,"Нет, домашних животных нет",,,,,,,,,,,,,,,,,,,,,,,,,,Ничего не беспокоило,,,,,,,,,,,,,Смотрю более четырех часов ежедневно,Eжедневно менее четырех часов в день,Незаконченное высшее (с 3-го курса вуза) или законченное высшее,Хорошее,"Работаю по договору, контракту в найме (за исключением находящихся в декретном отпуске, подрабатывающих студентов, пе...","Я работаю в КОММЕРЧЕСКОЙ организации, ее цель – получить прибыль (например, магазин, завод, фермерское хозяйство, АО/...","Транспортировка и хранение (складское хозяйство) Включает в том числе: Перевозка грузов, ж/д, авиа, водный, космическ...",0.7351431289224419
07cfda2a6a0ce158,Мужской,55.0,Приволжский федеральный округ,Город с численностью менее 50 тысяч,Беспородная кошка,,,,,,,,,,,,Ничего,,,,,,,,,,,,Не бываю с питомцем в общественных местах,,,,,,,,,,,,,,,Ежедневно менее четырех часов в день,Несколько раз в неделю,Среднее общее (10 или 11 классов школы с аттестатом),Очень плохое,"Работаю по договору, контракту в найме (за исключением находящихся в декретном отпуске, подрабатывающих студентов, пе...","Я работаю в БЮДЖЕТНОЙ организации, которая безвозмездно оказывает услуги населению (детский сад, общеобразовательная,...","Здравоохранение Включает в том числе: поликлиники, медицинские центры, больницы, стационары,  «Скорая помощь», санатории",0.7718781268033552
07cfe9d31c8ce446,Мужской,46.0,Приволжский федеральный округ,Город с численностью менее 50 тысяч,Беспородная собака,,,,,,,,,,,,Затрудняюсь ответить,,,,,,,,,,,,Нет,5- полностью удовлетворен,,,,,,,,,,,,,,"Редко, но не менее одного раза в полгода",Провожу в интернете более четырех часов ежедневно,"Среднее профессиональное (техникум, колледж, ПТУ)",Среднее,"Работаю по договору, контракту в найме (за исключением находящихся в декретном отпуске, подрабатывающих студентов, пе...","Я работаю в КОММЕРЧЕСКОЙ организации, ее цель – получить прибыль (например, магазин, завод, фермерское хозяйство, АО/...","Сфера услуг, сервиса, бытового обслуживания Включает в том числе: Прачечная/химчистка, ремонт мебели, часов, ювелирны...",0.7718781268033552
07cfeee09f4ce98b,Мужской,54.0,Приволжский федеральный округ,Город с численностью от 50 тысяч до 100 тысяч,Беспородная кошка,Беспородная собака,,,,,,,,,,,Ветеринарные клиники,Зоомагазины,,,,,,,,,,,Нет,5- полностью удовлетворен,,,,,,,,,,,,,,Несколько раз в месяц,Несколько раз в неделю,"Среднее профессиональное (техникум, колледж, ПТУ)",Среднее,"Работаю по договору, контракту в найме (за исключением находящихся в декретном отпуске, подрабатывающих студентов, пе...","Я работаю в КОММЕРЧЕСКОЙ организации, ее цель – получить прибыль (например, магазин, завод, фермерское хозяйство, АО/...","Промышленность, производство (в т.ч. добывающие, обрабатывающие отрасли, энергетика) Включает в том числе: Завод, ком...",0.7718781268033552
07cfd388c5ccec8b,Мужской,55.0,Приволжский федеральный округ,Город с численностью менее 50 тысяч,Декоративные птицы,Другое,,,,,,,,,,,Ветеринарные клиники,,,,,,,,,,,,Нет,,,,,,,,,,,,,,,Ежедневно менее четырех часов в день,Eжедневно менее четырех часов в день,Незаконченное высшее (с 3-го курса вуза) или законченное высшее,Хорошее,"Предприниматель, собственник бизнеса",,"Строительство Включает в том числе: архитектура, проектирование, дизайн интерьера",0.7879721417909512
07cfdf9a1d4ce0f0,Мужской,48.0,Приволжский федеральный округ,Город с численностью менее 50 тысяч," Мелкие животные (хомячки, морские свинки, черепашки и т.п.)",,,,,,,,,,,,Ничего,,,,,,,,,,,,Не бываю с питомцем в общественных местах,,,,,,,,,,,,,,,Не смотрю,Провожу в интернете более четырех часов ежедневно,Незаконченное высшее (с 3-го курса вуза) или законченное высшее,Среднее,"Временно не работаю, безработный",,,0.7879721417909512
07cfe1826c4ce751,Мужской,54.0,Приволжский федеральный округ,Город с численностью менее 50 тысяч,"Нет, домашних животных нет",,,,,,,,,,,,,,,,,,,,,,,,,,Выгул в неположенных местах,,,,,,,,,,,,,Смотрю более четырех часов ежедневно,Несколько раз в неделю,Незаконченное высшее (с 3-го курса вуза) или законченное высшее,Хорошее,"Работаю по договору, контракту в найме (за исключением находящихся в декретном отпуске, подрабатывающих студентов, пе...","Работаю в правоохранительных органах, вооруженных силах, МЧС","Правоохранительные органы, силовые структуры, МЧС, военная служба Включает в том числе: Полиция, росгвардия, пожарно-...",0.7879721417909512
07cfe362cf0ce4ee,Мужской,52.0,Приволжский федеральный округ,Город с численностью менее 50 тысяч,Беспородная кошка,,,,,,,,,,,,Ветеринарные клиники,Зоомагазины,,,,,,,,,,,"Да, время от времени",,,,,,,,,,,,,,,Не смотрю,Eжедневно менее четырех часов в день,Незаконченное высшее (с 3-го курса вуза) или законченное высшее,Среднее,"Предприниматель, собственник бизнеса",,"Культура, искусство, спорт Включает в том числе: дома культуры, дома народного творчества, музеи, библиотеки,  концер...",0.7879721417909512
07cff05de14cee47,Мужской,47.0,Приволжский федеральный округ,Город с численностью от 50 тысяч до 100 тысяч,"Нет, домашних животных нет",,,,,,,,,,,,,,,,,,,,,,,,,,Громкий лай в позднее или раннее время,"Отсутствие уборки за собаками в доме (в лифте, в подъезде)",Отсутствие уборки за собаками во дворе,,,,,,,,,,,Не смотрю,Провожу в интернете более четырех часов ежедневно,Незаконченное высшее (с 3-го курса вуза) или законченное высшее,Среднее,"Работаю по договору, контракту в найме (за исключением находящихся в декретном отпуске, подрабатывающих студентов, пе...","Я работаю в КОММЕРЧЕСКОЙ организации, ее цель – получить прибыль (например, магазин, завод, фермерское хозяйство, АО/...","Промышленность, производство (в т.ч. добывающие, обрабатывающие отрасли, энергетика) Включает в том числе: Завод, ком...",0.7879721417909512
07d002bf434cecd7,Мужской,46.0,Приволжский федеральный округ,Город с численностью менее 50 тысяч,"Нет, домашних животных нет",,,,,,,,,,,,,,,,,,,,,,,,,,Ничего не беспокоило,,,,,,,,,,,,,"Редко, но не менее одного раза в полгода",Eжедневно менее четырех часов в день,Незаконченное высшее (с 3-го курса вуза) или законченное высшее,Очень плохое,"Временно не работаю, безработный",,,0.7879721417909512
07cffbd2b0cce261,Мужской,51.0,Уральский федеральный округ,Город с численностью менее 50 тысяч,Беспородная кошка,Беспородная собака,,,,,,,,,,,Ничего,,,,,,,,,,,,Нет,5- полностью удовлетворен,,,,,,,,,,,,,,Ежедневно менее четырех часов в день,Несколько раз в неделю,"Среднее профессиональное (техникум, колледж, ПТУ)",Среднее,"Работаю по договору, контракту в найме (за исключением находящихся в декретном отпуске, подрабатывающих студентов, пе...","Я работаю в КОММЕРЧЕСКОЙ организации, ее цель – получить прибыль (например, магазин, завод, фермерское хозяйство, АО/...","Правоохранительные органы, силовые структуры, МЧС, военная служба Включает в том числе: Полиция, росгвардия, пожарно-...",0.8094985329809342
07cfc63ae7cceea6,Мужской,54.0,Уральский федеральный округ,Город с численностью менее 50 тысяч,"Нет, домашних животных нет",,,,,,,,,,,,,,,,,,,,,,,,,,Громкий лай в позднее или раннее время,Большое количество бродячих собак (из другого),,,,,,,,,,,,Ежедневно менее четырех часов в день,Провожу в интернете более четырех часов ежедневно,Незаконченное высшее (с 3-го курса вуза) или законченное высшее,Среднее,"Временно не работаю, безработный",,,0.7165834720787603
07cfd553984ce54d,Мужской,52.0,Уральский федеральный округ,Город с численностью менее 50 тысяч,Породистая кошка,,,,,,,,,,,,Зоомагазины,Специально огороженные площадки для выгула или занятий домашних животных,ГрУминг-салоны (уход за животными),"Магазины, в которых можно находиться с животными",,,,,,,,,Нет,,,,,,,,,,,,,,,Не смотрю,Провожу в интернете более четырех часов ежедневно,Незаконченное высшее (с 3-го курса вуза) или законченное высшее,Плохое,"Предприниматель, собственник бизнеса",,"Торговля (оптовая, розничная, онлайн продажи; в т.ч. - недвижимость) Включает в том числе: Магазин, автосалон, аукцио...",0.7165834720787603
07cff6faa18ce192,Мужской,53.0,Уральский федеральный округ,Город с численностью менее 50 тысяч,"Нет, домашних животных нет",,,,,,,,,,,,,,,,,,,,,,,,,,Ничего не беспокоило,,,,,,,,,,,,,Не смотрю,Провожу в интернете более четырех часов ежедневно,Незаконченное высшее (с 3-го курса вуза) или законченное высшее,Хорошее,Работающий пенсионер,"Я работаю в КОММЕРЧЕСКОЙ организации, ее цель – получить прибыль (например, магазин, завод, фермерское хозяйство, АО/...","Сельское, лесное хозяйство, охота, рыболовство и рыбоводство Включает в том числе: Фермерское хозяйство, скотобойни, ...",0.7165834720787603
07cfb51b2e4cec75,Мужской,50.0,Сибирский федеральный округ,Город с численностью от 50 тысяч до 100 тысяч,Беспородная собака,Беспородная кошка,Декоративные птицы,Аквариумные рыбки,,,,,,,,,Зоомагазины,,,,,,,,,,,,Нет,5- полностью удовлетворен,,,,,,,,,,,,,,Смотрю более четырех часов ежедневно,Eжедневно менее четырех часов в день,Среднее общее (10 или 11 классов школы с аттестатом),Среднее,Неработающий пенсионер (в том числе по инвалидности),,,0.8073221838258999
07cfebd7d58ce9db,Мужской,51.0,Сибирский федеральный округ,Город с численностью менее 50 тысяч,"Домашний скот (куры, коровы, козы и т.п.) (из другого)",Породистая собака,Беспородная кошка,,,,,,,,,,Ничего,,,,,,,,,,,,"Да, время от времени",5- полностью удовлетворен,,,,,,,,,,,,,,Смотрю более четырех часов ежедневно,Несколько раз в месяц,Среднее общее (10 или 11 классов школы с аттестатом),Среднее,"Временно не работаю, безработный",,,0.8073221838258999
07cfb0bc828ce196,Мужской,53.0,Сибирский федеральный округ,Город с численностью от 50 тысяч до 100 тысяч,Породистая собака,,,,,,,,,,,,ГрУминг-салоны (уход за животными),Зоомагазины,Ветеринарные клиники,,,,,,,,,,Нет,3,,,,,,,,,,,,,,Несколько раз в неделю,Eжедневно менее четырех часов в день,Незаконченное высшее (с 3-го курса вуза) или законченное высшее,Очень хорошее,Работающий пенсионер,"Я работаю в КОММЕРЧЕСКОЙ организации, ее цель – получить прибыль (например, магазин, завод, фермерское хозяйство, АО/...","Промышленность, производство (в т.ч. добывающие, обрабатывающие отрасли, энергетика) Включает в том числе: Завод, ком...",0.7845048348136879
07cfc13b518cec79,Мужской,50.0,Сибирский федеральный округ,Город с численностью от 50 тысяч до 100 тысяч,"Нет, домашних животных нет",,,,,,,,,,,,,,,,,,,,,,,,,,Самовыгул собак (без поводка),Выгул агрессивных собак без намордника,"Отсутствие уборки за собаками в доме (в лифте, в подъезде)",,,,,,,,,,,Несколько раз в неделю,Eжедневно менее четырех часов в день,Незаконченное высшее (с 3-го курса вуза) или законченное высшее,Среднее,"Работаю по договору, контракту в найме (за исключением находящихся в декретном отпуске, подрабатывающих студентов, пе...","Я работаю в КОММЕРЧЕСКОЙ организации, ее цель – получить прибыль (например, магазин, завод, фермерское хозяйство, АО/...","Промышленность, производство (в т.ч. добывающие, обрабатывающие отрасли, энергетика) Включает в том числе: Завод, ком...",0.7845048348136879
07cfca0223cce366,Мужской,49.0,Сибирский федеральный округ,Поселок городского типа,Беспородная собака,,,,,,,,,,,,"Магазины, в которых можно находиться с животными",Ветеринарные клиники,Зоомагазины,Лапомойки в доме,Специализированные урны для утилизации отходов жизнедеятельности собак,"Кафе, в которых можно находиться с животными",ГрУминг-салоны (уход за животными),Специально огороженные площадки для выгула или занятий домашних животных,Стойки с пакетами для уборки за собаками,,,,Нет,5- полностью удовлетворен,,,,,,,,,,,,,,Смотрю более четырех часов ежедневно,Eжедневно менее четырех часов в день,Незаконченное высшее (с 3-го курса вуза) или законченное высшее,Хорошее,"Работаю по договору, контракту в найме (за исключением находящихся в декретном отпуске, подрабатывающих студентов, пе...","Я работаю в КОММЕРЧЕСКОЙ организации, ее цель – получить прибыль (например, магазин, завод, фермерское хозяйство, АО/...","Промышленность, производство (в т.ч. добывающие, обрабатывающие отрасли, энергетика) Включает в том числе: Завод, ком...",0.7845048348136879
07cfd5aff90cedcb,Мужской,59.0,Сибирский федеральный округ,Город с численностью менее 50 тысяч,"Нет, домашних животных нет",,,,,,,,,,,,,,,,,,,,,,,,,,"Отсутствие уборки за собаками в доме (в лифте, в подъезде)",,,,,,,,,,,,,Ежедневно менее четырех часов в день,Eжедневно менее четырех часов в день,Незаконченное высшее (с 3-го курса вуза) или законченное высшее,Хорошее,Работающий пенсионер,"Я работаю в КОММЕРЧЕСКОЙ организации, ее цель – получить прибыль (например, магазин, завод, фермерское хозяйство, АО/...","Жилищно-коммунальное хозяйство Включает в том числе: водоканал, горгаз, вывоз мусора, котельная,  сортировка и перера...",0.7845048348136879
07cfedcc4acce9e9,Мужской,52.0,Сибирский федеральный округ,Город с численностью от 50 тысяч до 100 тысяч,Породистая собака,,,,,,,,,,,,Ничего,,,,,,,,,,,,Нет,1 – совершенно не удовлетворен,,,,,,,,,,,,,,Не смотрю,Eжедневно менее четырех часов в день,Незаконченное высшее (с 3-го курса вуза) или законченное высшее,Среднее,"Работаю по договору, контракту в найме (за исключением находящихся в декретном отпуске, подрабатывающих студентов, пе...","Я работаю в КОММЕРЧЕСКОЙ организации, ее цель – получить прибыль (например, магазин, завод, фермерское хозяйство, АО/...","Транспортировка и хранение (складское хозяйство) Включает в том числе: Перевозка грузов, ж/д, авиа, водный, космическ...",0.7845048348136879
07cf9ae8f94cebe9,Мужской,53.0,Дальневосточный федеральный округ,Город с численностью менее 50 тысяч,"Нет, домашних животных нет",,,,,,,,,,,,,,,,,,,,,,,,,,Ничего не беспокоило,,,,,,,,,,,,,Смотрю более четырех часов ежедневно,Eжедневно менее четырех часов в день,Основное общее образование: окончил 9 (раньше 8) классов,Очень плохое,Неработающий пенсионер (в том числе по инвалидности),,,0.7331699775175684
07cfcc60bb8ce86a,Мужской,55.0,Дальневосточный федеральный округ,Город с численностью менее 50 тысяч,Породистая собака,Беспородная кошка,,,,,,,,,,,Зоомагазины,Ветеринарные клиники,,,,,,,,,,,"Да, время от времени",4,,,,,,,,,,,,,,Ежедневно менее четырех часов в день,Eжедневно менее четырех часов в день,"Среднее профессиональное (техникум, колледж, ПТУ)",Очень плохое,"Работаю по договору, контракту в найме (за исключением находящихся в декретном отпуске, подрабатывающих студентов, пе...","Я работаю в КОММЕРЧЕСКОЙ организации, ее цель – получить прибыль (например, магазин, завод, фермерское хозяйство, АО/...","Промышленность, производство (в т.ч. добывающие, обрабатывающие отрасли, энергетика) Включает в том числе: Завод, ком...",0.7331699775175684
07cfdac5dfccede9,Мужской,53.0,Дальневосточный федеральный округ,Город с численностью менее 50 тысяч,Беспородная собака,Беспородная кошка,"Домашний скот (куры, коровы, козы и т.п.) (из другого)",,,,,,,,,,Ветеринарные клиники,Специально огороженные площадки для выгула или занятий домашних животных,Специализированные урны для утилизации отходов жизнедеятельности собак,Зоомагазины,,,,,,,,,Нет,5- полностью удовлетворен,,,,,,,,,,,,,,Ежедневно менее четырех часов в день,Eжедневно менее четырех часов в день,"Среднее профессиональное (техникум, колледж, ПТУ)",Среднее,"Работаю по договору, контракту в найме (за исключением находящихся в декретном отпуске, подрабатывающих студентов, пе...","Я работаю в КОММЕРЧЕСКОЙ организации, ее цель – получить прибыль (например, магазин, завод, фермерское хозяйство, АО/...","Промышленность, производство (в т.ч. добывающие, обрабатывающие отрасли, энергетика) Включает в том числе: Завод, ком...",0.7331699775175684
07d0023a4fccefe3,Мужской,55.0,Центральный федеральный округ,Город с численностью от 100 тысяч до 500 тысяч,"Нет, домашних животных нет",,,,,,,,,,,,,,,,,,,,,,,,,,Отсутствие уборки за собаками во дворе,Выгул в неположенных местах,Выгул собак на длинном поводке,,,,,,,,,,,Ежедневно менее четырех часов в день,Eжедневно менее четырех часов в день,"Среднее профессиональное (техникум, колледж, ПТУ)",Среднее,Работающий пенсионер,"Я работаю в КОММЕРЧЕСКОЙ организации, ее цель – получить прибыль (например, магазин, завод, фермерское хозяйство, АО/...","Правоохранительные органы, силовые структуры, МЧС, военная служба Включает в том числе: Полиция, росгвардия, пожарно-...",0.7342166227846016
07d0049493cce0df,Мужской,53.0,Центральный федеральный округ,Город с численностью от 100 тысяч до 500 тысяч,Беспородная кошка,,,,,,,,,,,,Ничего,,,,,,,,,,,,"Да, часто",,,,,,,,,,,,,,,Не смотрю,Eжедневно менее четырех часов в день,Среднее общее (10 или 11 классов школы с аттестатом),Среднее,"Работаю по договору, контракту в найме (за исключением находящихся в декретном отпуске, подрабатывающих студентов, пе...","Я работаю в КОММЕРЧЕСКОЙ организации, ее цель – получить прибыль (например, магазин, завод, фермерское хозяйство, АО/...","Строительство Включает в том числе: архитектура, проектирование, дизайн интерьера",0.7342166227846016
07d02382810cefea,Мужской,46.0,Центральный федеральный округ,Город с численностью от 100 тысяч до 500 тысяч,"Нет, домашних животных нет",,,,,,,,,,,,,,,,,,,,,,,,,,Самовыгул собак (без поводка),,,,,,,,,,,,,Не смотрю,Провожу в интернете более четырех часов ежедневно,"Среднее профессиональное (техникум, колледж, ПТУ)",Среднее,"Работаю по договору, контракту в найме (за исключением находящихся в декретном отпуске, подрабатывающих студентов, пе...","Я работаю в КОММЕРЧЕСКОЙ организации, ее цель – получить прибыль (например, магазин, завод, фермерское хозяйство, АО/...",Другое (укажите),0.7342166227846016
07cfd5d547cce729,Мужской,54.0,Центральный федеральный округ,Город с численностью от 100 тысяч до 500 тысяч,"Нет, домашних животных нет",,,,,,,,,,,,,,,,,,,,,,,,,,Отсутствие уборки за собаками во дворе,,,,,,,,,,,,,Ежедневно менее четырех часов в день,Не пользуюсь,"Среднее профессиональное (техникум, колледж, ПТУ)",Среднее,Неработающий пенсионер (в том числе по инвалидности),,,0.6441189542889358
07cfe1d8a90ce185,Мужской,46.0,Центральный федеральный округ,Город с численностью от 100 тысяч до 500 тысяч,"Нет, домашних животных нет",,,,,,,,,,,,,,,,,,,,,,,,,,Ничего не беспокоило,,,,,,,,,,,,,Не смотрю,Провожу в интернете более четырех часов ежедневно,"Среднее профессиональное (техникум, колледж, ПТУ)",Очень плохое,"Работаю по договору, контракту в найме (за исключением находящихся в декретном отпуске, подрабатывающих студентов, пе...","Я работаю в КОММЕРЧЕСКОЙ организации, ее цель – получить прибыль (например, магазин, завод, фермерское хозяйство, АО/...","Промышленность, производство (в т.ч. добывающие, обрабатывающие отрасли, энергетика) Включает в том числе: Завод, ком...",0.6441189542889358
07cfe404490ce3c8,Мужской,59.0,Центральный федеральный округ,Город с численностью от 100 тысяч до 500 тысяч,Беспородная кошка,Беспородная собака," Мелкие животные (хомячки, морские свинки, черепашки и т.п.)"," Мелкие животные (хомячки, морские свинки, черепашки и т.п.)",,,,,,,,,Ветеринарные клиники,Специально огороженные площадки для выгула или занятий домашних животных,Зоомагазины,,,,,,,,,,Нет,5- полностью удовлетворен,,,,,,,,,,,,,,Смотрю более четырех часов ежедневно,Eжедневно менее четырех часов в день,"Среднее профессиональное (техникум, колледж, ПТУ)",Среднее,Неработающий пенсионер (в том числе по инвалидности),,,0.6441189542889358
07cff1bcfb8cee8f,Мужской,52.0,Центральный федеральный округ,Город с численностью от 100 тысяч до 500 тысяч,Беспородная кошка,,,,,,,,,,,,Специально огороженные площадки для выгула или занятий домашних животных,,,,,,,,,,,,Затрудняюсь ответить,,,,,,,,,,,,,,,Смотрю более четырех часов ежедневно,Провожу в интернете более четырех часов ежедневно,"Среднее профессиональное (техникум, колледж, ПТУ)",Среднее,"Работаю по договору, контракту в найме (за исключением находящихся в декретном отпуске, подрабатывающих студентов, пе...","Я работаю в КОММЕРЧЕСКОЙ организации, ее цель – получить прибыль (например, магазин, завод, фермерское хозяйство, АО/...","Промышленность, производство (в т.ч. добывающие, обрабатывающие отрасли, энергетика) Включает в том числе: Завод, ком...",0.6441189542889358
07d0240bbbccef80,Мужской,51.0,Центральный федеральный округ,Город с численностью от 100 тысяч до 500 тысяч,Беспородная собака,,,,,,,,,,,,"Магазины, в которых можно находиться с животными",Зоомагазины,Ветеринарные клиники,,,,,,,,,,"Да, время от времени",3,,,,,,,,,,,,,,Ежедневно менее четырех часов в день,Eжедневно менее четырех часов в день,"Среднее профессиональное (техникум, колледж, ПТУ)",Хорошее,Самозанятый,,"Строительство Включает в том числе: архитектура, проектирование, дизайн интерьера",0.6441189542889358
07cfde6c8fcce6c7,Мужской,47.0,Центральный федеральный округ,Город с численностью от 100 тысяч до 500 тысяч,Породистая собака,,,,,,,,,,,,"Магазины, в которых можно находиться с животными",Специально огороженные площадки для выгула или занятий домашних животных,Зоомагазины,ГрУминг-салоны (уход за животными),Специализированные урны для утилизации отходов жизнедеятельности собак,Ветеринарные клиники,,,,,,,Нет,5- полностью удовлетворен,,,,,,,,,,,,,,Несколько раз в неделю,Eжедневно менее четырех часов в день,Незаконченное высшее (с 3-го курса вуза) или законченное высшее,Среднее,"Работаю по договору, контракту в найме (за исключением находящихся в декретном отпуске, подрабатывающих студентов, пе...","Я работаю в БЮДЖЕТНОЙ организации, которая безвозмездно оказывает услуги населению (детский сад, общеобразовательная,...","Образование, наука Включает в том числе: ясли, детский сад, школа, ССУЗ, вуз, научно-исследовательские институты, центры",0.5852409720875975
07d002a10e4ce592,Мужской,50.0,Центральный федеральный округ,Город с численностью от 100 тысяч до 500 тысяч,"Нет, домашних животных нет",,,,,,,,,,,,,,,,,,,,,,,,,,Громкий лай в позднее или раннее время,,,,,,,,,,,,,Несколько раз в неделю,Несколько раз в неделю,Незаконченное высшее (с 3-го курса вуза) или законченное высшее,Среднее,"Работаю по договору, контракту в найме (за исключением находящихся в декретном отпуске, подрабатывающих студентов, пе...","Я работаю в БЮДЖЕТНОЙ организации, которая безвозмездно оказывает услуги населению (детский сад, общеобразовательная,...","Образование, наука Включает в том числе: ясли, детский сад, школа, ССУЗ, вуз, научно-исследовательские институты, центры",0.5852409720875975
07d010ca890ce3ce,Мужской,47.0,Центральный федеральный округ,Город с численностью от 100 тысяч до 500 тысяч,Беспородная кошка," Мелкие животные (хомячки, морские свинки, черепашки и т.п.)",,,,,,,,,,,Ничего,,,,,,,,,,,,Не бываю с питомцем в общественных местах,,,,,,,,,,,,,,,Ежедневно менее четырех часов в день,Eжедневно менее четырех часов в день,Незаконченное высшее (с 3-го курса вуза) или законченное высшее,Хорошее,"Работаю по договору, контракту в найме (за исключением находящихся в декретном отпуске, подрабатывающих студентов, пе...","Я работаю в КОММЕРЧЕСКОЙ организации, ее цель – получить прибыль (например, магазин, завод, фермерское хозяйство, АО/...","Средства массовой информации (в т.ч. журналистика, блогерство, реклама, СММ)  Включает в том числе: Издательство печа...",0.5852409720875975
07cff5acc00cede3,Мужской,53.0,Северо-Западный федеральный округ,Город с численностью от 100 тысяч до 500 тысяч,Породистая кошка,,,,,,,,,,,,Зоомагазины,ГрУминг-салоны (уход за животными),Специально огороженные площадки для выгула или занятий домашних животных,Ветеринарные клиники,,,,,,,,,Нет,,,,,,,,,,,,,,,Не смотрю,Eжедневно менее четырех часов в день,Незаконченное высшее (с 3-го курса вуза) или законченное высшее,Среднее,"Работаю по договору, контракту в найме (за исключением находящихся в декретном отпуске, подрабатывающих студентов, пе...","Я работаю в КОММЕРЧЕСКОЙ организации, ее цель – получить прибыль (например, магазин, завод, фермерское хозяйство, АО/...","Сфера услуг, сервиса, бытового обслуживания Включает в том числе: Прачечная/химчистка, ремонт мебели, часов, ювелирны...",0.5919091056748111
07cfe26bfc0cec94,Мужской,52.0,Северо-Западный федеральный округ,Город с численностью от 100 тысяч до 500 тысяч,"Нет, домашних животных нет",,,,,,,,,,,,,,,,,,,,,,,,,,Ничего не беспокоило,,,,,,,,,,,,,Смотрю более четырех часов ежедневно,Провожу в интернете более четырех часов ежедневно,"Среднее профессиональное (техникум, колледж, ПТУ)",Среднее,"Временно не работаю, безработный",,,0.6359166411121052
07d0077118cce883,Мужской,57.0,Северо-Западный федеральный округ,Город с численностью от 100 тысяч до 500 тысяч,"Нет, домашних животных нет",,,,,,,,,,,,,,,,,,,,,,,,,,Ничего не беспокоило,,,,,,,,,,,,,Не смотрю,Не пользуюсь,"Среднее профессиональное (техникум, колледж, ПТУ)",Среднее,Неработающий пенсионер (в том числе по инвалидности),,,0.6359166411121052
07d02139328ce249,Мужской,56.0,Северо-Западный федеральный округ,Город с численностью от 100 тысяч до 500 тысяч,Породистая собака,Породистая кошка,,,,,,,,,,,Ветеринарные клиники,"Магазины, в которых можно находиться с животными",ГрУминг-салоны (уход за животными),,,,,,,,,,"Да, время от времени",4,,,,,,,,,,,,,,Несколько раз в неделю,Провожу в интернете более четырех часов ежедневно,"Среднее профессиональное (техникум, колледж, ПТУ)",Хорошее,Работающий пенсионер,"Я работаю в КОММЕРЧЕСКОЙ организации, ее цель – получить прибыль (например, магазин, завод, фермерское хозяйство, АО/...","Жилищно-коммунальное хозяйство Включает в том числе: водоканал, горгаз, вывоз мусора, котельная,  сортировка и перера...",0.6359166411121052
07cfe3e65c8ceaa6,Мужской,48.0,Северо-Западный федеральный округ,Город с численностью от 100 тысяч до 500 тысяч,"Нет, домашних животных нет",,,,,,,,,,,,,,,,,,,,,,,,,,Отсутствие уборки за собаками во дворе,Выгул собак на длинном поводке,,,,,,,,,,,,Несколько раз в неделю,Eжедневно менее четырех часов в день,Незаконченное высшее (с 3-го курса вуза) или законченное высшее,Среднее,Самозанятый,,"Строительство Включает в том числе: архитектура, проектирование, дизайн интерьера",0.5284988823167058
07cfe6d35b8ce996,Мужской,53.0,Северо-Западный федеральный округ,Город с численностью от 100 тысяч до 500 тысяч,Беспородная собака,Беспородная кошка,,,,,,,,,,,Зоомагазины,,,,,,,,,,,,"Да, время от времени",1 – совершенно не удовлетворен,,,,,,,,,,,,,,Ежедневно менее четырех часов в день,Eжедневно менее четырех часов в день,Незаконченное высшее (с 3-го курса вуза) или законченное высшее,Среднее,"Работаю по договору, контракту в найме (за исключением находящихся в декретном отпуске, подрабатывающих студентов, пе...","Я работаю в КОММЕРЧЕСКОЙ организации, ее цель – получить прибыль (например, магазин, завод, фермерское хозяйство, АО/...",Другое (укажите),0.5284988823167058
07cff81e7fcce14f,Мужской,59.0,Северо-Западный федеральный округ,Город с численностью от 100 тысяч до 500 тысяч,Беспородная кошка,,,,,,,,,,,,Зоомагазины,ГрУминг-салоны (уход за животными),Ветеринарные клиники,,,,,,,,,,Нет,,,,,,,,,,,,,,,Смотрю более четырех часов ежедневно,Провожу в интернете более четырех часов ежедневно,Незаконченное высшее (с 3-го курса вуза) или законченное высшее,Хорошее,Самозанятый,,"Промышленность, производство (в т.ч. добывающие, обрабатывающие отрасли, энергетика) Включает в том числе: Завод, ком...",0.5284988823167058
07cff67de94ce3e1,Мужской,52.0,Северо-Западный федеральный округ,Город с численностью от 100 тысяч до 500 тысяч,Беспородная кошка,,,,,,,,,,,,"Магазины, в которых можно находиться с животными",Зоомагазины,Ветеринарные клиники,,,,,,,,,,Нет,,,,,,,,,,,,,,,Ежедневно менее четырех часов в день,Eжедневно менее четырех часов в день,Незаконченное высшее (с 3-го курса вуза) или законченное высшее,Среднее,Работающий пенсионер,"Работаю в правоохранительных органах, вооруженных силах, МЧС","Правоохранительные органы, силовые структуры, МЧС, военная служба Включает в том числе: Полиция, росгвардия, пожарно-...",0.5284988823167058
07d01d113e0ce866,Мужской,45.0,Северо-Западный федеральный округ,Город с численностью от 100 тысяч до 500 тысяч,Беспородная кошка,,,,,,,,,,,,Зоомагазины,"Магазины, в которых можно находиться с животными",Ветеринарные клиники,Специально огороженные площадки для выгула или занятий домашних животных,,,,,,,,,Нет,,,,,,,,,,,,,,,Не смотрю,Eжедневно менее четырех часов в день,"Два и более высших образования, ученая степень кандидата или доктора наук",Среднее,"Временно не работаю, безработный",,,0.5284988823167058
07cfdb85890ce205,Мужской,58.0,Южный федеральный округ,Город с численностью от 100 тысяч до 500 тысяч,"Нет, домашних животных нет",,,,,,,,,,,,,,,,,,,,,,,,,,Самовыгул собак (без поводка),,,,,,,,,,,,,Не смотрю,Eжедневно менее четырех часов в день,"Среднее профессиональное (техникум, колледж, ПТУ)",Хорошее,"Работаю по договору, контракту в найме (за исключением находящихся в декретном отпуске, подрабатывающих студентов, пе...","Я работаю в КОММЕРЧЕСКОЙ организации, ее цель – получить прибыль (например, магазин, завод, фермерское хозяйство, АО/...","Промышленность, производство (в т.ч. добывающие, обрабатывающие отрасли, энергетика) Включает в том числе: Завод, ком...",0.6340959025780644
07cfdda7234ce089,Мужской,47.0,Южный федеральный округ,Город с численностью от 100 тысяч до 500 тысяч,Беспородная кошка,,,,,,,,,,,,Зоомагазины,Ветеринарные клиники,,,,,,,,,,,Нет,,,,,,,,,,,,,,,Ежедневно менее четырех часов в день,Eжедневно менее четырех часов в день,"Среднее профессиональное (техникум, колледж, ПТУ)",Среднее,"Работаю по договору, контракту в найме (за исключением находящихся в декретном отпуске, подрабатывающих студентов, пе...","Я работаю в КОММЕРЧЕСКОЙ организации, ее цель – получить прибыль (например, магазин, завод, фермерское хозяйство, АО/...","Промышленность, производство (в т.ч. добывающие, обрабатывающие отрасли, энергетика) Включает в том числе: Завод, ком...",0.6340959025780644
07cff2e1530cefc8,Мужской,51.0,Южный федеральный округ,Город с численностью от 100 тысяч до 500 тысяч,Породистая кошка,,,,,,,,,,,,"Кафе, в которых можно находиться с животными",Стойки с пакетами для уборки за собаками,"Магазины, в которых можно находиться с животными",Лапомойки в доме,Ветеринарные клиники,Зоомагазины,Специализированные урны для утилизации отходов жизнедеятельности собак,Специально огороженные площадки для выгула или занятий домашних животных,ГрУминг-салоны (уход за животными),,,,Не бываю с питомцем в общественных местах,,,,,,,,,,,,,,,Не смотрю,Провожу в интернете более четырех часов ежедневно,"Среднее профессиональное (техникум, колледж, ПТУ)",Среднее,Самозанятый,,"Сфера услуг, сервиса, бытового обслуживания Включает в том числе: Прачечная/химчистка, ремонт мебели, часов, ювелирны...",0.6340959025780644
07d00df9ac8cec27,Мужской,51.0,Южный федеральный округ,Город с численностью от 100 тысяч до 500 тысяч,Беспородная кошка,,,,,,,,,,,,Зоомагазины,"Кафе, в которых можно находиться с животными",Ветеринарные клиники,Специально огороженные площадки для выгула или занятий домашних животных,,,,,,,,,Не бываю с питомцем в общественных местах,,,,,,,,,,,,,,,Несколько раз в месяц,Eжедневно менее четырех часов в день,Среднее общее (10 или 11 классов школы с аттестатом),Очень хорошее,Работающий пенсионер,"Работаю в правоохранительных органах, вооруженных силах, МЧС","Правоохранительные органы, силовые структуры, МЧС, военная служба Включает в том числе: Полиция, росгвардия, пожарно-...",0.6340959025780644
07d023400b0ce831,Мужской,54.0,Южный федеральный округ,Город с численностью от 100 тысяч до 500 тысяч,Беспородная кошка,,,,,,,,,,,,Зоомагазины,,,,,,,,,,,,"Да, время от времени",,,,,,,,,,,,,,,Ежедневно менее четырех часов в день,Не пользуюсь,"Среднее профессиональное (техникум, колледж, ПТУ)",Среднее,"Работаю по договору, контракту в найме (за исключением находящихся в декретном отпуске, подрабатывающих студентов, пе...","Я работаю в БЮДЖЕТНОЙ организации, которая безвозмездно оказывает услуги населению (детский сад, общеобразовательная,...","Строительство Включает в том числе: архитектура, проектирование, дизайн интерьера",0.6340959025780644
07d02d0a808ce7c4,Мужской,55.0,Южный федеральный округ,Город с численностью от 100 тысяч до 500 тысяч,"Нет, домашних животных нет",,,,,,,,,,,,,,,,,,,,,,,,,,Ничего не беспокоило,,,,,,,,,,,,,Смотрю более четырех часов ежедневно,Провожу в интернете более четырех часов ежедневно,"Среднее профессиональное (техникум, колледж, ПТУ)",Среднее,Неработающий пенсионер (в том числе по инвалидности),,,0.6340959025780644
07cfdb9ade0ce841,Мужской,45.0,Южный федеральный округ,Город с численностью от 100 тысяч до 500 тысяч,Беспородная собака,Беспородная кошка,,,,,,,,,,,Зоомагазины,Ветеринарные клиники,"Магазины, в которых можно находиться с животными",,,,,,,,,,Не бываю с питомцем в общественных местах,1 – совершенно не удовлетворен,,,,,,,,,,,,,,Ежедневно менее четырех часов в день,Провожу в интернете более четырех часов ежедневно,"Два и более высших образования, ученая степень кандидата или доктора наук",Среднее,"Работаю по договору, контракту в найме (за исключением находящихся в декретном отпуске, подрабатывающих студентов, пе...","Я работаю в КОММЕРЧЕСКОЙ организации, ее цель – получить прибыль (например, магазин, завод, фермерское хозяйство, АО/...","Торговля (оптовая, розничная, онлайн продажи; в т.ч. - недвижимость) Включает в том числе: Магазин, автосалон, аукцио...",0.6094803002958542
07cfea443e4ced83,Мужской,50.0,Южный федеральный округ,Город с численностью от 100 тысяч до 500 тысяч,"Нет, домашних животных нет",,,,,,,,,,,,,,,,,,,,,,,,,,Агрессивное поведение собак по отношению к другим животным,,,,,,,,,,,,,Ежедневно менее четырех часов в день,Eжедневно менее четырех часов в день,"Два и более высших образования, ученая степень кандидата или доктора наук",Среднее,Самозанятый,,"Промышленность, производство (в т.ч. добывающие, обрабатывающие отрасли, энергетика) Включает в том числе: Завод, ком...",0.6094803002958542
07cff4c67d0ce6fa,Мужской,59.0,Южный федеральный округ,Город с численностью от 100 тысяч до 500 тысяч,Породистая собака,Породистая кошка,,,,,,,,,,,ГрУминг-салоны (уход за животными),Ветеринарные клиники,Специально огороженные площадки для выгула или занятий домашних животных,Зоомагазины,Лапомойки в доме,"Магазины, в которых можно находиться с животными","Кафе, в которых можно находиться с животными",Стойки с пакетами для уборки за собаками,Специализированные урны для утилизации отходов жизнедеятельности собак,,,,Нет,5- полностью удовлетворен,,,,,,,,,,,,,,Ежедневно менее четырех часов в день,Eжедневно менее четырех часов в день,"Два и более высших образования, ученая степень кандидата или доктора наук",Среднее,Самозанятый,,Другое (укажите),0.6094803002958542
07d01c65af0ce103,Мужской,56.0,Южный федеральный округ,Город с численностью от 100 тысяч до 500 тысяч,Аквариумные рыбки,Беспородная кошка,,,,,,,,,,,Ветеринарные клиники,,,,,,,,,,,,Нет,,,,,,,,,,,,,,,Несколько раз в неделю,Несколько раз в неделю,Незаконченное высшее (с 3-го курса вуза) или законченное высшее,Очень плохое,"Работаю по договору, контракту в найме (за исключением находящихся в декретном отпуске, подрабатывающих студентов, пе...","Я работаю в КОММЕРЧЕСКОЙ организации, ее цель – получить прибыль (например, магазин, завод, фермерское хозяйство, АО/...","Транспортировка и хранение (складское хозяйство) Включает в том числе: Перевозка грузов, ж/д, авиа, водный, космическ...",0.6094803002958542
07d0218ef78ceef1,Мужской,50.0,Южный федеральный округ,Город с численностью от 100 тысяч до 500 тысяч,Беспородная кошка,,,,,,,,,,,,Ветеринарные клиники,Зоомагазины,,,,,,,,,,,Не бываю с питомцем в общественных местах,,,,,,,,,,,,,,,Несколько раз в неделю,Eжедневно менее четырех часов в день,Незаконченное высшее (с 3-го курса вуза) или законченное высшее,Хорошее,"Работаю по договору, контракту в найме (за исключением находящихся в декретном отпуске, подрабатывающих студентов, пе...","Я работаю в КОММЕРЧЕСКОЙ организации, ее цель – получить прибыль (например, магазин, завод, фермерское хозяйство, АО/...","Торговля (оптовая, розничная, онлайн продажи; в т.ч. - недвижимость) Включает в том числе: Магазин, автосалон, аукцио...",0.6094803002958542
07cff1caae8ce1a2,Мужской,50.0,Северо-Кавказский федеральный округ,Город с численностью от 100 тысяч до 500 тысяч,Породистая собака,,,,,,,,,,,,Ветеринарные клиники,Зоомагазины,"Магазины, в которых можно находиться с животными",,,,,,,,,,Нет,5- полностью удовлетворен,,,,,,,,,,,,,,Ежедневно менее четырех часов в день,Eжедневно менее четырех часов в день,"Среднее профессиональное (техникум, колледж, ПТУ)",Среднее,"Работаю по договору, контракту в найме (за исключением находящихся в декретном отпуске, подрабатывающих студентов, пе...","Я работаю в КОММЕРЧЕСКОЙ организации, ее цель – получить прибыль (например, магазин, завод, фермерское хозяйство, АО/...","Промышленность, производство (в т.ч. добывающие, обрабатывающие отрасли, энергетика) Включает в том числе: Завод, ком...",0.7363245292867987
07d00dea244ce885,Мужской,47.0,Северо-Кавказский федеральный округ,Город с численностью от 100 тысяч до 500 тысяч,Беспородная собака,,,,,,,,,,,,"Магазины, в которых можно находиться с животными",Ветеринарные клиники,Лапомойки в доме,Зоомагазины,,,,,,,,,Нет,1 – совершенно не удовлетворен,,,,,,,,,,,,,,Несколько раз в неделю,Несколько раз в неделю,"Среднее профессиональное (техникум, колледж, ПТУ)",Очень плохое,"Временно не работаю, безработный",,,0.7363245292867987
07cfdbc37c8ce483,Мужской,45.0,Северо-Кавказский федеральный округ,Город с численностью от 100 тысяч до 500 тысяч,Беспородная собака,Породистая кошка,,,,,,,,,,,Зоомагазины,Специально огороженные площадки для выгула или занятий домашних животных,ГрУминг-салоны (уход за животными),Ветеринарные клиники,,,,,,,,,Нет,4,,,,,,,,,,,,,,Несколько раз в неделю,Eжедневно менее четырех часов в день,Незаконченное высшее (с 3-го курса вуза) или законченное высшее,Среднее,"Работаю по договору, контракту в найме (за исключением находящихся в декретном отпуске, подрабатывающих студентов, пе...","Я работаю в КОММЕРЧЕСКОЙ организации, ее цель – получить прибыль (например, магазин, завод, фермерское хозяйство, АО/...","Промышленность, производство (в т.ч. добывающие, обрабатывающие отрасли, энергетика) Включает в том числе: Завод, ком...",0.5903549034378097
07d01558930ce525,Мужской,53.0,Северо-Кавказский федеральный округ,Город с численностью от 100 тысяч до 500 тысяч,Породистая собака,,,,,,,,,,,,Зоомагазины,ГрУминг-салоны (уход за животными),Ветеринарные клиники,,,,,,,,,,"Да, время от времени",4,,,,,,,,,,,,,,Несколько раз в неделю,Eжедневно менее четырех часов в день,Незаконченное высшее (с 3-го курса вуза) или законченное высшее,Среднее,"Предприниматель, собственник бизнеса",,"Промышленность, производство (в т.ч. добывающие, обрабатывающие отрасли, энергетика) Включает в том числе: Завод, ком...",0.5903549034378097
07d05116b58ce2aa,Мужской,51.0,Северо-Кавказский федеральный округ,Город с численностью от 100 тысяч до 500 тысяч,Беспородная кошка,,,,,,,,,,,,Зоомагазины,Ветеринарные клиники,,,,,,,,,,,Нет,,,,,,,,,,,,,,,Не смотрю,Провожу в интернете более четырех часов ежедневно,Незаконченное высшее (с 3-го курса вуза) или законченное высшее,Плохое,Неработающий пенсионер (в том числе по инвалидности),,,0.5903549034378097
07cfd2e33f8cef1a,Мужской,52.0,Приволжский федеральный округ,Город с численностью от 100 тысяч до 500 тысяч,"Экзотические животные (змеи, ящерицы, обезьяны, крокодилы и пр.)",,,,,,,,,,,,Ничего,,,,,,,,,,,,Нет,,,,,,,,,,,,,,,Смотрю более четырех часов ежедневно,Eжедневно менее четырех часов в день,"Среднее профессиональное (техникум, колледж, ПТУ)",Среднее,"Временно не работаю, безработный",,,0.6198548542277497
07cfde950c0ce1b9,Мужской,47.0,Приволжский федеральный округ,Город с численностью от 100 тысяч до 500 тысяч,"Нет, домашних животных нет",,,,,,,,,,,,,,,,,,,,,,,,,,Выгул агрессивных собак без намордника,,,,,,,,,,,,,Ежедневно менее четырех часов в день,Eжедневно менее четырех часов в день,"Среднее профессиональное (техникум, колледж, ПТУ)",Среднее,"Работаю по договору, контракту в найме (за исключением находящихся в декретном отпуске, подрабатывающих студентов, пе...","Я работаю в КОММЕРЧЕСКОЙ организации, ее цель – получить прибыль (например, магазин, завод, фермерское хозяйство, АО/...","Строительство Включает в том числе: архитектура, проектирование, дизайн интерьера",0.6198548542277497
07cfe051460ce9bb,Мужской,54.0,Приволжский федеральный округ,Город с численностью от 100 тысяч до 500 тысяч,Породистая кошка,,,,,,,,,,,,"Магазины, в которых можно находиться с животными",,,,,,,,,,,,Не бываю с питомцем в общественных местах,,,,,,,,,,,,,,,Несколько раз в неделю,Eжедневно менее четырех часов в день,"Среднее профессиональное (техникум, колледж, ПТУ)",Среднее,"Работаю по договору, контракту в найме (за исключением находящихся в декретном отпуске, подрабатывающих студентов, пе...","Я работаю в КОММЕРЧЕСКОЙ организации, ее цель – получить прибыль (например, магазин, завод, фермерское хозяйство, АО/...","Промышленность, производство (в т.ч. добывающие, обрабатывающие отрасли, энергетика) Включает в том числе: Завод, ком...",0.6198548542277497
07cfe5ca104ce198,Мужской,49.0,Приволжский федеральный округ,Город с численностью от 100 тысяч до 500 тысяч,"Домашний скот (куры, коровы, козы и т.п.) (из другого)",Породистая собака,Беспородная кошка,,,,,,,,,,Ветеринарные клиники,,,,,,,,,,,,Нет,3,,,,,,,,,,,,,,Ежедневно менее четырех часов в день,Не пользуюсь,Среднее общее (10 или 11 классов школы с аттестатом),Среднее,"Работаю по договору, контракту в найме (за исключением находящихся в декретном отпуске, подрабатывающих студентов, пе...","Я работаю в БЮДЖЕТНОЙ организации, которая безвозмездно оказывает услуги населению (детский сад, общеобразовательная,...","Образование, наука Включает в том числе: ясли, детский сад, школа, ССУЗ, вуз, научно-исследовательские институты, центры",0.6198548542277497
07cfee79a14ce161,Мужской,52.0,Приволжский федеральный округ,Город с численностью от 100 тысяч до 500 тысяч,"Нет, домашних животных нет",,,,,,,,,,,,,,,,,,,,,,,,,,Отсутствие уборки за собаками во дворе,"Отсутствие уборки за собаками в доме (в лифте, в подъезде)",,,,,,,,,,,,Ежедневно менее четырех часов в день,Несколько раз в неделю,"Среднее профессиональное (техникум, колледж, ПТУ)",Среднее,"Работаю по договору, контракту в найме (за исключением находящихся в декретном отпуске, подрабатывающих студентов, пе...","Я работаю в КОММЕРЧЕСКОЙ организации, ее цель – получить прибыль (например, магазин, завод, фермерское хозяйство, АО/...","Строительство Включает в том числе: архитектура, проектирование, дизайн интерьера",0.6198548542277497
07cff1816d0ce1df,Мужской,59.0,Приволжский федеральный округ,Город с численностью от 100 тысяч до 500 тысяч,Беспородная собака,,,,,,,,,,,,Специально огороженные площадки для выгула или занятий домашних животных,,,,,,,,,,,,Нет,5- полностью удовлетворен,,,,,,,,,,,,,,Ежедневно менее четырех часов в день,Не пользуюсь,"Среднее профессиональное (техникум, колледж, ПТУ)",Среднее,"Работаю по договору, контракту в найме (за исключением находящихся в декретном отпуске, подрабатывающих студентов, пе...","Я работаю в КОММЕРЧЕСКОЙ организации, ее цель – получить прибыль (например, магазин, завод, фермерское хозяйство, АО/...","Промышленность, производство (в т.ч. добывающие, обрабатывающие отрасли, энергетика) Включает в том числе: Завод, ком...",0.6198548542277497
07d00e0c224cefd3,Мужской,45.0,Приволжский федеральный округ,Город с численностью от 100 тысяч до 500 тысяч,"Нет, домашних животных нет",,,,,,,,,,,,,,,,,,,,,,,,,,Ничего не беспокоило,,,,,,,,,,,,,Смотрю более четырех часов ежедневно,Не пользуюсь,Среднее общее (10 или 11 классов школы с аттестатом),Очень хорошее,"Работаю по договору, контракту в найме (за исключением находящихся в декретном отпуске, подрабатывающих студентов, пе...","Я работаю в БЮДЖЕТНОЙ организации, которая безвозмездно оказывает услуги населению (детский сад, общеобразовательная,...","Образование, наука Включает в том числе: ясли, детский сад, школа, ССУЗ, вуз, научно-исследовательские институты, центры",0.6198548542277497
07cff228588ce54a,Мужской,50.0,Приволжский федеральный округ,Город с численностью от 100 тысяч до 500 тысяч,Породистая собака,,,,,,,,,,,,Зоомагазины,Ветеринарные клиники,,,,,,,,,,,"Да, время от времени",1 – совершенно не удовлетворен,,,,,,,,,,,,,,Ежедневно менее четырех часов в день,Eжедневно менее четырех часов в день,Незаконченное высшее (с 3-го курса вуза) или законченное высшее,Среднее,Работающий пенсионер,"Работаю в правоохранительных органах, вооруженных силах, МЧС","Правоохранительные органы, силовые структуры, МЧС, военная служба Включает в том числе: Полиция, росгвардия, пожарно-...",0.6327791138584635
07cff43287cce711,Мужской,45.0,Приволжский федеральный округ,Город с численностью от 100 тысяч до 500 тысяч,"Нет, домашних животных нет",,,,,,,,,,,,,,,,,,,,,,,,,,Ничего не беспокоило,,,,,,,,,,,,,Несколько раз в неделю,Несколько раз в неделю,Незаконченное высшее (с 3-го курса вуза) или законченное высшее,Плохое,"Работаю по договору, контракту в найме (за исключением находящихся в декретном отпуске, подрабатывающих студентов, пе...","Я работаю в КОММЕРЧЕСКОЙ организации, ее цель – получить прибыль (например, магазин, завод, фермерское хозяйство, АО/...","Торговля (оптовая, розничная, онлайн продажи; в т.ч. - недвижимость) Включает в том числе: Магазин, автосалон, аукцио...",0.6327791138584635
07cfdb67448ceb07,Мужской,48.0,Уральский федеральный округ,Город с численностью от 100 тысяч до 500 тысяч,Беспородная кошка,Беспородная собака,,,,,,,,,,,Ничего,,,,,,,,,,,,Не бываю с питомцем в общественных местах,"Животное не требует выгула, не могу оценить",,,,,,,,,,,,,,Несколько раз в месяц,Eжедневно менее четырех часов в день,"Два и более высших образования, ученая степень кандидата или доктора наук",Очень плохое,"Предприниматель, собственник бизнеса",,"Строительство Включает в том числе: архитектура, проектирование, дизайн интерьера",0.5754506161055578
07cfc6e6fbccea24,Мужской,54.0,Сибирский федеральный округ,Город с численностью от 100 тысяч до 500 тысяч,Беспородная собака,Породистая собака,,,,,,,,,,,Ветеринарные клиники,Зоомагазины,,,,,,,,,,,"Да, время от времени",1 – совершенно не удовлетворен,,,,,,,,,,,,,,Смотрю более четырех часов ежедневно,Eжедневно менее четырех часов в день,Среднее общее (10 или 11 классов школы с аттестатом),Хорошее,Самозанятый,,"Сфера услуг, сервиса, бытового обслуживания Включает в том числе: Прачечная/химчистка, ремонт мебели, часов, ювелирны...",0.648318118098092
07cfe6ffcf0ce5bf,Мужской,56.0,Сибирский федеральный округ,Город с численностью от 100 тысяч до 500 тысяч,Беспородная кошка,,,,,,,,,,,,Ветеринарные клиники,Зоомагазины,,,,,,,,,,,Нет,,,,,,,,,,,,,,,Ежедневно менее четырех часов в день,Eжедневно менее четырех часов в день,Незаконченное высшее (с 3-го курса вуза) или законченное высшее,Среднее,"Работаю по договору, контракту в найме (за исключением находящихся в декретном отпуске, подрабатывающих студентов, пе...","Я работаю в КОММЕРЧЕСКОЙ организации, ее цель – получить прибыль (например, магазин, завод, фермерское хозяйство, АО/...","Промышленность, производство (в т.ч. добывающие, обрабатывающие отрасли, энергетика) Включает в том числе: Завод, ком...",0.6299947014151996
07cf9c2ffaccee04,Мужской,55.0,Дальневосточный федеральный округ,Город с численностью от 100 тысяч до 500 тысяч,Беспородная собака,,,,,,,,,,,,Специально огороженные площадки для выгула или занятий домашних животных,,,,,,,,,,,,"Да, время от времени",3,,,,,,,,,,,,,,Смотрю более четырех часов ежедневно,Провожу в интернете более четырех часов ежедневно,"Среднее профессиональное (техникум, колледж, ПТУ)",Среднее,Неработающий пенсионер (в том числе по инвалидности),,,0.5887703689964692
07cfc92b850cec99,Мужской,51.0,Дальневосточный федеральный округ,Город с численностью от 100 тысяч до 500 тысяч,Беспородная собака,,,,,,,,,,,,ГрУминг-салоны (уход за животными),"Магазины, в которых можно находиться с животными",,,,,,,,,,,Нет,5- полностью удовлетворен,,,,,,,,,,,,,,Смотрю более четырех часов ежедневно,Не пользуюсь,(НЕ ЗАЧИТЫВАТЬ) Нет основного общего образования: не окончил 9 (раньше 8) классов,Очень хорошее,"Временно не работаю, безработный",,,0.5887703689964692
07cff25d064ce23d,Мужской,47.0,Центральный федеральный округ,Город с численностью от 500 тысяч до 950 тысяч,Другое,,,,,,,,,,,,ГрУминг-салоны (уход за животными),Специализированные урны для утилизации отходов жизнедеятельности собак,Зоомагазины,Ветеринарные клиники,"Магазины, в которых можно находиться с животными",,,,,,,,Не бываю с питомцем в общественных местах,,,,,,,,,,,,,,,Не смотрю,Eжедневно менее четырех часов в день,Незаконченное высшее (с 3-го курса вуза) или законченное высшее,Среднее,Самозанятый,,"Строительство Включает в том числе: архитектура, проектирование, дизайн интерьера",0.6284129152409044
07cfd655774ce6d6,Мужской,45.0,Центральный федеральный округ,Город с численностью от 500 тысяч до 950 тысяч,Породистая собака,Породистая кошка,,,,,,,,,,,Специально огороженные площадки для выгула или занятий домашних животных,Ветеринарные клиники,Зоомагазины,,,,,,,,,,Не бываю с питомцем в общественных местах,5- полностью удовлетворен,,,,,,,,,,,,,,Несколько раз в неделю,Eжедневно менее четырех часов в день,"Среднее профессиональное (техникум, колледж, ПТУ)",Среднее,"Работаю по договору, контракту в найме (за исключением находящихся в декретном отпуске, подрабатывающих студентов, пе...","Я работаю в КОММЕРЧЕСКОЙ организации, ее цель – получить прибыль (например, магазин, завод, фермерское хозяйство, АО/...","Промышленность, производство (в т.ч. добывающие, обрабатывающие отрасли, энергетика) Включает в том числе: Завод, ком...",0.5617899487099024
07cfd4643f4ce69f,Мужской,47.0,Южный федеральный округ,Город с численностью от 500 тысяч до 950 тысяч,"Нет, домашних животных нет",,,,,,,,,,,,,,,,,,,,,,,,,,Громкий лай в позднее или раннее время,"Укусы, нападения собак на людей",,,,,,,,,,,,Несколько раз в неделю,Провожу в интернете более четырех часов ежедневно,Основное общее образование: окончил 9 (раньше 8) классов,Среднее,"Работаю по договору, контракту в найме (за исключением находящихся в декретном отпуске, подрабатывающих студентов, пе...",Затрудняюсь ответить/ отказ от ответа,Отказ от ответа,0.5530480080030289
07cfd8de09cce1e0,Мужской,50.0,Южный федеральный округ,Город с численностью от 500 тысяч до 950 тысяч,Беспородная кошка,Породистая кошка,,,,,,,,,,,Зоомагазины,,,,,,,,,,,,Не бываю с питомцем в общественных местах,,,,,,,,,,,,,,,Не смотрю,Провожу в интернете более четырех часов ежедневно,"Среднее профессиональное (техникум, колледж, ПТУ)",Среднее,"Временно не работаю, безработный",,,0.5530480080030289
07cfe0b2f5cce92c,Мужской,48.0,Южный федеральный округ,Город с численностью от 500 тысяч до 950 тысяч,Породистая собака,,,,,,,,,,,,Ветеринарные клиники,,,,,,,,,,,,"Да, время от времени",1 – совершенно не удовлетворен,,,,,,,,,,,,,,Несколько раз в неделю,Несколько раз в неделю,"Среднее профессиональное (техникум, колледж, ПТУ)",Среднее,"Работаю по договору, контракту в найме (за исключением находящихся в декретном отпуске, подрабатывающих студентов, пе...","Я работаю в НЕКОММЕРЧЕСКОЙ организации, которая оказывает помощь населению (благотворительные фонды, центры поддержки...",,0.5530480080030289
07d01797f84ce515,Мужской,50.0,Северо-Кавказский федеральный округ,Город с численностью от 500 тысяч до 950 тысяч,Беспородная кошка,,,,,,,,,,,,Зоомагазины,Ветеринарные клиники,,,,,,,,,,,Нет,,,,,,,,,,,,,,,Несколько раз в неделю,Провожу в интернете более четырех часов ежедневно,Незаконченное высшее (с 3-го курса вуза) или законченное высшее,Среднее,"Работаю по договору, контракту в найме (за исключением находящихся в декретном отпуске, подрабатывающих студентов, пе...","Я работаю в КОММЕРЧЕСКОЙ организации, ее цель – получить прибыль (например, магазин, завод, фермерское хозяйство, АО/...","Строительство Включает в том числе: архитектура, проектирование, дизайн интерьера",0.5148978285992094
07cfdd51418ce7d8,Мужской,53.0,Северо-Кавказский федеральный округ,Город с численностью от 500 тысяч до 950 тысяч,"Нет, домашних животных нет",,,,,,,,,,,,,,,,,,,,,,,,,,Ничего не беспокоило,,,,,,,,,,,,,Не смотрю,Eжедневно менее четырех часов в день,Незаконченное высшее (с 3-го курса вуза) или законченное высшее,Очень плохое,"Работаю по договору, контракту в найме (за исключением находящихся в декретном отпуске, подрабатывающих студентов, пе...","Я работаю в КОММЕРЧЕСКОЙ организации, ее цель – получить прибыль (например, магазин, завод, фермерское хозяйство, АО/...",Другое (укажите),0.5148978285992094
07cfeacbf54cef31,Мужской,53.0,Приволжский федеральный округ,Город с численностью от 500 тысяч до 950 тысяч,"Нет, домашних животных нет",,,,,,,,,,,,,,,,,,,,,,,,,,Ничего не беспокоило,,,,,,,,,,,,,Смотрю более четырех часов ежедневно,Провожу в интернете более четырех часов ежедневно,"Среднее профессиональное (техникум, колледж, ПТУ)",Среднее,"Временно не работаю, безработный",,,0.5406272000621564
07cff06b8f4ce18a,Мужской,45.0,Приволжский федеральный округ,Город с численностью от 500 тысяч до 950 тысяч,Беспородная кошка,,,,,,,,,,,,Ветеринарные клиники,Зоомагазины,,,,,,,,,,,"Да, время от времени",,,,,,,,,,,,,,,Несколько раз в месяц,Провожу в интернете более четырех часов ежедневно,"Среднее профессиональное (техникум, колледж, ПТУ)",Среднее,"Работаю по договору, контракту в найме (за исключением находящихся в декретном отпуске, подрабатывающих студентов, пе...","Я работаю в КОММЕРЧЕСКОЙ организации, ее цель – получить прибыль (например, магазин, завод, фермерское хозяйство, АО/...","Транспортировка и хранение (складское хозяйство) Включает в том числе: Перевозка грузов, ж/д, авиа, водный, космическ...",0.5406272000621564
07cffa24950cecf0,Мужской,57.0,Приволжский федеральный округ,Город с численностью от 500 тысяч до 950 тысяч,Породистая собака,Породистая кошка,Аквариумные рыбки,,,,,,,,,,Зоомагазины,Ветеринарные клиники,ГрУминг-салоны (уход за животными),,,,,,,,,,Нет,4,,,,,,,,,,,,,,Ежедневно менее четырех часов в день,Несколько раз в неделю,Среднее общее (10 или 11 классов школы с аттестатом),Среднее,"Предприниматель, собственник бизнеса",,Другое (укажите),0.5406272000621564
07d00f41164ce896,Мужской,55.0,Приволжский федеральный округ,Город с численностью от 500 тысяч до 950 тысяч,Породистая кошка,,,,,,,,,,,,Зоомагазины,,,,,,,,,,,,Не бываю с питомцем в общественных местах,,,,,,,,,,,,,,,Смотрю более четырех часов ежедневно,Провожу в интернете более четырех часов ежедневно,"Среднее профессиональное (техникум, колледж, ПТУ)",Среднее,Неработающий пенсионер (в том числе по инвалидности),,,0.5406272000621564
07cfe5c2e50ceeec,Мужской,45.0,Приволжский федеральный округ,Город с численностью от 500 тысяч до 950 тысяч,Породистая собака,,,,,,,,,,,,Ветеринарные клиники,"Кафе, в которых можно находиться с животными",ГрУминг-салоны (уход за животными),Зоомагазины,Стойки с пакетами для уборки за собаками,Специально огороженные площадки для выгула или занятий домашних животных,"Магазины, в которых можно находиться с животными",,,,,,Не бываю с питомцем в общественных местах,5- полностью удовлетворен,,,,,,,,,,,,,,Ежедневно менее четырех часов в день,Eжедневно менее четырех часов в день,Незаконченное высшее (с 3-го курса вуза) или законченное высшее,Хорошее,"Предприниматель, собственник бизнеса",,"Торговля (оптовая, розничная, онлайн продажи; в т.ч. - недвижимость) Включает в том числе: Магазин, автосалон, аукцио...",0.5518995265582263
07cfed4d6a0cea59,Мужской,50.0,Приволжский федеральный округ,Город с численностью от 500 тысяч до 950 тысяч,Беспородная собака,Беспородная кошка,"Домашний скот (куры, коровы, козы и т.п.) (из другого)",,,,,,,,,,Ветеринарные клиники,,,,,,,,,,,,Не бываю с питомцем в общественных местах,Затрудняюсь ответить,,,,,,,,,,,,,,Не смотрю,Eжедневно менее четырех часов в день,Незаконченное высшее (с 3-го курса вуза) или законченное высшее,Хорошее,"Предприниматель, собственник бизнеса",,"Торговля (оптовая, розничная, онлайн продажи; в т.ч. - недвижимость) Включает в том числе: Магазин, автосалон, аукцио...",0.5518995265582263
07cfc3e4764ceb10,Мужской,56.0,Сибирский федеральный округ,Город с численностью от 500 тысяч до 950 тысяч,"Нет, домашних животных нет",,,,,,,,,,,,,,,,,,,,,,,,,,Ничего не беспокоило,,,,,,,,,,,,,Ежедневно менее четырех часов в день,Eжедневно менее четырех часов в день,Среднее общее (10 или 11 классов школы с аттестатом),Среднее,"Работаю по договору, контракту в найме (за исключением находящихся в декретном отпуске, подрабатывающих студентов, пе...","Я работаю в КОММЕРЧЕСКОЙ организации, ее цель – получить прибыль (например, магазин, завод, фермерское хозяйство, АО/...","Строительство Включает в том числе: архитектура, проектирование, дизайн интерьера",0.5654523902593432
07cfd25e5b0ce358,Мужской,50.0,Сибирский федеральный округ,Город с численностью от 500 тысяч до 950 тысяч,Породистая кошка,Беспородная кошка,Беспородная собака,Декоративные птицы,,,,,,,,,Зоомагазины,,,,,,,,,,,,Нет,5- полностью удовлетворен,,,,,,,,,,,,,,Смотрю более четырех часов ежедневно,Провожу в интернете более четырех часов ежедневно,"Среднее профессиональное (техникум, колледж, ПТУ)",Среднее,"Предприниматель, собственник бизнеса",,Другое (укажите),0.5654523902593432
07cfdd57f74ce94e,Мужской,51.0,Сибирский федеральный округ,Город с численностью от 500 тысяч до 950 тысяч,Породистая собака,"Экзотические животные (змеи, ящерицы, обезьяны, крокодилы и пр.)",,,,,,,,,,,Ветеринарные клиники,ГрУминг-салоны (уход за животными),Зоомагазины,"Магазины, в которых можно находиться с животными",,,,,,,,,Нет,1 – совершенно не удовлетворен,,,,,,,,,,,,,,Ежедневно менее четырех часов в день,Eжедневно менее четырех часов в день,Среднее общее (10 или 11 классов школы с аттестатом),Среднее,"Работаю по договору, контракту в найме (за исключением находящихся в декретном отпуске, подрабатывающих студентов, пе...","Я работаю в КОММЕРЧЕСКОЙ организации, ее цель – получить прибыль (например, магазин, завод, фермерское хозяйство, АО/...","Промышленность, производство (в т.ч. добывающие, обрабатывающие отрасли, энергетика) Включает в том числе: Завод, ком...",0.5654523902593432
07cfbd2e754ced10,Мужской,55.0,Сибирский федеральный округ,Город с численностью от 500 тысяч до 950 тысяч,Беспородная кошка,,,,,,,,,,,,Зоомагазины,,,,,,,,,,,,Нет,,,,,,,,,,,,,,,Ежедневно менее четырех часов в день,Eжедневно менее четырех часов в день,Незаконченное высшее (с 3-го курса вуза) или законченное высшее,Среднее,"Работаю по договору, контракту в найме (за исключением находящихся в декретном отпуске, подрабатывающих студентов, пе...",Затрудняюсь ответить/ отказ от ответа,Другое (укажите),0.5494710078610626
07cf8fcd85ccefb3,Мужской,53.0,Дальневосточный федеральный округ,Город с численностью от 500 тысяч до 950 тысяч,"Нет, домашних животных нет",,,,,,,,,,,,,,,,,,,,,,,,,,Ничего не беспокоило,,,,,,,,,,,,,Ежедневно менее четырех часов в день,Провожу в интернете более четырех часов ежедневно,Незаконченное высшее (с 3-го курса вуза) или законченное высшее,Хорошее,Работающий пенсионер,"Я работаю в БЮДЖЕТНОЙ организации, которая безвозмездно оказывает услуги населению (детский сад, общеобразовательная,...","Культура, искусство, спорт Включает в том числе: дома культуры, дома народного творчества, музеи, библиотеки,  концер...",0.6956506359215983
07cfbef33b8ce885,Мужской,50.0,Дальневосточный федеральный округ,Город с численностью от 500 тысяч до 950 тысяч,Беспородная кошка,,,,,,,,,,,,Ветеринарные клиники,,,,,,,,,,,,Нет,,,,,,,,,,,,,,,Ежедневно менее четырех часов в день,Eжедневно менее четырех часов в день,Незаконченное высшее (с 3-го курса вуза) или законченное высшее,Очень плохое,"Работаю по договору, контракту в найме (за исключением находящихся в декретном отпуске, подрабатывающих студентов, пе...",Затрудняюсь ответить/ отказ от ответа,"Промышленность, производство (в т.ч. добывающие, обрабатывающие отрасли, энергетика) Включает в том числе: Завод, ком...",0.6956506359215983
07cfda3ad10ce57b,Мужской,50.0,Центральный федеральный округ,Город с численностью жителей миллион и более человек,"Нет, домашних животных нет",,,,,,,,,,,,,,,,,,,,,,,,,,Ничего не беспокоило,,,,,,,,,,,,,Несколько раз в неделю,Несколько раз в неделю,Среднее общее (10 или 11 классов школы с аттестатом),Среднее,"Предприниматель, собственник бизнеса",,"Строительство Включает в том числе: архитектура, проектирование, дизайн интерьера",0.7692485135586011
07d00339a0cce756,Мужской,48.0,Центральный федеральный округ,Город с численностью жителей миллион и более человек,Беспородная кошка,,,,,,,,,,,,"Кафе, в которых можно находиться с животными","Магазины, в которых можно находиться с животными",ГрУминг-салоны (уход за животными),Ветеринарные клиники,Специально огороженные площадки для выгула или занятий домашних животных,Зоомагазины,Стойки с пакетами для уборки за собаками,Специализированные урны для утилизации отходов жизнедеятельности собак,,,,,Нет,,,,,,,,,,,,,,,Не смотрю,Провожу в интернете более четырех часов ежедневно,"Среднее профессиональное (техникум, колледж, ПТУ)",Среднее,Самозанятый,,"Сфера услуг, сервиса, бытового обслуживания Включает в том числе: Прачечная/химчистка, ремонт мебели, часов, ювелирны...",0.7692485135586011
07d00fa08d8ceb13,Мужской,47.0,Центральный федеральный округ,Город с численностью жителей миллион и более человек,"Нет, домашних животных нет",,,,,,,,,,,,,,,,,,,,,,,,,,Громкий лай в позднее или раннее время,Отсутствие уборки за собаками во дворе,"Отсутствие уборки за собаками в доме (в лифте, в подъезде)",,,,,,,,,,,Смотрю более четырех часов ежедневно,Провожу в интернете более четырех часов ежедневно,"Среднее профессиональное (техникум, колледж, ПТУ)",Среднее,Неработающий пенсионер (в том числе по инвалидности),,,0.7692485135586011
07d00fb5664cefe8,Мужской,50.0,Центральный федеральный округ,Город с численностью жителей миллион и более человек,"Нет, домашних животных нет",,,,,,,,,,,,,,,,,,,,,,,,,,"Отсутствие уборки за собаками в доме (в лифте, в подъезде)",,,,,,,,,,,,,Ежедневно менее четырех часов в день,Eжедневно менее четырех часов в день,"Среднее профессиональное (техникум, колледж, ПТУ)",Плохое,"Работаю по договору, контракту в найме (за исключением находящихся в декретном отпуске, подрабатывающих студентов, пе...","Я работаю в БЮДЖЕТНОЙ организации, которая безвозмездно оказывает услуги населению (детский сад, общеобразовательная,...",Другое (укажите),0.7692485135586011
07d01f60594ce980,Мужской,47.0,Центральный федеральный округ,Город с численностью жителей миллион и более человек,Беспородная кошка,,,,,,,,,,,,Специально огороженные площадки для выгула или занятий домашних животных,,,,,,,,,,,,Не бываю с питомцем в общественных местах,,,,,,,,,,,,,,,"Редко, но не менее одного раза в полгода",Провожу в интернете более четырех часов ежедневно,"Среднее профессиональное (техникум, колледж, ПТУ)",Среднее,"Работаю по договору, контракту в найме (за исключением находящихся в декретном отпуске, подрабатывающих студентов, пе...","Я работаю в БЮДЖЕТНОЙ организации, которая безвозмездно оказывает услуги населению (детский сад, общеобразовательная,...","Образование, наука Включает в том числе: ясли, детский сад, школа, ССУЗ, вуз, научно-исследовательские институты, центры",0.7692485135586011
07d029b0794ce050,Мужской,45.0,Центральный федеральный округ,Город с численностью жителей миллион и более человек,"Нет, домашних животных нет",,,,,,,,,,,,,,,,,,,,,,,,,,Ничего не беспокоило,,,,,,,,,,,,,Смотрю более четырех часов ежедневно,Провожу в интернете более четырех часов ежедневно,"Среднее профессиональное (техникум, колледж, ПТУ)",Среднее,"Работаю по договору, контракту в найме (за исключением находящихся в декретном отпуске, подрабатывающих студентов, пе...","Я работаю в КОММЕРЧЕСКОЙ организации, ее цель – получить прибыль (например, магазин, завод, фермерское хозяйство, АО/...",Другое (укажите),0.7692485135586011
07d032e8e38ce603,Мужской,49.0,Центральный федеральный округ,Город с численностью жителей миллион и более человек," Мелкие животные (хомячки, морские свинки, черепашки и т.п.)"," Мелкие животные (хомячки, морские свинки, черепашки и т.п.)",Породистая кошка,,,,,,,,,,Специально огороженные площадки для выгула или занятий домашних животных,Ветеринарные клиники,Зоомагазины,,,,,,,,,,Не бываю с питомцем в общественных местах,,,,,,,,,,,,,,,Несколько раз в месяц,Провожу в интернете более четырех часов ежедневно,"Среднее профессиональное (техникум, колледж, ПТУ)",Среднее,"Работаю по договору, контракту в найме (за исключением находящихся в декретном отпуске, подрабатывающих студентов, пе...","Я работаю в КОММЕРЧЕСКОЙ организации, ее цель – получить прибыль (например, магазин, завод, фермерское хозяйство, АО/...","Общественное питание, ресторанный и гостиничный бизнес Включает в том числе: Кафе, ресторан, доставка продуктов питан...",0.7692485135586011
07cfca6ed84ce4ac,Мужской,47.0,Центральный федеральный округ,Город с численностью жителей миллион и более человек,"Нет, домашних животных нет",,,,,,,,,,,,,,,,,,,,,,,,,,Отсутствие уборки за собаками во дворе,,,,,,,,,,,,,"Редко, но не менее одного раза в полгода",Провожу в интернете более четырех часов ежедневно,Незаконченное высшее (с 3-го курса вуза) или законченное высшее,Плохое,"Работаю по договору, контракту в найме (за исключением находящихся в декретном отпуске, подрабатывающих студентов, пе...","Я работаю в КОММЕРЧЕСКОЙ организации, ее цель – получить прибыль (например, магазин, завод, фермерское хозяйство, АО/...","Транспортировка и хранение (складское хозяйство) Включает в том числе: Перевозка грузов, ж/д, авиа, водный, космическ...",0.7548830424088693
07cfd5d5aacce7c1,Мужской,45.0,Центральный федеральный округ,Город с численностью жителей миллион и более человек,"Нет, домашних животных нет",,,,,,,,,,,,,,,,,,,,,,,,,,Отсутствие уборки за собаками во дворе,"Отсутствие уборки за собаками в доме (в лифте, в подъезде)",,,,,,,,,,,,Ежедневно менее четырех часов в день,Провожу в интернете более четырех часов ежедневно,"Два и более высших образования, ученая степень кандидата или доктора наук",Плохое,"Работаю по договору, контракту в найме (за исключением находящихся в декретном отпуске, подрабатывающих студентов, пе...","Я работаю в КОММЕРЧЕСКОЙ организации, ее цель – получить прибыль (например, магазин, завод, фермерское хозяйство, АО/...","Информационные технологии, связь, интернет Включает в том числе: Программирование /создание программного обеспечения,...",0.7548830424088693
07cfe8f43b0ce8cc,Мужской,57.0,Центральный федеральный округ,Город с численностью жителей миллион и более человек,Породистая собака,,,,,,,,,,,,Специализированные урны для утилизации отходов жизнедеятельности собак,ГрУминг-салоны (уход за животными),"Магазины, в которых можно находиться с животными",Зоомагазины,Специально огороженные площадки для выгула или занятий домашних животных,"Кафе, в которых можно находиться с животными",Ветеринарные клиники,,,,,,Нет,4,,,,,,,,,,,,,,Несколько раз в месяц,Eжедневно менее четырех часов в день,Незаконченное высшее (с 3-го курса вуза) или законченное высшее,Среднее,"Работаю по договору, контракту в найме (за исключением находящихся в декретном отпуске, подрабатывающих студентов, пе...","Я работаю в КОММЕРЧЕСКОЙ организации, ее цель – получить прибыль (например, магазин, завод, фермерское хозяйство, АО/...","Промышленность, производство (в т.ч. добывающие, обрабатывающие отрасли, энергетика) Включает в том числе: Завод, ком...",0.7548830424088693
07cfed921b0ceab2,Мужской,53.0,Центральный федеральный округ,Город с численностью жителей миллион и более человек,Породистая кошка,,,,,,,,,,,,Ветеринарные клиники,Зоомагазины,Специально огороженные площадки для выгула или занятий домашних животных,Специализированные урны для утилизации отходов жизнедеятельности собак,,,,,,,,,Нет,,,,,,,,,,,,,,,Не смотрю,Провожу в интернете более четырех часов ежедневно,"Два и более высших образования, ученая степень кандидата или доктора наук",Среднее,"Работаю по договору, контракту в найме (за исключением находящихся в декретном отпуске, подрабатывающих студентов, пе...","Я работаю в КОММЕРЧЕСКОЙ организации, ее цель – получить прибыль (например, магазин, завод, фермерское хозяйство, АО/...","Торговля (оптовая, розничная, онлайн продажи; в т.ч. - недвижимость) Включает в том числе: Магазин, автосалон, аукцио...",0.7548830424088693
07d00557eacce641,Мужской,45.0,Центральный федеральный округ,Город с численностью жителей миллион и более человек,"Нет, домашних животных нет",,,,,,,,,,,,,,,,,,,,,,,,,,Ничего не беспокоило,,,,,,,,,,,,,Несколько раз в неделю,Eжедневно менее четырех часов в день,Незаконченное высшее (с 3-го курса вуза) или законченное высшее,Среднее,"Работаю по договору, контракту в найме (за исключением находящихся в декретном отпуске, подрабатывающих студентов, пе...","Я работаю в КОММЕРЧЕСКОЙ организации, ее цель – получить прибыль (например, магазин, завод, фермерское хозяйство, АО/...","Финансовая и страховая деятельность, банковские услуги Включает в том числе: Банк, инвестиционный фонд, финансовая ар...",0.7548830424088693
07d027cc930ce604,Мужской,52.0,Центральный федеральный округ,Город с численностью жителей миллион и более человек,Породистая кошка,,,,,,,,,,,,Зоомагазины,,,,,,,,,,,,Не бываю с питомцем в общественных местах,,,,,,,,,,,,,,,Не смотрю,Провожу в интернете более четырех часов ежедневно,Незаконченное высшее (с 3-го курса вуза) или законченное высшее,Плохое,"Работаю по договору, контракту в найме (за исключением находящихся в декретном отпуске, подрабатывающих студентов, пе...","Я работаю в БЮДЖЕТНОЙ организации, которая безвозмездно оказывает услуги населению (детский сад, общеобразовательная,...","Средства массовой информации (в т.ч. журналистика, блогерство, реклама, СММ)  Включает в том числе: Издательство печа...",0.7548830424088693
07d040a9d08ce3f2,Мужской,54.0,Центральный федеральный округ,Город с численностью жителей миллион и более человек,Породистая кошка,,,,,,,,,,,,Ветеринарные клиники,,,,,,,,,,,,Не бываю с питомцем в общественных местах,,,,,,,,,,,,,,,Ежедневно менее четырех часов в день,Eжедневно менее четырех часов в день,Незаконченное высшее (с 3-го курса вуза) или законченное высшее,Среднее,Неработающий пенсионер (в том числе по инвалидности),,,0.7548830424088693
07d04540bd8ce0e6,Мужской,50.0,Центральный федеральный округ,Город с численностью жителей миллион и более человек,"Нет, домашних животных нет",,,,,,,,,,,,,,,,,,,,,,,,,,Ничего не беспокоило,,,,,,,,,,,,,Не смотрю,Eжедневно менее четырех часов в день,"Два и более высших образования, ученая степень кандидата или доктора наук",Хорошее,"Работаю по договору, контракту в найме (за исключением находящихся в декретном отпуске, подрабатывающих студентов, пе...","Я работаю в БЮДЖЕТНОЙ организации, которая безвозмездно оказывает услуги населению (детский сад, общеобразовательная,...","Образование, наука Включает в том числе: ясли, детский сад, школа, ССУЗ, вуз, научно-исследовательские институты, центры",0.7548830424088693
07cfe144f38ce576,Мужской,56.0,Центральный федеральный округ,Город с численностью жителей миллион и более человек,Беспородная кошка,,,,,,,,,,,,Зоомагазины,Ветеринарные клиники,,,,,,,,,,,Не бываю с питомцем в общественных местах,,,,,,,,,,,,,,,Ежедневно менее четырех часов в день,Несколько раз в неделю,"Среднее профессиональное (техникум, колледж, ПТУ)",Среднее,"Работаю по договору, контракту в найме (за исключением находящихся в декретном отпуске, подрабатывающих студентов, пе...","Я работаю в КОММЕРЧЕСКОЙ организации, ее цель – получить прибыль (например, магазин, завод, фермерское хозяйство, АО/...","Промышленность, производство (в т.ч. добывающие, обрабатывающие отрасли, энергетика) Включает в том числе: Завод, ком...",0.6748519888619392
07cfe56b988ce644,Мужской,50.0,Центральный федеральный округ,Город с численностью жителей миллион и более человек,Породистая собака,Декоративные птицы,,,,,,,,,,,"Магазины, в которых можно находиться с животными",Зоомагазины,Ветеринарные клиники,,,,,,,,,,Нет,5- полностью удовлетворен,,,,,,,,,,,,,,Ежедневно менее четырех часов в день,Провожу в интернете более четырех часов ежедневно,Незаконченное высшее (с 3-го курса вуза) или законченное высшее,Хорошее,"Работаю по договору, контракту в найме (за исключением находящихся в декретном отпуске, подрабатывающих студентов, пе...","Я работаю в КОММЕРЧЕСКОЙ организации, ее цель – получить прибыль (например, магазин, завод, фермерское хозяйство, АО/...","Сфера услуг, сервиса, бытового обслуживания Включает в том числе: Прачечная/химчистка, ремонт мебели, часов, ювелирны...",0.6131647444109283
07cfe77455cce85c,Мужской,48.0,Центральный федеральный округ,Город с численностью жителей миллион и более человек,Породистая собака,Породистая кошка,,,,,,,,,,,Ветеринарные клиники,Зоомагазины,,,,,,,,,,,"Да, время от времени",1 – совершенно не удовлетворен,,,,,,,,,,,,,,Ежедневно менее четырех часов в день,Провожу в интернете более четырех часов ежедневно,"Два и более высших образования, ученая степень кандидата или доктора наук",Среднее,"Предприниматель, собственник бизнеса",,"Сфера услуг, сервиса, бытового обслуживания Включает в том числе: Прачечная/химчистка, ремонт мебели, часов, ювелирны...",0.6131647444109283
07cfe585344cedec,Мужской,51.0,Северо-Западный федеральный округ,Город с численностью жителей миллион и более человек,Породистая собака,,,,,,,,,,,,Зоомагазины,Ветеринарные клиники,Специально огороженные площадки для выгула или занятий домашних животных,,,,,,,,,,"Да, время от времени",3,,,,,,,,,,,,,,Несколько раз в месяц,Несколько раз в неделю,"Среднее профессиональное (техникум, колледж, ПТУ)",Среднее,"Работаю по договору, контракту в найме (за исключением находящихся в декретном отпуске, подрабатывающих студентов, пе...","Я работаю в КОММЕРЧЕСКОЙ организации, ее цель – получить прибыль (например, магазин, завод, фермерское хозяйство, АО/...","Транспортировка и хранение (складское хозяйство) Включает в том числе: Перевозка грузов, ж/д, авиа, водный, космическ...",0.6319525493076308
07d000d62d8ce428,Мужской,50.0,Северо-Западный федеральный округ,Город с численностью жителей миллион и более человек,"Нет, домашних животных нет",,,,,,,,,,,,,,,,,,,,,,,,,,Ничего не беспокоило,,,,,,,,,,,,,Несколько раз в неделю,Eжедневно менее четырех часов в день,"Среднее профессиональное (техникум, колледж, ПТУ)",Среднее,"Работаю по договору, контракту в найме (за исключением находящихся в декретном отпуске, подрабатывающих студентов, пе...","Я работаю в КОММЕРЧЕСКОЙ организации, ее цель – получить прибыль (например, магазин, завод, фермерское хозяйство, АО/...",Другое (укажите),0.6319525493076308
07d0170c290cef91,Мужской,47.0,Северо-Западный федеральный округ,Город с численностью жителей миллион и более человек,Беспородная кошка,,,,,,,,,,,,Зоомагазины,Ветеринарные клиники,Специально огороженные площадки для выгула или занятий домашних животных,,,,,,,,,,Не бываю с питомцем в общественных местах,,,,,,,,,,,,,,,Смотрю более четырех часов ежедневно,Несколько раз в неделю,Основное общее образование: окончил 9 (раньше 8) классов,Среднее,"Работаю по договору, контракту в найме (за исключением находящихся в декретном отпуске, подрабатывающих студентов, пе...","Я работаю в КОММЕРЧЕСКОЙ организации, ее цель – получить прибыль (например, магазин, завод, фермерское хозяйство, АО/...","Промышленность, производство (в т.ч. добывающие, обрабатывающие отрасли, энергетика) Включает в том числе: Завод, ком...",0.6319525493076308
07d02cf9c40ce555,Мужской,53.0,Северо-Западный федеральный округ,Город с численностью жителей миллион и более человек,"Нет, домашних животных нет",,,,,,,,,,,,,,,,,,,,,,,,,,Ничего не беспокоило,,,,,,,,,,,,,Ежедневно менее четырех часов в день,Eжедневно менее четырех часов в день,"Среднее профессиональное (техникум, колледж, ПТУ)",Плохое,"Работаю по договору, контракту в найме (за исключением находящихся в декретном отпуске, подрабатывающих студентов, пе...","Я работаю в КОММЕРЧЕСКОЙ организации, ее цель – получить прибыль (например, магазин, завод, фермерское хозяйство, АО/...","Строительство Включает в том числе: архитектура, проектирование, дизайн интерьера",0.6319525493076308
07d02e6fd64cef69,Мужской,52.0,Северо-Западный федеральный округ,Город с численностью жителей миллион и более человек,"Нет, домашних животных нет",,,,,,,,,,,,,,,,,,,,,,,,,,Ничего не беспокоило,,,,,,,,,,,,,Не смотрю,Провожу в интернете более четырех часов ежедневно,Среднее общее (10 или 11 классов школы с аттестатом),Плохое,Неработающий пенсионер (в том числе по инвалидности),,,0.6319525493076308
07cff997ac8ce310,Мужской,50.0,Северо-Западный федеральный округ,Город с численностью жителей миллион и более человек,"Нет, домашних животных нет",,,,,,,,,,,,,,,,,,,,,,,,,,Отсутствие уборки за собаками во дворе,,,,,,,,,,,,,Ежедневно менее четырех часов в день,Eжедневно менее четырех часов в день,Незаконченное высшее (с 3-го курса вуза) или законченное высшее,Хорошее,"Работаю по договору, контракту в найме (за исключением находящихся в декретном отпуске, подрабатывающих студентов, пе...","Я работаю в КОММЕРЧЕСКОЙ организации, ее цель – получить прибыль (например, магазин, завод, фермерское хозяйство, АО/...",Другое (укажите),0.6201510365909124
07d02827444ce0fa,Мужской,59.0,Северо-Западный федеральный округ,Город с численностью жителей миллион и более человек,Беспородная собака,,,,,,,,,,,,Зоомагазины,Специально огороженные площадки для выгула или занятий домашних животных,ГрУминг-салоны (уход за животными),Ветеринарные клиники,,,,,,,,,Нет,4,,,,,,,,,,,,,,Ежедневно менее четырех часов в день,Провожу в интернете более четырех часов ежедневно,Незаконченное высшее (с 3-го курса вуза) или законченное высшее,Среднее,"Временно не работаю, безработный",,,0.6201510365909124
07d0470a5f8ce80d,Мужской,59.0,Северо-Западный федеральный округ,Город с численностью жителей миллион и более человек,Беспородная собака,Беспородная кошка,,,,,,,,,,,Ничего,,,,,,,,,,,,Нет,4,,,,,,,,,,,,,,Ежедневно менее четырех часов в день,Провожу в интернете более четырех часов ежедневно,Незаконченное высшее (с 3-го курса вуза) или законченное высшее,Среднее,Самозанятый,,"Торговля (оптовая, розничная, онлайн продажи; в т.ч. - недвижимость) Включает в том числе: Магазин, автосалон, аукцио...",0.6201510365909124
07d0092bb70ce69b,Мужской,47.0,Южный федеральный округ,Город с численностью жителей миллион и более человек,Породистая кошка,,,,,,,,,,,,Ничего,,,,,,,,,,,,Нет,,,,,,,,,,,,,,,Смотрю более четырех часов ежедневно,Eжедневно менее четырех часов в день,"Среднее профессиональное (техникум, колледж, ПТУ)",Среднее,"Работаю по договору, контракту в найме (за исключением находящихся в декретном отпуске, подрабатывающих студентов, пе...","Я работаю в КОММЕРЧЕСКОЙ организации, ее цель – получить прибыль (например, магазин, завод, фермерское хозяйство, АО/...","Промышленность, производство (в т.ч. добывающие, обрабатывающие отрасли, энергетика) Включает в том числе: Завод, ком...",0.6643507043763508
07d02d7270ccefda,Мужской,59.0,Южный федеральный округ,Город с численностью жителей миллион и более человек,"Нет, домашних животных нет",,,,,,,,,,,,,,,,,,,,,,,,,,Отсутствие уборки за собаками во дворе,,,,,,,,,,,,,Смотрю более четырех часов ежедневно,Не пользуюсь,"Среднее профессиональное (техникум, колледж, ПТУ)",Очень плохое,"Временно не работаю, безработный",,,0.6643507043763508
07cfde55780cee72,Мужской,45.0,Южный федеральный округ,Город с численностью жителей миллион и более человек,"Нет, домашних животных нет",,,,,,,,,,,,,,,,,,,,,,,,,,Отсутствие уборки за собаками во дворе,"Отсутствие уборки за собаками в доме (в лифте, в подъезде)",Выгул в неположенных местах,,,,,,,,,,,Несколько раз в месяц,Провожу в интернете более четырех часов ежедневно,Незаконченное высшее (с 3-го курса вуза) или законченное высшее,Среднее,"Работаю по договору, контракту в найме (за исключением находящихся в декретном отпуске, подрабатывающих студентов, пе...","Я работаю в КОММЕРЧЕСКОЙ организации, ее цель – получить прибыль (например, магазин, завод, фермерское хозяйство, АО/...","Промышленность, производство (в т.ч. добывающие, обрабатывающие отрасли, энергетика) Включает в том числе: Завод, ком...",0.6385606107196247
07cfe9189bcce35b,Мужской,53.0,Южный федеральный округ,Город с численностью жителей миллион и более человек,Породистая собака,,,,,,,,,,,,Специально огороженные площадки для выгула или занятий домашних животных,ГрУминг-салоны (уход за животными),Зоомагазины,"Кафе, в которых можно находиться с животными",Специализированные урны для утилизации отходов жизнедеятельности собак,Ветеринарные клиники,Лапомойки в доме,"Магазины, в которых можно находиться с животными",,,,,Нет,4,,,,,,,,,,,,,,"Редко, но не менее одного раза в полгода",Провожу в интернете более четырех часов ежедневно,Незаконченное высшее (с 3-го курса вуза) или законченное высшее,Среднее,"Работаю по договору, контракту в найме (за исключением находящихся в декретном отпуске, подрабатывающих студентов, пе...","Я работаю в КОММЕРЧЕСКОЙ организации, ее цель – получить прибыль (например, магазин, завод, фермерское хозяйство, АО/...","Транспортировка и хранение (складское хозяйство) Включает в том числе: Перевозка грузов, ж/д, авиа, водный, космическ...",0.6385606107196247
07cfe88c158cec20,Мужской,52.0,Южный федеральный округ,Город с численностью жителей миллион и более человек,"Нет, домашних животных нет",,,,,,,,,,,,,,,,,,,,,,,,,,Ничего не беспокоило,,,,,,,,,,,,,Ежедневно менее четырех часов в день,Eжедневно менее четырех часов в день,Незаконченное высшее (с 3-го курса вуза) или законченное высшее,Хорошее,"Работаю по договору, контракту в найме (за исключением находящихся в декретном отпуске, подрабатывающих студентов, пе...","Я работаю в КОММЕРЧЕСКОЙ организации, ее цель – получить прибыль (например, магазин, завод, фермерское хозяйство, АО/...","Промышленность, производство (в т.ч. добывающие, обрабатывающие отрасли, энергетика) Включает в том числе: Завод, ком...",0.6385606107196247
07d019884accec01,Мужской,51.0,Южный федеральный округ,Город с численностью жителей миллион и более человек,Беспородная кошка,,,,,,,,,,,,Ветеринарные клиники,,,,,,,,,,,,Не бываю с питомцем в общественных местах,,,,,,,,,,,,,,,Несколько раз в месяц,Несколько раз в неделю,Незаконченное высшее (с 3-го курса вуза) или законченное высшее,Среднее,"Работаю по договору, контракту в найме (за исключением находящихся в декретном отпуске, подрабатывающих студентов, пе...","Я работаю в КОММЕРЧЕСКОЙ организации, ее цель – получить прибыль (например, магазин, завод, фермерское хозяйство, АО/...",Другое (укажите),0.6385606107196247
07d01ea3694ce0bf,Мужской,53.0,Южный федеральный округ,Город с численностью жителей миллион и более человек,Беспородная собака,Породистая кошка,,,,,,,,,,,Зоомагазины,,,,,,,,,,,,Затрудняюсь ответить,"Животное не требует выгула, не могу оценить",,,,,,,,,,,,,,Не смотрю,Eжедневно менее четырех часов в день,Незаконченное высшее (с 3-го курса вуза) или законченное высшее,Очень плохое,"Работаю по договору, контракту в найме (за исключением находящихся в декретном отпуске, подрабатывающих студентов, пе...","Я работаю в КОММЕРЧЕСКОЙ организации, ее цель – получить прибыль (например, магазин, завод, фермерское хозяйство, АО/...","Промышленность, производство (в т.ч. добывающие, обрабатывающие отрасли, энергетика) Включает в том числе: Завод, ком...",0.6385606107196247
07d01f84638cee30,Мужской,47.0,Южный федеральный округ,Город с численностью жителей миллион и более человек,"Нет, домашних животных нет",,,,,,,,,,,,,,,,,,,,,,,,,,Выгул в неположенных местах,Отсутствие уборки за собаками во дворе,Выгул собак на длинном поводке,Громкий лай в позднее или раннее время,"Отсутствие уборки за собаками в доме (в лифте, в подъезде)",,,,,,,,,Не смотрю,Провожу в интернете более четырех часов ежедневно,Незаконченное высшее (с 3-го курса вуза) или законченное высшее,Среднее,"Работаю по договору, контракту в найме (за исключением находящихся в декретном отпуске, подрабатывающих студентов, пе...","Я работаю в КОММЕРЧЕСКОЙ организации, ее цель – получить прибыль (например, магазин, завод, фермерское хозяйство, АО/...","Промышленность, производство (в т.ч. добывающие, обрабатывающие отрасли, энергетика) Включает в том числе: Завод, ком...",0.6385606107196247
07cfdaa4e84ce471,Мужской,47.0,Приволжский федеральный округ,Город с численностью жителей миллион и более человек,"Нет, домашних животных нет",,,,,,,,,,,,,,,,,,,,,,,,,,Выгул агрессивных собак без намордника,"Отсутствие уборки за собаками в доме (в лифте, в подъезде)",Отсутствие уборки за собаками во дворе,,,,,,,,,,,Смотрю более четырех часов ежедневно,Eжедневно менее четырех часов в день,"Среднее профессиональное (техникум, колледж, ПТУ)",Среднее,"Работаю по договору, контракту в найме (за исключением находящихся в декретном отпуске, подрабатывающих студентов, пе...","Я работаю в КОММЕРЧЕСКОЙ организации, ее цель – получить прибыль (например, магазин, завод, фермерское хозяйство, АО/...","Транспортировка и хранение (складское хозяйство) Включает в том числе: Перевозка грузов, ж/д, авиа, водный, космическ...",0.649430168753706
07cfdede498ce84a,Мужской,50.0,Приволжский федеральный округ,Город с численностью жителей миллион и более человек,Беспородная кошка,,,,,,,,,,,,Стойки с пакетами для уборки за собаками,Ветеринарные клиники,,,,,,,,,,,Нет,,,,,,,,,,,,,,,Смотрю более четырех часов ежедневно,Провожу в интернете более четырех часов ежедневно,"Среднее профессиональное (техникум, колледж, ПТУ)",Плохое,"Работаю по договору, контракту в найме (за исключением находящихся в декретном отпуске, подрабатывающих студентов, пе...","Я работаю в КОММЕРЧЕСКОЙ организации, ее цель – получить прибыль (например, магазин, завод, фермерское хозяйство, АО/...","Промышленность, производство (в т.ч. добывающие, обрабатывающие отрасли, энергетика) Включает в том числе: Завод, ком...",0.649430168753706
07cfdf99b74ce058,Мужской,55.0,Приволжский федеральный округ,Город с численностью жителей миллион и более человек,Породистая собака,Породистая кошка,,,,,,,,,,,Зоомагазины,Ветеринарные клиники,,,,,,,,,,,Нет,Затрудняюсь ответить,,,,,,,,,,,,,,Смотрю более четырех часов ежедневно,Eжедневно менее четырех часов в день,Среднее общее (10 или 11 классов школы с аттестатом),Среднее,"Работаю по договору, контракту в найме (за исключением находящихся в декретном отпуске, подрабатывающих студентов, пе...","Я работаю в КОММЕРЧЕСКОЙ организации, ее цель – получить прибыль (например, магазин, завод, фермерское хозяйство, АО/...","Жилищно-коммунальное хозяйство Включает в том числе: водоканал, горгаз, вывоз мусора, котельная,  сортировка и перера...",0.649430168753706
07cfe17a568ce518,Мужской,51.0,Приволжский федеральный округ,Город с численностью жителей миллион и более человек,Беспородная кошка,,,,,,,,,,,,Ветеринарные клиники,,,,,,,,,,,,Нет,,,,,,,,,,,,,,,Не смотрю,Eжедневно менее четырех часов в день,"Среднее профессиональное (техникум, колледж, ПТУ)",Среднее,Работающий пенсионер,"Я работаю в БЮДЖЕТНОЙ организации, которая безвозмездно оказывает услуги населению (детский сад, общеобразовательная,...",Другое (укажите),0.649430168753706
07cfe7b5818ced21,Мужской,55.0,Приволжский федеральный округ,Город с численностью жителей миллион и более человек,Беспородная собака,Беспородная кошка,,,,,,,,,,,Зоомагазины,"Магазины, в которых можно находиться с животными",Ветеринарные клиники,,,,,,,,,,Нет,4,,,,,,,,,,,,,,Несколько раз в месяц,Несколько раз в месяц,"Среднее профессиональное (техникум, колледж, ПТУ)",Среднее,"Работаю по договору, контракту в найме (за исключением находящихся в декретном отпуске, подрабатывающих студентов, пе...","Я работаю в КОММЕРЧЕСКОЙ организации, ее цель – получить прибыль (например, магазин, завод, фермерское хозяйство, АО/...","Строительство Включает в том числе: архитектура, проектирование, дизайн интерьера",0.649430168753706
07cfeb1a5a0ce50d,Мужской,50.0,Приволжский федеральный округ,Город с численностью жителей миллион и более человек,Аквариумные рыбки,Породистая кошка,,,,,,,,,,,Зоомагазины,Ветеринарные клиники,ГрУминг-салоны (уход за животными),,,,,,,,,,"Да, время от времени",,,,,,,,,,,,,,,Не смотрю,Провожу в интернете более четырех часов ежедневно,"Среднее профессиональное (техникум, колледж, ПТУ)",Плохое,"Временно не работаю, безработный",,,0.649430168753706
07cfedeae68ce2c8,Мужской,46.0,Приволжский федеральный округ,Город с численностью жителей миллион и более человек,"Нет, домашних животных нет",,,,,,,,,,,,,,,,,,,,,,,,,,Ничего не беспокоило,,,,,,,,,,,,,Несколько раз в месяц,Провожу в интернете более четырех часов ежедневно,"Среднее профессиональное (техникум, колледж, ПТУ)",Плохое,"Работаю по договору, контракту в найме (за исключением находящихся в декретном отпуске, подрабатывающих студентов, пе...","Я работаю в НЕКОММЕРЧЕСКОЙ организации, которая оказывает помощь населению (благотворительные фонды, центры поддержки...",,0.649430168753706
07cff5d7e64ce9c3,Мужской,52.0,Приволжский федеральный округ,Город с численностью жителей миллион и более человек,Беспородная кошка,,,,,,,,,,,,Затрудняюсь ответить,,,,,,,,,,,,Не бываю с питомцем в общественных местах,,,,,,,,,,,,,,,Несколько раз в неделю,Eжедневно менее четырех часов в день,Среднее общее (10 или 11 классов школы с аттестатом),Хорошее,"Предприниматель, собственник бизнеса",,"Торговля (оптовая, розничная, онлайн продажи; в т.ч. - недвижимость) Включает в том числе: Магазин, автосалон, аукцио...",0.649430168753706
07d0021babcce74a,Мужской,50.0,Приволжский федеральный округ,Город с численностью жителей миллион и более человек,"Нет, домашних животных нет",,,,,,,,,,,,,,,,,,,,,,,,,,Выгул агрессивных собак без намордника,,,,,,,,,,,,,Не смотрю,Провожу в интернете более четырех часов ежедневно,Среднее общее (10 или 11 классов школы с аттестатом),Среднее,Самозанятый,,"Строительство Включает в том числе: архитектура, проектирование, дизайн интерьера",0.649430168753706
07cfdf2248ccecb4,Мужской,58.0,Приволжский федеральный округ,Город с численностью жителей миллион и более человек,Беспородная собака,Беспородная кошка,"Домашний скот (куры, коровы, козы и т.п.) (из другого)",,,,,,,,,,Затрудняюсь ответить,,,,,,,,,,,,Нет,Затрудняюсь ответить,,,,,,,,,,,,,,Не смотрю,Несколько раз в неделю,"Среднее профессиональное (техникум, колледж, ПТУ)",Среднее,"Работаю по договору, контракту в найме (за исключением находящихся в декретном отпуске, подрабатывающих студентов, пе...",Затрудняюсь ответить/ отказ от ответа,"Транспортировка и хранение (складское хозяйство) Включает в том числе: Перевозка грузов, ж/д, авиа, водный, космическ...",0.649430168753706
07cfd29badccefb6,Мужской,58.0,Приволжский федеральный округ,Город с численностью жителей миллион и более человек,"Домашний скот (куры, коровы, козы и т.п.) (из другого)",,,,,,,,,,,,Ветеринарные клиники,,,,,,,,,,,,Нет,,,,,,,,,,,,,,,Ежедневно менее четырех часов в день,Не пользуюсь,Незаконченное высшее (с 3-го курса вуза) или законченное высшее,Среднее,Работающий пенсионер,"Я работаю в КОММЕРЧЕСКОЙ организации, ее цель – получить прибыль (например, магазин, завод, фермерское хозяйство, АО/...","Правоохранительные органы, силовые структуры, МЧС, военная служба Включает в том числе: Полиция, росгвардия, пожарно-...",0.6629710873344731
07cfdea4648ce70f,Мужской,50.0,Приволжский федеральный округ,Город с численностью жителей миллион и более человек,Беспородная кошка,,,,,,,,,,,,Ветеринарные клиники,Зоомагазины,,,,,,,,,,,Не бываю с питомцем в общественных местах,,,,,,,,,,,,,,,Не смотрю,Eжедневно менее четырех часов в день,Незаконченное высшее (с 3-го курса вуза) или законченное высшее,Хорошее,"Работаю по договору, контракту в найме (за исключением находящихся в декретном отпуске, подрабатывающих студентов, пе...","Я работаю в КОММЕРЧЕСКОЙ организации, ее цель – получить прибыль (например, магазин, завод, фермерское хозяйство, АО/...","Торговля (оптовая, розничная, онлайн продажи; в т.ч. - недвижимость) Включает в том числе: Магазин, автосалон, аукцио...",0.6629710873344731
07cfe68bc74ce6ad,Мужской,50.0,Приволжский федеральный округ,Город с численностью жителей миллион и более человек,"Нет, домашних животных нет",,,,,,,,,,,,,,,,,,,,,,,,,,Ничего не беспокоило,,,,,,,,,,,,,Несколько раз в месяц,Не пользуюсь,"Два и более высших образования, ученая степень кандидата или доктора наук",Хорошее,"Временно не работаю, безработный",,,0.6629710873344731
07cfebbbe3cce04c,Мужской,50.0,Приволжский федеральный округ,Город с численностью жителей миллион и более человек,"Нет, домашних животных нет",,,,,,,,,,,,,,,,,,,,,,,,,,Ничего не беспокоило,,,,,,,,,,,,,Ежедневно менее четырех часов в день,Провожу в интернете более четырех часов ежедневно,Незаконченное высшее (с 3-го курса вуза) или законченное высшее,Среднее,"Работаю по договору, контракту в найме (за исключением находящихся в декретном отпуске, подрабатывающих студентов, пе...","Я работаю в КОММЕРЧЕСКОЙ организации, ее цель – получить прибыль (например, магазин, завод, фермерское хозяйство, АО/...","Информационные технологии, связь, интернет Включает в том числе: Программирование /создание программного обеспечения,...",0.6629710873344731
07cfef904c0ced48,Мужской,50.0,Приволжский федеральный округ,Город с численностью жителей миллион и более человек,Беспородная кошка,,,,,,,,,,,,Ветеринарные клиники,ГрУминг-салоны (уход за животными),Специально огороженные площадки для выгула или занятий домашних животных,Зоомагазины,,,,,,,,,Нет,,,,,,,,,,,,,,,Не смотрю,Eжедневно менее четырех часов в день,Незаконченное высшее (с 3-го курса вуза) или законченное высшее,Среднее,"Работаю по договору, контракту в найме (за исключением находящихся в декретном отпуске, подрабатывающих студентов, пе...","Я работаю в КОММЕРЧЕСКОЙ организации, ее цель – получить прибыль (например, магазин, завод, фермерское хозяйство, АО/...","Информационные технологии, связь, интернет Включает в том числе: Программирование /создание программного обеспечения,...",0.6629710873344731
07cff8e9128ced2b,Мужской,46.0,Приволжский федеральный округ,Город с численностью жителей миллион и более человек,"Нет, домашних животных нет",,,,,,,,,,,,,,,,,,,,,,,,,,Отсутствие уборки за собаками во дворе,Выгул в неположенных местах,,,,,,,,,,,,Ежедневно менее четырех часов в день,Провожу в интернете более четырех часов ежедневно,Незаконченное высшее (с 3-го курса вуза) или законченное высшее,Среднее,"Работаю по договору, контракту в найме (за исключением находящихся в декретном отпуске, подрабатывающих студентов, пе...","Я работаю в КОММЕРЧЕСКОЙ организации, ее цель – получить прибыль (например, магазин, завод, фермерское хозяйство, АО/...","Средства массовой информации (в т.ч. журналистика, блогерство, реклама, СММ)  Включает в том числе: Издательство печа...",0.6629710873344731
07cff8f870cce017,Мужской,50.0,Приволжский федеральный округ,Город с численностью жителей миллион и более человек,"Нет, домашних животных нет",,,,,,,,,,,,,,,,,,,,,,,,,,Ничего не беспокоило,,,,,,,,,,,,,Не смотрю,Eжедневно менее четырех часов в день,Незаконченное высшее (с 3-го курса вуза) или законченное высшее,Плохое,"Работаю по договору, контракту в найме (за исключением находящихся в декретном отпуске, подрабатывающих студентов, пе...","Я работаю в КОММЕРЧЕСКОЙ организации, ее цель – получить прибыль (например, магазин, завод, фермерское хозяйство, АО/...","Торговля (оптовая, розничная, онлайн продажи; в т.ч. - недвижимость) Включает в том числе: Магазин, автосалон, аукцио...",0.6629710873344731
07cfc956784ce5aa,Мужской,45.0,Уральский федеральный округ,Город с численностью жителей миллион и более человек,"Нет, домашних животных нет",,,,,,,,,,,,,,,,,,,,,,,,,,Самовыгул собак (без поводка),Выгул агрессивных собак без намордника,,,,,,,,,,,,Несколько раз в неделю,Провожу в интернете более четырех часов ежедневно,Незаконченное высшее (с 3-го курса вуза) или законченное высшее,Плохое,"Предприниматель, собственник бизнеса",,"Строительство Включает в том числе: архитектура, проектирование, дизайн интерьера",0.6029072583330042
07cfcba9a30ce043,Мужской,50.0,Уральский федеральный округ,Город с численностью жителей миллион и более человек,Беспородная кошка,,,,,,,,,,,,"Магазины, в которых можно находиться с животными","Кафе, в которых можно находиться с животными",Ветеринарные клиники,,,,,,,,,,Нет,,,,,,,,,,,,,,,Ежедневно менее четырех часов в день,Провожу в интернете более четырех часов ежедневно,"Два и более высших образования, ученая степень кандидата или доктора наук",Среднее,"Работаю по договору, контракту в найме (за исключением находящихся в декретном отпуске, подрабатывающих студентов, пе...","Я работаю в КОММЕРЧЕСКОЙ организации, ее цель – получить прибыль (например, магазин, завод, фермерское хозяйство, АО/...","Промышленность, производство (в т.ч. добывающие, обрабатывающие отрасли, энергетика) Включает в том числе: Завод, ком...",0.6029072583330042
07cfd17206cce555,Мужской,59.0,Уральский федеральный округ,Город с численностью жителей миллион и более человек,"Нет, домашних животных нет",,,,,,,,,,,,,,,,,,,,,,,,,,Ничего не беспокоило,,,,,,,,,,,,,Не смотрю,Eжедневно менее четырех часов в день,Незаконченное высшее (с 3-го курса вуза) или законченное высшее,Среднее,(НЕ ЗАЧИТЫВАТЬ) Затрудняюсь ответить,,,0.6029072583330042
07cfe06cdacce483,Мужской,45.0,Уральский федеральный округ,Город с численностью жителей миллион и более человек,Беспородная собака,Беспородная кошка,,,,,,,,,,,Специализированные урны для утилизации отходов жизнедеятельности собак,Ветеринарные клиники,Специально огороженные площадки для выгула или занятий домашних животных,Зоомагазины,,,,,,,,,Нет,5- полностью удовлетворен,,,,,,,,,,,,,,Ежедневно менее четырех часов в день,Провожу в интернете более четырех часов ежедневно,Незаконченное высшее (с 3-го курса вуза) или законченное высшее,Среднее,"Работаю по договору, контракту в найме (за исключением находящихся в декретном отпуске, подрабатывающих студентов, пе...","Я работаю в БЮДЖЕТНОЙ организации, которая безвозмездно оказывает услуги населению (детский сад, общеобразовательная,...","Транспортировка и хранение (складское хозяйство) Включает в том числе: Перевозка грузов, ж/д, авиа, водный, космическ...",0.6029072583330042
07cfe53f590ce931,Мужской,49.0,Уральский федеральный округ,Город с численностью жителей миллион и более человек,Затрудняюсь ответить,,,,,,,,,,,,,,,,,,,,,,,,,,Агрессивное поведение собак по отношению к другим животным,,,,,,,,,,,,,Ежедневно менее четырех часов в день,Провожу в интернете более четырех часов ежедневно,Незаконченное высшее (с 3-го курса вуза) или законченное высшее,Среднее,"Работаю по договору, контракту в найме (за исключением находящихся в декретном отпуске, подрабатывающих студентов, пе...","Я работаю в КОММЕРЧЕСКОЙ организации, ее цель – получить прибыль (например, магазин, завод, фермерское хозяйство, АО/...","Правоохранительные органы, силовые структуры, МЧС, военная служба Включает в том числе: Полиция, росгвардия, пожарно-...",0.6029072583330042
07cfaae1ab0cedde,Мужской,49.0,Сибирский федеральный округ,Город с численностью жителей миллион и более человек,"Нет, домашних животных нет",,,,,,,,,,,,,,,,,,,,,,,,,,Ничего не беспокоило,,,,,,,,,,,,,Несколько раз в неделю,Eжедневно менее четырех часов в день,"Среднее профессиональное (техникум, колледж, ПТУ)",Плохое,"Работаю по договору, контракту в найме (за исключением находящихся в декретном отпуске, подрабатывающих студентов, пе...","Я работаю в КОММЕРЧЕСКОЙ организации, ее цель – получить прибыль (например, магазин, завод, фермерское хозяйство, АО/...","Строительство Включает в том числе: архитектура, проектирование, дизайн интерьера",0.6792515085924122
07cfba33b98ce88e,Мужской,49.0,Сибирский федеральный округ,Город с численностью жителей миллион и более человек,"Нет, домашних животных нет",,,,,,,,,,,,,,,,,,,,,,,,,,Отсутствие уборки за собаками во дворе,"Отсутствие уборки за собаками в доме (в лифте, в подъезде)",Громкий лай в позднее или раннее время,,,,,,,,,,,Ежедневно менее четырех часов в день,Eжедневно менее четырех часов в день,"Среднее профессиональное (техникум, колледж, ПТУ)",Хорошее,"Предприниматель, собственник бизнеса",,"Промышленность, производство (в т.ч. добывающие, обрабатывающие отрасли, энергетика) Включает в том числе: Завод, ком...",0.6792515085924122
07cfc566fd4cec63,Мужской,46.0,Сибирский федеральный округ,Город с численностью жителей миллион и более человек,"Нет, домашних животных нет",,,,,,,,,,,,,,,,,,,,,,,,,,Ничего не беспокоило,,,,,,,,,,,,,Не смотрю,Провожу в интернете более четырех часов ежедневно,"Среднее профессиональное (техникум, колледж, ПТУ)",Очень плохое,"Работаю по договору, контракту в найме (за исключением находящихся в декретном отпуске, подрабатывающих студентов, пе...",Затрудняюсь ответить/ отказ от ответа,Другое (укажите),0.6792515085924122
07cfc9ad6f4ce522,Мужской,53.0,Сибирский федеральный округ,Город с численностью жителей миллион и более человек,Беспородная кошка,,,,,,,,,,,,Зоомагазины,Специально огороженные площадки для выгула или занятий домашних животных,Ветеринарные клиники,Стойки с пакетами для уборки за собаками,,,,,,,,,"Да, время от времени",,,,,,,,,,,,,,,Не смотрю,Eжедневно менее четырех часов в день,Основное общее образование: окончил 9 (раньше 8) классов,Плохое,Работающий пенсионер,"Я работаю в КОММЕРЧЕСКОЙ организации, ее цель – получить прибыль (например, магазин, завод, фермерское хозяйство, АО/...","Строительство Включает в том числе: архитектура, проектирование, дизайн интерьера",0.6792515085924122
07cfd261a38ce46c,Мужской,48.0,Сибирский федеральный округ,Город с численностью жителей миллион и более человек,Беспородная собака,,,,,,,,,,,,Ветеринарные клиники,ГрУминг-салоны (уход за животными),Специально огороженные площадки для выгула или занятий домашних животных,,,,,,,,,,"Да, время от времени",1 – совершенно не удовлетворен,,,,,,,,,,,,,,Не смотрю,Eжедневно менее четырех часов в день,Основное общее образование: окончил 9 (раньше 8) классов,Хорошее,"Работаю по договору, контракту в найме (за исключением находящихся в декретном отпуске, подрабатывающих студентов, пе...","Я работаю в КОММЕРЧЕСКОЙ организации, ее цель – получить прибыль (например, магазин, завод, фермерское хозяйство, АО/...","Промышленность, производство (в т.ч. добывающие, обрабатывающие отрасли, энергетика) Включает в том числе: Завод, ком...",0.6792515085924122
07cfe95c778ce6f8,Мужской,45.0,Сибирский федеральный округ,Город с численностью жителей миллион и более человек,Беспородная кошка,,,,,,,,,,,,Зоомагазины,Ветеринарные клиники,,,,,,,,,,,Нет,,,,,,,,,,,,,,,Несколько раз в месяц,Eжедневно менее четырех часов в день,"Среднее профессиональное (техникум, колледж, ПТУ)",Среднее,"Работаю по договору, контракту в найме (за исключением находящихся в декретном отпуске, подрабатывающих студентов, пе...","Я работаю в КОММЕРЧЕСКОЙ организации, ее цель – получить прибыль (например, магазин, завод, фермерское хозяйство, АО/...","Строительство Включает в том числе: архитектура, проектирование, дизайн интерьера",0.6792515085924122
07cfcd31a84ce8f2,Мужской,48.0,Сибирский федеральный округ,Город с численностью жителей миллион и более человек,Беспородная кошка,,,,,,,,,,,,ГрУминг-салоны (уход за животными),Зоомагазины,Специально огороженные площадки для выгула или занятий домашних животных,Ветеринарные клиники,,,,,,,,,Нет,,,,,,,,,,,,,,,Несколько раз в неделю,Провожу в интернете более четырех часов ежедневно,Незаконченное высшее (с 3-го курса вуза) или законченное высшее,Среднее,"Работаю по договору, контракту в найме (за исключением находящихся в декретном отпуске, подрабатывающих студентов, пе...","Я работаю в КОММЕРЧЕСКОЙ организации, ее цель – получить прибыль (например, магазин, завод, фермерское хозяйство, АО/...","Строительство Включает в том числе: архитектура, проектирование, дизайн интерьера",0.6600538214123379
07cfeafd030cecce,Мужской,48.0,Сибирский федеральный округ,Город с численностью жителей миллион и более человек,"Нет, домашних животных нет",,,,,,,,,,,,,,,,,,,,,,,,,,Отсутствие уборки за собаками во дворе,,,,,,,,,,,,,Несколько раз в неделю,Несколько раз в неделю,Незаконченное высшее (с 3-го курса вуза) или законченное высшее,Среднее,"Работаю по договору, контракту в найме (за исключением находящихся в декретном отпуске, подрабатывающих студентов, пе...","Я работаю в КОММЕРЧЕСКОЙ организации, ее цель – получить прибыль (например, магазин, завод, фермерское хозяйство, АО/...","Транспортировка и хранение (складское хозяйство) Включает в том числе: Перевозка грузов, ж/д, авиа, водный, космическ...",0.6600538214123379
07cff31d210cef12,Мужской,45.0,Сибирский федеральный округ,Город с численностью жителей миллион и более человек,Породистая кошка,Беспородная кошка,Беспородная собака,,,,,,,,,,Специально огороженные площадки для выгула или занятий домашних животных,Ветеринарные клиники,ГрУминг-салоны (уход за животными),Зоомагазины,Стойки с пакетами для уборки за собаками,,,,,,,,Нет,3,,,,,,,,,,,,,,Несколько раз в неделю,Провожу в интернете более четырех часов ежедневно,Незаконченное высшее (с 3-го курса вуза) или законченное высшее,Хорошее,"Работаю по договору, контракту в найме (за исключением находящихся в декретном отпуске, подрабатывающих студентов, пе...","Я работаю в КОММЕРЧЕСКОЙ организации, ее цель – получить прибыль (например, магазин, завод, фермерское хозяйство, АО/...","Жилищно-коммунальное хозяйство Включает в том числе: водоканал, горгаз, вывоз мусора, котельная,  сортировка и перера...",0.6600538214123379
07d00060484ce79e,Мужской,73.0,Центральный федеральный округ,Село,Беспородная кошка,,,,,,,,,,,,Ничего,,,,,,,,,,,,Нет,,,,,,,,,,,,,,,Ежедневно менее четырех часов в день,Eжедневно менее четырех часов в день,Незаконченное высшее (с 3-го курса вуза) или законченное высшее,Хорошее,Неработающий пенсионер (в том числе по инвалидности),,,1.4121883696557902
07d018d184cce2d6,Мужской,72.0,Центральный федеральный округ,Село,Беспородная кошка,,,,,,,,,,,,Затрудняюсь ответить,,,,,,,,,,,,Нет,,,,,,,,,,,,,,,Не смотрю,Не пользуюсь,Незаконченное высшее (с 3-го курса вуза) или законченное высшее,Плохое,Неработающий пенсионер (в том числе по инвалидности),,,1.4121883696557902
07d0258db24ce536,Мужской,60.0,Центральный федеральный округ,Село,Породистая кошка,,,,,,,,,,,,Специализированные урны для утилизации отходов жизнедеятельности собак,ГрУминг-салоны (уход за животными),"Магазины, в которых можно находиться с животными",Ветеринарные клиники,Зоомагазины,,,,,,,,Нет,,,,,,,,,,,,,,,Смотрю более четырех часов ежедневно,Провожу в интернете более четырех часов ежедневно,Незаконченное высшее (с 3-го курса вуза) или законченное высшее,Среднее,"Работаю по договору, контракту в найме (за исключением находящихся в декретном отпуске, подрабатывающих студентов, пе...","Я работаю в БЮДЖЕТНОЙ организации, которая безвозмездно оказывает услуги населению (детский сад, общеобразовательная,...","Жилищно-коммунальное хозяйство Включает в том числе: водоканал, горгаз, вывоз мусора, котельная,  сортировка и перера...",1.4121883696557902
07cfe1a4bc0ce232,Мужской,60.0,Центральный федеральный округ,Село,Беспородная собака,Беспородная кошка,,,,,,,,,,,Ничего,,,,,,,,,,,,"Да, время от времени",5- полностью удовлетворен,,,,,,,,,,,,,,Ежедневно менее четырех часов в день,Несколько раз в месяц,Основное общее образование: окончил 9 (раньше 8) классов,Плохое,Неработающий пенсионер (в том числе по инвалидности),,,1.2624712390793436
07cfe919fd4ce43f,Мужской,61.0,Центральный федеральный округ,Село,Беспородная кошка,Породистая собака,Беспородная собака,,,,,,,,,,Ничего,,,,,,,,,,,,Не бываю с питомцем в общественных местах,"Животное не требует выгула, не могу оценить",,,,,,,,,,,,,,Смотрю более четырех часов ежедневно,Не пользуюсь,"Среднее профессиональное (техникум, колледж, ПТУ)",Среднее,"Работаю по договору, контракту в найме (за исключением находящихся в декретном отпуске, подрабатывающих студентов, пе...","Я работаю в КОММЕРЧЕСКОЙ организации, ее цель – получить прибыль (например, магазин, завод, фермерское хозяйство, АО/...","Промышленность, производство (в т.ч. добывающие, обрабатывающие отрасли, энергетика) Включает в том числе: Завод, ком...",1.2624712390793436
07d000cc758ce14d,Мужской,67.0,Центральный федеральный округ,Село,Беспородная кошка,"Домашний скот (куры, коровы, козы и т.п.) (из другого)",,,,,,,,,,,Ничего,,,,,,,,,,,,Нет,,,,,,,,,,,,,,,Смотрю более четырех часов ежедневно,Не пользуюсь,"Среднее профессиональное (техникум, колледж, ПТУ)",Хорошее,Неработающий пенсионер (в том числе по инвалидности),,,1.2624712390793436
07d021a3e08ce325,Мужской,65.0,Центральный федеральный округ,Село,"Нет, домашних животных нет",,,,,,,,,,,,,,,,,,,,,,,,,,Выгул агрессивных собак без намордника,,,,,,,,,,,,,Ежедневно менее четырех часов в день,Не пользуюсь,Среднее общее (10 или 11 классов школы с аттестатом),Среднее,Неработающий пенсионер (в том числе по инвалидности),,,1.2624712390793436
07cfd9454e8cefdf,Мужской,74.0,Центральный федеральный округ,Село,Беспородная собака,Беспородная кошка,,,,,,,,,,,Ничего,,,,,,,,,,,,Нет,5- полностью удовлетворен,,,,,,,,,,,,,,Ежедневно менее четырех часов в день,Eжедневно менее четырех часов в день,Незаконченное высшее (с 3-го курса вуза) или законченное высшее,Плохое,Неработающий пенсионер (в том числе по инвалидности),,,1.147070568676354
07cfe5466bcceb25,Мужской,74.0,Центральный федеральный округ,Село,"Домашний скот (куры, коровы, козы и т.п.) (из другого)",,,,,,,,,,,,Ничего,,,,,,,,,,,,"Да, часто",,,,,,,,,,,,,,,Смотрю более четырех часов ежедневно,Не пользуюсь,Незаконченное высшее (с 3-го курса вуза) или законченное высшее,Среднее,Неработающий пенсионер (в том числе по инвалидности),,,1.147070568676354
07d00152e18cefaf,Мужской,65.0,Центральный федеральный округ,Село,"Нет, домашних животных нет",,,,,,,,,,,,,,,,,,,,,,,,,,Ничего не беспокоило,,,,,,,,,,,,,Не смотрю,Eжедневно менее четырех часов в день,Незаконченное высшее (с 3-го курса вуза) или законченное высшее,Плохое,Работающий пенсионер,"Я работаю в БЮДЖЕТНОЙ организации, которая безвозмездно оказывает услуги населению (детский сад, общеобразовательная,...","Образование, наука Включает в том числе: ясли, детский сад, школа, ССУЗ, вуз, научно-исследовательские институты, центры",1.147070568676354
07d003f3aa4cefcc,Мужской,65.0,Центральный федеральный округ,Село,Беспородная кошка,Беспородная собака,"Домашний скот (куры, коровы, козы и т.п.) (из другого)",,,,,,,,,,Ничего,,,,,,,,,,,,Затрудняюсь ответить,5- полностью удовлетворен,,,,,,,,,,,,,,Ежедневно менее четырех часов в день,Не пользуюсь,Незаконченное высшее (с 3-го курса вуза) или законченное высшее,Среднее,Неработающий пенсионер (в том числе по инвалидности),,,1.147070568676354
07cfd4bfcf8cee30,Мужской,62.0,Южный федеральный округ,Село,Беспородная кошка,Беспородная собака,,,,,,,,,,,Зоомагазины,Ветеринарные клиники,,,,,,,,,,,Нет,4,,,,,,,,,,,,,,"Редко, но не менее одного раза в полгода",Eжедневно менее четырех часов в день,"Среднее профессиональное (техникум, колледж, ПТУ)",Среднее,Неработающий пенсионер (в том числе по инвалидности),,,1.2428260874679473
07d00625e2cce18e,Мужской,72.0,Южный федеральный округ,Село,Беспородная собака,Беспородная кошка,,,,,,,,,,,Зоомагазины,Ветеринарные клиники,,,,,,,,,,,Не бываю с питомцем в общественных местах,5- полностью удовлетворен,,,,,,,,,,,,,,Ежедневно менее четырех часов в день,Несколько раз в неделю,"Среднее профессиональное (техникум, колледж, ПТУ)",Среднее,Работающий пенсионер,"Я работаю в КОММЕРЧЕСКОЙ организации, ее цель – получить прибыль (например, магазин, завод, фермерское хозяйство, АО/...",Другое (укажите),1.2428260874679473
07d013bfaecce2e1,Мужской,64.0,Южный федеральный округ,Село,Беспородная собака,Беспородная кошка,,,,,,,,,,,Ветеринарные клиники,,,,,,,,,,,,Нет,1 – совершенно не удовлетворен,,,,,,,,,,,,,,"Редко, но не менее одного раза в полгода",Провожу в интернете более четырех часов ежедневно,Среднее общее (10 или 11 классов школы с аттестатом),Затрудняюсь ответить,Неработающий пенсионер (в том числе по инвалидности),,,1.2428260874679473
07d00ff00e8cebd9,Мужской,60.0,Южный федеральный округ,Село,Беспородная кошка,Породистая собака,Беспородная собака,"Домашний скот (куры, коровы, козы и т.п.) (из другого)",,,,,,,,,"Магазины, в которых можно находиться с животными",Ветеринарные клиники,Зоомагазины,,,,,,,,,,Нет,5- полностью удовлетворен,,,,,,,,,,,,,,Не смотрю,Eжедневно менее четырех часов в день,Среднее общее (10 или 11 классов школы с аттестатом),Хорошее,"Работаю по договору, контракту в найме (за исключением находящихся в декретном отпуске, подрабатывающих студентов, пе...","Я работаю в КОММЕРЧЕСКОЙ организации, ее цель – получить прибыль (например, магазин, завод, фермерское хозяйство, АО/...","Строительство Включает в том числе: архитектура, проектирование, дизайн интерьера",1.2428260874679473
07d01a024f8cecd3,Мужской,62.0,Южный федеральный округ,Село,"Нет, домашних животных нет",,,,,,,,,,,,,,,,,,,,,,,,,,Ничего не беспокоило,,,,,,,,,,,,,Не смотрю,Не пользуюсь,Среднее общее (10 или 11 классов школы с аттестатом),Среднее,Работающий пенсионер,"Я работаю в КОММЕРЧЕСКОЙ организации, ее цель – получить прибыль (например, магазин, завод, фермерское хозяйство, АО/...","Промышленность, производство (в т.ч. добывающие, обрабатывающие отрасли, энергетика) Включает в том числе: Завод, ком...",1.2428260874679473
07cfd37ec34ce970,Мужской,68.0,Южный федеральный округ,Село,Беспородная кошка,,,,,,,,,,,,Специально огороженные площадки для выгула или занятий домашних животных,"Магазины, в которых можно находиться с животными","Кафе, в которых можно находиться с животными",Зоомагазины,Стойки с пакетами для уборки за собаками,Лапомойки в доме,Специализированные урны для утилизации отходов жизнедеятельности собак,Ветеринарные клиники,ГрУминг-салоны (уход за животными),,,,Нет,,,,,,,,,,,,,,,Ежедневно менее четырех часов в день,Eжедневно менее четырех часов в день,Незаконченное высшее (с 3-го курса вуза) или законченное высшее,Хорошее,Работающий пенсионер,"Я работаю в БЮДЖЕТНОЙ организации, которая безвозмездно оказывает услуги населению (детский сад, общеобразовательная,...","Сельское, лесное хозяйство, охота, рыболовство и рыбоводство Включает в том числе: Фермерское хозяйство, скотобойни, ...",1.1945795800379453
07d015cdef4cebc4,Мужской,73.0,Южный федеральный округ,Село,"Домашний скот (куры, коровы, козы и т.п.) (из другого)",,,,,,,,,,,,Ветеринарные клиники,,,,,,,,,,,,Нет,,,,,,,,,,,,,,,Несколько раз в неделю,Несколько раз в неделю,Незаконченное высшее (с 3-го курса вуза) или законченное высшее,Хорошее,Работающий пенсионер,Затрудняюсь ответить/ отказ от ответа,"Здравоохранение Включает в том числе: поликлиники, медицинские центры, больницы, стационары,  «Скорая помощь», санатории",1.1945795800379453
07d015809fcced3f,Мужской,70.0,Северо-Кавказский федеральный округ,Село,Породистая кошка,Беспородная собака,,,,,,,,,,,Ветеринарные клиники,Лапомойки в доме,Стойки с пакетами для уборки за собаками,Специально огороженные площадки для выгула или занятий домашних животных,Специализированные урны для утилизации отходов жизнедеятельности собак,Зоомагазины,,,,,,,Нет,5- полностью удовлетворен,,,,,,,,,,,,,,Не смотрю,Eжедневно менее четырех часов в день,Основное общее образование: окончил 9 (раньше 8) классов,Хорошее,Работающий пенсионер,"Я работаю в БЮДЖЕТНОЙ организации, которая безвозмездно оказывает услуги населению (детский сад, общеобразовательная,...","Здравоохранение Включает в том числе: поликлиники, медицинские центры, больницы, стационары,  «Скорая помощь», санатории",1.4431938924688563
07d0276d1b8ce9aa,Мужской,67.0,Северо-Кавказский федеральный округ,Село,"Домашний скот (куры, коровы, козы и т.п.) (из другого)",,,,,,,,,,,,Ветеринарные клиники,Зоомагазины,,,,,,,,,,,Нет,,,,,,,,,,,,,,,Несколько раз в неделю,Не пользуюсь,(НЕ ЗАЧИТЫВАТЬ) Нет основного общего образования: не окончил 9 (раньше 8) классов,Среднее,Неработающий пенсионер (в том числе по инвалидности),,,1.4431938924688563
07d0318d44cce1a3,Мужской,67.0,Северо-Кавказский федеральный округ,Село,"Домашний скот (куры, коровы, козы и т.п.) (из другого)",,,,,,,,,,,,Стойки с пакетами для уборки за собаками,Ветеринарные клиники,"Магазины, в которых можно находиться с животными",Зоомагазины,Специально огороженные площадки для выгула или занятий домашних животных,ГрУминг-салоны (уход за животными),Специализированные урны для утилизации отходов жизнедеятельности собак,Лапомойки в доме,,,,,"Да, время от времени",,,,,,,,,,,,,,,Ежедневно менее четырех часов в день,Eжедневно менее четырех часов в день,"Среднее профессиональное (техникум, колледж, ПТУ)",Среднее,Работающий пенсионер,"Работаю в органах власти, управления, судебных органах","Государственное и муниципальное управление, в т.ч. - судебные органы Включает в том числе: Госслужба, администрации/п...",1.4431938924688563
07cfeddc030cedf1,Мужской,78.0,Северо-Кавказский федеральный округ,Село,"Нет, домашних животных нет",,,,,,,,,,,,,,,,,,,,,,,,,,Ничего не беспокоило,,,,,,,,,,,,,Не смотрю,Не пользуюсь,Незаконченное высшее (с 3-го курса вуза) или законченное высшее,Среднее,Неработающий пенсионер (в том числе по инвалидности),,,1.1570938589479416
07cff604958ce66f,Мужской,75.0,Северо-Кавказский федеральный округ,Село,"Домашний скот (куры, коровы, козы и т.п.) (из другого)",Беспородная кошка,,,,,,,,,,,Ничего,,,,,,,,,,,,Нет,,,,,,,,,,,,,,,Не смотрю,Eжедневно менее четырех часов в день,Незаконченное высшее (с 3-го курса вуза) или законченное высшее,Среднее,Неработающий пенсионер (в том числе по инвалидности),,,1.1570938589479416
07d00348914cea2f,Мужской,60.0,Северо-Кавказский федеральный округ,Село,"Нет, домашних животных нет",,,,,,,,,,,,,,,,,,,,,,,,,,Громкий лай в позднее или раннее время,Отсутствие уборки за собаками во дворе,,,,,,,,,,,,Ежедневно менее четырех часов в день,Провожу в интернете более четырех часов ежедневно,Незаконченное высшее (с 3-го курса вуза) или законченное высшее,Среднее,Работающий пенсионер,"Работаю в органах власти, управления, судебных органах","Государственное и муниципальное управление, в т.ч. - судебные органы Включает в том числе: Госслужба, администрации/п...",1.1570938589479416
07d00b8f180ce8c8,Мужской,78.0,Северо-Кавказский федеральный округ,Село,Беспородная кошка,,,,,,,,,,,,Ничего,,,,,,,,,,,,Нет,,,,,,,,,,,,,,,Ежедневно менее четырех часов в день,Не пользуюсь,Незаконченное высшее (с 3-го курса вуза) или законченное высшее,Хорошее,Неработающий пенсионер (в том числе по инвалидности),,,1.1570938589479416
07d03673454cef68,Мужской,61.0,Северо-Кавказский федеральный округ,Село,Беспородная кошка,,,,,,,,,,,,Затрудняюсь ответить,,,,,,,,,,,,Не бываю с питомцем в общественных местах,,,,,,,,,,,,,,,Смотрю более четырех часов ежедневно,Не пользуюсь,Незаконченное высшее (с 3-го курса вуза) или законченное высшее,Среднее,Неработающий пенсионер (в том числе по инвалидности),,,1.1570938589479416
07d046f77e8ce6ad,Мужской,60.0,Северо-Кавказский федеральный округ,Село,"Домашний скот (куры, коровы, козы и т.п.) (из другого)",,,,,,,,,,,,Ничего,,,,,,,,,,,,Не бываю с питомцем в общественных местах,,,,,,,,,,,,,,,Не смотрю,Не пользуюсь,Незаконченное высшее (с 3-го курса вуза) или законченное высшее,Хорошее,Самозанятый,,"Сельское, лесное хозяйство, охота, рыболовство и рыбоводство Включает в том числе: Фермерское хозяйство, скотобойни, ...",1.1570938589479416
07cfc00eda4cecf9,Мужской,60.0,Приволжский федеральный округ,Село,"Нет, домашних животных нет",,,,,,,,,,,,,,,,,,,,,,,,,,Громкий лай в позднее или раннее время,,,,,,,,,,,,,Смотрю более четырех часов ежедневно,Не пользуюсь,"Среднее профессиональное (техникум, колледж, ПТУ)",Плохое,"Временно не работаю, безработный",,,1.2149136749595175
07cfde70fd0ce843,Мужской,73.0,Приволжский федеральный округ,Село,Беспородная собака,Беспородная кошка,,,,,,,,,,,Ничего,,,,,,,,,,,,Не бываю с питомцем в общественных местах,"Животное не требует выгула, не могу оценить",,,,,,,,,,,,,,Смотрю более четырех часов ежедневно,Провожу в интернете более четырех часов ежедневно,Среднее общее (10 или 11 классов школы с аттестатом),Среднее,Неработающий пенсионер (в том числе по инвалидности),,,1.2149136749595175
07cfe1ad700ce5e6,Мужской,71.0,Приволжский федеральный округ,Село,"Нет, домашних животных нет",,,,,,,,,,,,,,,,,,,,,,,,,,Ничего не беспокоило,,,,,,,,,,,,,Смотрю более четырех часов ежедневно,Не пользуюсь,Среднее общее (10 или 11 классов школы с аттестатом),Среднее,Работающий пенсионер,"Я работаю в КОММЕРЧЕСКОЙ организации, ее цель – получить прибыль (например, магазин, завод, фермерское хозяйство, АО/...","Промышленность, производство (в т.ч. добывающие, обрабатывающие отрасли, энергетика) Включает в том числе: Завод, ком...",1.2149136749595175
07cfebaa444ceb9c,Мужской,60.0,Приволжский федеральный округ,Село,"Нет, домашних животных нет",,,,,,,,,,,,,,,,,,,,,,,,,,Ничего не беспокоило,,,,,,,,,,,,,Не смотрю,Провожу в интернете более четырех часов ежедневно,Среднее общее (10 или 11 классов школы с аттестатом),Среднее,"Работаю по договору, контракту в найме (за исключением находящихся в декретном отпуске, подрабатывающих студентов, пе...","Работаю в правоохранительных органах, вооруженных силах, МЧС","Правоохранительные органы, силовые структуры, МЧС, военная служба Включает в том числе: Полиция, росгвардия, пожарно-...",1.2149136749595175
07cfec6db2cce21f,Мужской,73.0,Приволжский федеральный округ,Село,"Нет, домашних животных нет",,,,,,,,,,,,,,,,,,,,,,,,,,Ничего не беспокоило,,,,,,,,,,,,,Ежедневно менее четырех часов в день,Не пользуюсь,Основное общее образование: окончил 9 (раньше 8) классов,Плохое,Неработающий пенсионер (в том числе по инвалидности),,,1.2149136749595175
07cff970b18ceb4f,Мужской,60.0,Приволжский федеральный округ,Село,Беспородная кошка,,,,,,,,,,,,Затрудняюсь ответить,,,,,,,,,,,,Нет,,,,,,,,,,,,,,,Не смотрю,Не пользуюсь,"Среднее профессиональное (техникум, колледж, ПТУ)",Хорошее,"Работаю по договору, контракту в найме (за исключением находящихся в декретном отпуске, подрабатывающих студентов, пе...","Работаю в правоохранительных органах, вооруженных силах, МЧС","Правоохранительные органы, силовые структуры, МЧС, военная служба Включает в том числе: Полиция, росгвардия, пожарно-...",1.2149136749595175
07d00e7b1e8ce32b,Мужской,65.0,Приволжский федеральный округ,Село,Беспородная кошка,Беспородная собака,,,,,,,,,,,Ветеринарные клиники,Зоомагазины,,,,,,,,,,,Не бываю с питомцем в общественных местах,"Животное не требует выгула, не могу оценить",,,,,,,,,,,,,,Смотрю более четырех часов ежедневно,Не пользуюсь,"Среднее профессиональное (техникум, колледж, ПТУ)",Среднее,Неработающий пенсионер (в том числе по инвалидности),,,1.2149136749595175
07cfface3e4cec6f,Мужской,64.0,Приволжский федеральный округ,Село,Беспородная кошка,,,,,,,,,,,,Ничего,,,,,,,,,,,,Нет,,,,,,,,,,,,,,,Не смотрю,Eжедневно менее четырех часов в день,Незаконченное высшее (с 3-го курса вуза) или законченное высшее,Среднее,Работающий пенсионер,"Я работаю в КОММЕРЧЕСКОЙ организации, ее цель – получить прибыль (например, магазин, завод, фермерское хозяйство, АО/...","Транспортировка и хранение (складское хозяйство) Включает в том числе: Перевозка грузов, ж/д, авиа, водный, космическ...",1.240245185484903
07cfb942b84ce3f1,Мужской,61.0,Сибирский федеральный округ,Село,"Домашний скот (куры, коровы, козы и т.п.) (из другого)",Беспородная собака,,,,,,,,,,,Ничего,,,,,,,,,,,,"Да, часто",5- полностью удовлетворен,,,,,,,,,,,,,,Ежедневно менее четырех часов в день,Не пользуюсь,"Среднее профессиональное (техникум, колледж, ПТУ)",Среднее,Неработающий пенсионер (в том числе по инвалидности),,,1.2707015876848966
07cfd7b0060ce83a,Мужской,68.0,Сибирский федеральный округ,Село,"Нет, домашних животных нет",,,,,,,,,,,,,,,,,,,,,,,,,,Ничего не беспокоило,,,,,,,,,,,,,Ежедневно менее четырех часов в день,Eжедневно менее четырех часов в день,"Среднее профессиональное (техникум, колледж, ПТУ)",Среднее,Работающий пенсионер,"Я работаю в БЮДЖЕТНОЙ организации, которая безвозмездно оказывает услуги населению (детский сад, общеобразовательная,...","Общественное питание, ресторанный и гостиничный бизнес Включает в том числе: Кафе, ресторан, доставка продуктов питан...",1.2707015876848966
07cfd6c45d4ce56e,Мужской,70.0,Сибирский федеральный округ,Село,"Нет, домашних животных нет",,,,,,,,,,,,,,,,,,,,,,,,,,Ничего не беспокоило,,,,,,,,,,,,,Смотрю более четырех часов ежедневно,Не пользуюсь,Среднее общее (10 или 11 классов школы с аттестатом),Хорошее,Неработающий пенсионер (в том числе по инвалидности),,,1.2707015876848966
07cfdf9e490ce2de,Мужской,75.0,Сибирский федеральный округ,Село,"Нет, домашних животных нет",,,,,,,,,,,,,,,,,,,,,,,,,,"Укусы, нападения собак на людей",Агрессивное поведение собак по отношению к другим животным,Выгул агрессивных собак без намордника,"Отсутствие уборки за собаками в доме (в лифте, в подъезде)",Отсутствие уборки за собаками во дворе,,,,,,,,,Ежедневно менее четырех часов в день,Eжедневно менее четырех часов в день,Среднее общее (10 или 11 классов школы с аттестатом),Среднее,Неработающий пенсионер (в том числе по инвалидности),,,1.2707015876848966
07cfb569b74ce1a1,Мужской,73.0,Сибирский федеральный округ,Село,"Домашний скот (куры, коровы, козы и т.п.) (из другого)",,,,,,,,,,,,Ветеринарные клиники,,,,,,,,,,,,Не бываю с питомцем в общественных местах,,,,,,,,,,,,,,,Смотрю более четырех часов ежедневно,Не пользуюсь,Незаконченное высшее (с 3-го курса вуза) или законченное высшее,Среднее,Неработающий пенсионер (в том числе по инвалидности),,,1.2347877453584348
07cfbc6fffccebbe,Мужской,60.0,Сибирский федеральный округ,Село,Породистая кошка,,,,,,,,,,,,Ветеринарные клиники,Зоомагазины,,,,,,,,,,,Нет,,,,,,,,,,,,,,,Несколько раз в неделю,Eжедневно менее четырех часов в день,"Два и более высших образования, ученая степень кандидата или доктора наук",Хорошее,"Работаю по договору, контракту в найме (за исключением находящихся в декретном отпуске, подрабатывающих студентов, пе...","Я работаю в КОММЕРЧЕСКОЙ организации, ее цель – получить прибыль (например, магазин, завод, фермерское хозяйство, АО/...","Строительство Включает в том числе: архитектура, проектирование, дизайн интерьера",1.2347877453584348
07cfb023554ceeb5,Мужской,74.0,Дальневосточный федеральный округ,Село,"Нет, домашних животных нет",,,,,,,,,,,,,,,,,,,,,,,,,,Ничего не беспокоило,,,,,,,,,,,,,Смотрю более четырех часов ежедневно,Не пользуюсь,Основное общее образование: окончил 9 (раньше 8) классов,Хорошее,Неработающий пенсионер (в том числе по инвалидности),,,1.1539881761447845
07cfc50e70ccece5,Мужской,69.0,Дальневосточный федеральный округ,Село,"Домашний скот (куры, коровы, козы и т.п.) (из другого)",,,,,,,,,,,,Ветеринарные клиники,Зоомагазины,,,,,,,,,,,Не бываю с питомцем в общественных местах,,,,,,,,,,,,,,,Ежедневно менее четырех часов в день,Eжедневно менее четырех часов в день,"Среднее профессиональное (техникум, колледж, ПТУ)",Среднее,Неработающий пенсионер (в том числе по инвалидности),,,1.1539881761447845
07cfc967818ce954,Мужской,63.0,Дальневосточный федеральный округ,Село,"Нет, домашних животных нет",,,,,,,,,,,,,,,,,,,,,,,,,,Ничего не беспокоило,,,,,,,,,,,,,Ежедневно менее четырех часов в день,Не пользуюсь,Основное общее образование: окончил 9 (раньше 8) классов,Хорошее,Неработающий пенсионер (в том числе по инвалидности),,,1.1539881761447845
07cfd021c7cceeab,Мужской,72.0,Дальневосточный федеральный округ,Село,Беспородная собака,Беспородная кошка,,,,,,,,,,,Ничего,,,,,,,,,,,,Не бываю с питомцем в общественных местах,5- полностью удовлетворен,,,,,,,,,,,,,,Смотрю более четырех часов ежедневно,Не пользуюсь,"Среднее профессиональное (техникум, колледж, ПТУ)",Плохое,Неработающий пенсионер (в том числе по инвалидности),,,1.1539881761447845
07cfd86377cced17,Мужской,84.0,Дальневосточный федеральный округ,Село,"Нет, домашних животных нет",,,,,,,,,,,,,,,,,,,,,,,,,,Ничего не беспокоило,,,,,,,,,,,,,Не смотрю,Не пользуюсь,"Среднее профессиональное (техникум, колледж, ПТУ)",Хорошее,Неработающий пенсионер (в том числе по инвалидности),,,1.1539881761447845
07cfde913fcce01c,Мужской,87.0,Дальневосточный федеральный округ,Село,"Нет, домашних животных нет",,,,,,,,,,,,,,,,,,,,,,,,,,Ничего не беспокоило,,,,,,,,,,,,,Ежедневно менее четырех часов в день,Не пользуюсь,"Среднее профессиональное (техникум, колледж, ПТУ)",Хорошее,Неработающий пенсионер (в том числе по инвалидности),,,1.1539881761447845
07cff0fe930ce393,Мужской,70.0,Центральный федеральный округ,Поселок городского типа,"Нет, домашних животных нет",,,,,,,,,,,,,,,,,,,,,,,,,,Отсутствие уборки за собаками во дворе,,,,,,,,,,,,,Ежедневно менее четырех часов в день,Eжедневно менее четырех часов в день,"Среднее профессиональное (техникум, колледж, ПТУ)",Хорошее,Работающий пенсионер,"Я работаю в КОММЕРЧЕСКОЙ организации, ее цель – получить прибыль (например, магазин, завод, фермерское хозяйство, АО/...",Другое (укажите),0.9958218703942999
07d02b2607cce256,Мужской,65.0,Центральный федеральный округ,Город с численностью менее 50 тысяч,"Нет, домашних животных нет",,,,,,,,,,,,,,,,,,,,,,,,,,Ничего не беспокоило,,,,,,,,,,,,,Несколько раз в неделю,Несколько раз в месяц,"Среднее профессиональное (техникум, колледж, ПТУ)",Среднее,"Временно не работаю, безработный",,,0.9958218703942999
07cfd712a24ceb64,Мужской,80.0,Центральный федеральный округ,Город с численностью менее 50 тысяч,"Нет, домашних животных нет",,,,,,,,,,,,,,,,,,,,,,,,,,Ничего не беспокоило,,,,,,,,,,,,,Ежедневно менее четырех часов в день,Провожу в интернете более четырех часов ежедневно,"Два и более высших образования, ученая степень кандидата или доктора наук",Среднее,Работающий пенсионер,"Я работаю в БЮДЖЕТНОЙ организации, которая безвозмездно оказывает услуги населению (детский сад, общеобразовательная,...","Образование, наука Включает в том числе: ясли, детский сад, школа, ССУЗ, вуз, научно-исследовательские институты, центры",0.9772252139207716
07cfec72cfcce425,Мужской,63.0,Центральный федеральный округ,Город с численностью менее 50 тысяч,"Домашний скот (куры, коровы, козы и т.п.) (из другого)",Породистая кошка,,,,,,,,,,,Ничего,,,,,,,,,,,,Нет,,,,,,,,,,,,,,,Несколько раз в неделю,Не пользуюсь,"Среднее профессиональное (техникум, колледж, ПТУ)",Среднее,Работающий пенсионер,"Я работаю в КОММЕРЧЕСКОЙ организации, ее цель – получить прибыль (например, магазин, завод, фермерское хозяйство, АО/...","Правоохранительные органы, силовые структуры, МЧС, военная служба Включает в том числе: Полиция, росгвардия, пожарно-...",0.8736219283400851
07d006e4d54ceba5,Мужской,71.0,Центральный федеральный округ,Город с численностью менее 50 тысяч,Беспородная кошка,,,,,,,,,,,,Ветеринарные клиники,,,,,,,,,,,,Нет,,,,,,,,,,,,,,,Ежедневно менее четырех часов в день,Не пользуюсь,"Среднее профессиональное (техникум, колледж, ПТУ)",Среднее,Работающий пенсионер,"Я работаю в КОММЕРЧЕСКОЙ организации, ее цель – получить прибыль (например, магазин, завод, фермерское хозяйство, АО/...","Сельское, лесное хозяйство, охота, рыболовство и рыбоводство Включает в том числе: Фермерское хозяйство, скотобойни, ...",0.8736219283400851
07d00abbe20ce4db,Мужской,71.0,Центральный федеральный округ,Город с численностью менее 50 тысяч,Беспородная кошка,Породистая собака,,,,,,,,,,,Ветеринарные клиники,,,,,,,,,,,,Не бываю с питомцем в общественных местах,5- полностью удовлетворен,,,,,,,,,,,,,,Смотрю более четырех часов ежедневно,Не пользуюсь,Среднее общее (10 или 11 классов школы с аттестатом),Среднее,Неработающий пенсионер (в том числе по инвалидности),,,0.8736219283400851
07cfda973fcce0a8,Мужской,72.0,Центральный федеральный округ,Город с численностью менее 50 тысяч,Декоративные птицы,,,,,,,,,,,,Ветеринарные клиники,Зоомагазины,,,,,,,,,,,Не бываю с питомцем в общественных местах,,,,,,,,,,,,,,,Ежедневно менее четырех часов в день,Не пользуюсь,Незаконченное высшее (с 3-го курса вуза) или законченное высшее,Среднее,Неработающий пенсионер (в том числе по инвалидности),,,0.793765411147093
07d00b7db54ce5ef,Мужской,63.0,Центральный федеральный округ,Город с численностью менее 50 тысяч,"Нет, домашних животных нет",,,,,,,,,,,,,,,,,,,,,,,,,,Ничего не беспокоило,,,,,,,,,,,,,Смотрю более четырех часов ежедневно,Провожу в интернете более четырех часов ежедневно,Незаконченное высшее (с 3-го курса вуза) или законченное высшее,Среднее,Неработающий пенсионер (в том числе по инвалидности),,,0.793765411147093
07cff38f01cce570,Мужской,71.0,Северо-Западный федеральный округ,Город с численностью от 50 тысяч до 100 тысяч,"Нет, домашних животных нет",,,,,,,,,,,,,,,,,,,,,,,,,,Отсутствие уборки за собаками во дворе,Выгул агрессивных собак без намордника,,,,,,,,,,,,Ежедневно менее четырех часов в день,Eжедневно менее четырех часов в день,Незаконченное высшее (с 3-го курса вуза) или законченное высшее,Среднее,Неработающий пенсионер (в том числе по инвалидности),,,0.8028094358324434
07d01dfcce8cebbc,Мужской,61.0,Северо-Западный федеральный округ,Поселок городского типа,Беспородная собака,Породистая собака,Породистая кошка,,,,,,,,,,Зоомагазины,"Магазины, в которых можно находиться с животными",,,,,,,,,,,"Да, время от времени",5- полностью удовлетворен,,,,,,,,,,,,,,Смотрю более четырех часов ежедневно,Eжедневно менее четырех часов в день,Незаконченное высшее (с 3-го курса вуза) или законченное высшее,Плохое,"Временно не работаю, безработный",,,0.8028094358324434
07cff2fe5a4ce69b,Мужской,64.0,Северо-Западный федеральный округ,Город с численностью менее 50 тысяч,"Нет, домашних животных нет",,,,,,,,,,,,,,,,,,,,,,,,,,Отсутствие уборки за собаками во дворе,Выгул собак на длинном поводке,Самовыгул собак (без поводка),Громкий лай в позднее или раннее время,,,,,,,,,,Ежедневно менее четырех часов в день,Провожу в интернете более четырех часов ежедневно,Среднее общее (10 или 11 классов школы с аттестатом),Хорошее,Неработающий пенсионер (в том числе по инвалидности),,,0.8624970878014261
07cffc65738ce181,Мужской,60.0,Северо-Западный федеральный округ,Город с численностью от 50 тысяч до 100 тысяч,"Нет, домашних животных нет",,,,,,,,,,,,,,,,,,,,,,,,,,Ничего не беспокоило,,,,,,,,,,,,,Смотрю более четырех часов ежедневно,Не пользуюсь,"Среднее профессиональное (техникум, колледж, ПТУ)",Среднее,Неработающий пенсионер (в том числе по инвалидности),,,0.8624970878014261
07cfe22869cce82e,Мужской,69.0,Южный федеральный округ,Город с численностью менее 50 тысяч,Беспородная собака,,,,,,,,,,,,Зоомагазины,,,,,,,,,,,,Нет,"Животное не требует выгула, не могу оценить",,,,,,,,,,,,,,Ежедневно менее четырех часов в день,Eжедневно менее четырех часов в день,"Среднее профессиональное (техникум, колледж, ПТУ)",Среднее,Неработающий пенсионер (в том числе по инвалидности),,,0.8600276105433508
07cff2065accedb9,Мужской,70.0,Южный федеральный округ,Город с численностью от 50 тысяч до 100 тысяч,"Нет, домашних животных нет",,,,,,,,,,,,,,,,,,,,,,,,,,Ничего не беспокоило,,,,,,,,,,,,,Смотрю более четырех часов ежедневно,Не пользуюсь,"Среднее профессиональное (техникум, колледж, ПТУ)",Очень хорошее,Неработающий пенсионер (в том числе по инвалидности),,,0.8600276105433508
07d0085983cceaf1,Мужской,64.0,Южный федеральный округ,Город с численностью от 50 тысяч до 100 тысяч,Породистая собака,,,,,,,,,,,,Зоомагазины,,,,,,,,,,,,Нет,1 – совершенно не удовлетворен,,,,,,,,,,,,,,Не смотрю,Провожу в интернете более четырех часов ежедневно,"Среднее профессиональное (техникум, колледж, ПТУ)",Среднее,Неработающий пенсионер (в том числе по инвалидности),,,0.8600276105433508
07d00bda06cce50e,Мужской,67.0,Южный федеральный округ,Город с численностью менее 50 тысяч,"Нет, домашних животных нет",,,,,,,,,,,,,,,,,,,,,,,,,,Ничего не беспокоило,,,,,,,,,,,,,Ежедневно менее четырех часов в день,Eжедневно менее четырех часов в день,Незаконченное высшее (с 3-го курса вуза) или законченное высшее,Среднее,Работающий пенсионер,"Я работаю в КОММЕРЧЕСКОЙ организации, ее цель – получить прибыль (например, магазин, завод, фермерское хозяйство, АО/...","Промышленность, производство (в т.ч. добывающие, обрабатывающие отрасли, энергетика) Включает в том числе: Завод, ком...",0.8266413395916182
07d01829248ce8a0,Мужской,73.0,Южный федеральный округ,Город с численностью от 50 тысяч до 100 тысяч,Беспородная кошка,,,,,,,,,,,,Зоомагазины,Ветеринарные клиники,Специально огороженные площадки для выгула или занятий домашних животных,,,,,,,,,,Нет,,,,,,,,,,,,,,,Ежедневно менее четырех часов в день,Eжедневно менее четырех часов в день,Незаконченное высшее (с 3-го курса вуза) или законченное высшее,Среднее,Работающий пенсионер,"Я работаю в КОММЕРЧЕСКОЙ организации, ее цель – получить прибыль (например, магазин, завод, фермерское хозяйство, АО/...","Транспортировка и хранение (складское хозяйство) Включает в том числе: Перевозка грузов, ж/д, авиа, водный, космическ...",0.8266413395916182
07cff0bfbd0ce607,Мужской,66.0,Северо-Кавказский федеральный округ,Город с численностью менее 50 тысяч,"Нет, домашних животных нет",,,,,,,,,,,,,,,,,,,,,,,,,,Ничего не беспокоило,,,,,,,,,,,,,Смотрю более четырех часов ежедневно,"Редко, но не менее одного раза в полгода","Среднее профессиональное (техникум, колледж, ПТУ)",Хорошее,Неработающий пенсионер (в том числе по инвалидности),,,0.9986808350792356
07cff2f99b0ce566,Мужской,62.0,Северо-Кавказский федеральный округ,Город с численностью от 50 тысяч до 100 тысяч,"Нет, домашних животных нет",,,,,,,,,,,,,,,,,,,,,,,,,,Ничего не беспокоило,,,,,,,,,,,,,Смотрю более четырех часов ежедневно,Не пользуюсь,Среднее общее (10 или 11 классов школы с аттестатом),Хорошее,Неработающий пенсионер (в том числе по инвалидности),,,0.9986808350792356
07d01d73c8cce82b,Мужской,60.0,Северо-Кавказский федеральный округ,Город с численностью от 50 тысяч до 100 тысяч,Породистая собака,Породистая кошка,,,,,,,,,,,Ветеринарные клиники,Специализированные урны для утилизации отходов жизнедеятельности собак,"Кафе, в которых можно находиться с животными",Специально огороженные площадки для выгула или занятий домашних животных,"Магазины, в которых можно находиться с животными",ГрУминг-салоны (уход за животными),Зоомагазины,Стойки с пакетами для уборки за собаками,Лапомойки в доме,,,,Нет,5- полностью удовлетворен,,,,,,,,,,,,,,Смотрю более четырех часов ежедневно,Не пользуюсь,"Среднее профессиональное (техникум, колледж, ПТУ)",Среднее,"Временно не работаю, безработный",,,0.9986808350792356
07d02dc8630ce5fd,Мужской,62.0,Северо-Кавказский федеральный округ,Город с численностью от 50 тысяч до 100 тысяч,"Нет, домашних животных нет",,,,,,,,,,,,,,,,,,,,,,,,,,Ничего не беспокоило,,,,,,,,,,,,,Ежедневно менее четырех часов в день,Eжедневно менее четырех часов в день,"Среднее профессиональное (техникум, колледж, ПТУ)",Среднее,"Работаю по договору, контракту в найме (за исключением находящихся в декретном отпуске, подрабатывающих студентов, пе...","Я работаю в КОММЕРЧЕСКОЙ организации, ее цель – получить прибыль (например, магазин, завод, фермерское хозяйство, АО/...","Строительство Включает в том числе: архитектура, проектирование, дизайн интерьера",0.9986808350792356
07cfe548ff8cec80,Мужской,67.0,Северо-Кавказский федеральный округ,Город с численностью менее 50 тысяч,"Домашний скот (куры, коровы, козы и т.п.) (из другого)",,,,,,,,,,,,Ничего,,,,,,,,,,,,Нет,,,,,,,,,,,,,,,Смотрю более четырех часов ежедневно,Провожу в интернете более четырех часов ежедневно,Незаконченное высшее (с 3-го курса вуза) или законченное высшее,Плохое,"Работаю по договору, контракту в найме (за исключением находящихся в декретном отпуске, подрабатывающих студентов, пе...","Я работаю в КОММЕРЧЕСКОЙ организации, ее цель – получить прибыль (например, магазин, завод, фермерское хозяйство, АО/...","Промышленность, производство (в т.ч. добывающие, обрабатывающие отрасли, энергетика) Включает в том числе: Завод, ком...",0.8007014631570872
07cfd9be394ce3c4,Мужской,60.0,Приволжский федеральный округ,Город с численностью менее 50 тысяч,"Нет, домашних животных нет",,,,,,,,,,,,,,,,,,,,,,,,,,Затрудняюсь ответить,,,,,,,,,,,,,Не смотрю,Не пользуюсь,"Среднее профессиональное (техникум, колледж, ПТУ)",Очень плохое,Неработающий пенсионер (в том числе по инвалидности),,,0.8407124017010328
07cfe058950cecae,Мужской,60.0,Приволжский федеральный округ,Город с численностью от 50 тысяч до 100 тысяч,"Нет, домашних животных нет",,,,,,,,,,,,,,,,,,,,,,,,,,Ничего не беспокоило,,,,,,,,,,,,,Смотрю более четырех часов ежедневно,Eжедневно менее четырех часов в день,"Среднее профессиональное (техникум, колледж, ПТУ)",Среднее,Неработающий пенсионер (в том числе по инвалидности),,,0.8407124017010328
07cfe32b7d0ce20a,Мужской,62.0,Приволжский федеральный округ,Поселок городского типа,Беспородная кошка,,,,,,,,,,,,"Магазины, в которых можно находиться с животными",,,,,,,,,,,,Нет,,,,,,,,,,,,,,,Ежедневно менее четырех часов в день,Eжедневно менее четырех часов в день,Среднее общее (10 или 11 классов школы с аттестатом),Среднее,"Работаю по договору, контракту в найме (за исключением находящихся в декретном отпуске, подрабатывающих студентов, пе...","Я работаю в БЮДЖЕТНОЙ организации, которая безвозмездно оказывает услуги населению (детский сад, общеобразовательная,...","Сфера услуг, сервиса, бытового обслуживания Включает в том числе: Прачечная/химчистка, ремонт мебели, часов, ювелирны...",0.8407124017010328
07cfe18e728cebd2,Мужской,68.0,Приволжский федеральный округ,Город с численностью менее 50 тысяч,"Нет, домашних животных нет",,,,,,,,,,,,,,,,,,,,,,,,,,Самовыгул собак (без поводка),"Укусы, нападения собак на людей",Отсутствие уборки за собаками во дворе,,,,,,,,,,,Ежедневно менее четырех часов в день,Несколько раз в месяц,"Среднее профессиональное (техникум, колледж, ПТУ)",Среднее,Неработающий пенсионер (в том числе по инвалидности),,,0.8407124017010328
07cfeaf9c00ceb6a,Мужской,64.0,Приволжский федеральный округ,Город с численностью менее 50 тысяч,Беспородная кошка,,,,,,,,,,,,Специально огороженные площадки для выгула или занятий домашних животных,"Магазины, в которых можно находиться с животными",Стойки с пакетами для уборки за собаками,Лапомойки в доме,ГрУминг-салоны (уход за животными),"Кафе, в которых можно находиться с животными",Специализированные урны для утилизации отходов жизнедеятельности собак,Ветеринарные клиники,Зоомагазины,,,,Не бываю с питомцем в общественных местах,,,,,,,,,,,,,,,Смотрю более четырех часов ежедневно,Eжедневно менее четырех часов в день,"Среднее профессиональное (техникум, колледж, ПТУ)",Хорошее,Работающий пенсионер,"Я работаю в КОММЕРЧЕСКОЙ организации, ее цель – получить прибыль (например, магазин, завод, фермерское хозяйство, АО/...","Промышленность, производство (в т.ч. добывающие, обрабатывающие отрасли, энергетика) Включает в том числе: Завод, ком...",0.8407124017010328
07cff080ad0ce5c5,Мужской,65.0,Приволжский федеральный округ,Город с численностью менее 50 тысяч,Беспородная собака,Беспородная кошка,,,,,,,,,,,Ничего,,,,,,,,,,,,Нет,3,,,,,,,,,,,,,,Смотрю более четырех часов ежедневно,Не пользуюсь,"Среднее профессиональное (техникум, колледж, ПТУ)",Среднее,Неработающий пенсионер (в том числе по инвалидности),,,0.8407124017010328
07cff172594ced9c,Мужской,73.0,Приволжский федеральный округ,Поселок городского типа," Мелкие животные (хомячки, морские свинки, черепашки и т.п.)",,,,,,,,,,,,Ничего,,,,,,,,,,,,Нет,,,,,,,,,,,,,,,Смотрю более четырех часов ежедневно,Не пользуюсь,"Среднее профессиональное (техникум, колледж, ПТУ)",Среднее,Неработающий пенсионер (в том числе по инвалидности),,,0.8407124017010328
07cff6e9430ceda5,Мужской,65.0,Приволжский федеральный округ,Город с численностью от 50 тысяч до 100 тысяч,Породистая собака,Беспородная кошка,,,,,,,,,,,Ветеринарные клиники,Зоомагазины,,,,,,,,,,,Нет,5- полностью удовлетворен,,,,,,,,,,,,,,Несколько раз в месяц,Eжедневно менее четырех часов в день,"Среднее профессиональное (техникум, колледж, ПТУ)",Очень плохое,Работающий пенсионер,"Я работаю в КОММЕРЧЕСКОЙ организации, ее цель – получить прибыль (например, магазин, завод, фермерское хозяйство, АО/...",Другое (укажите),0.8407124017010328
07cff997c4cce38b,Мужской,80.0,Приволжский федеральный округ,Поселок городского типа,Беспородная кошка,,,,,,,,,,,,Ничего,,,,,,,,,,,,Не бываю с питомцем в общественных местах,,,,,,,,,,,,,,,Ежедневно менее четырех часов в день,Не пользуюсь,"Среднее профессиональное (техникум, колледж, ПТУ)",Затрудняюсь ответить,Неработающий пенсионер (в том числе по инвалидности),,,0.8407124017010328
07cff8a517ccedd9,Мужской,65.0,Приволжский федеральный округ,Поселок городского типа,Породистая кошка,"Домашний скот (куры, коровы, козы и т.п.) (из другого)",,,,,,,,,,,ГрУминг-салоны (уход за животными),"Магазины, в которых можно находиться с животными",Зоомагазины,Специально огороженные площадки для выгула или занятий домашних животных,Ветеринарные клиники,,,,,,,,Нет,,,,,,,,,,,,,,,Ежедневно менее четырех часов в день,Eжедневно менее четырех часов в день,"Среднее профессиональное (техникум, колледж, ПТУ)",Среднее,Работающий пенсионер,"Я работаю в НЕКОММЕРЧЕСКОЙ организации, которая оказывает помощь населению (благотворительные фонды, центры поддержки...",,0.8407124017010328
07cff82314cce302,Мужской,73.0,Приволжский федеральный округ,Город с численностью менее 50 тысяч,"Нет, домашних животных нет",,,,,,,,,,,,,,,,,,,,,,,,,,Выгул в неположенных местах,Громкий лай в позднее или раннее время,Самовыгул собак (без поводка),Выгул собак на длинном поводке,,,,,,,,,,Смотрю более четырех часов ежедневно,Провожу в интернете более четырех часов ежедневно,Среднее общее (10 или 11 классов школы с аттестатом),Хорошее,Неработающий пенсионер (в том числе по инвалидности),,,0.8407124017010328
07cfd7376c0ce4de,Мужской,68.0,Приволжский федеральный округ,Город с численностью от 50 тысяч до 100 тысяч,Породистая собака,Породистая кошка,,,,,,,,,,,Ничего,,,,,,,,,,,,Затрудняюсь ответить,"Животное не требует выгула, не могу оценить",,,,,,,,,,,,,,Ежедневно менее четырех часов в день,Не пользуюсь,Незаконченное высшее (с 3-го курса вуза) или законченное высшее,Среднее,Неработающий пенсионер (в том числе по инвалидности),,,0.8582416430713887
07cfdb2e27ccecfc,Мужской,74.0,Приволжский федеральный округ,Поселок городского типа,"Нет, домашних животных нет",,,,,,,,,,,,,,,,,,,,,,,,,,Громкий лай в позднее или раннее время,,,,,,,,,,,,,Ежедневно менее четырех часов в день,Eжедневно менее четырех часов в день,Незаконченное высшее (с 3-го курса вуза) или законченное высшее,Среднее,Работающий пенсионер,"Я работаю в КОММЕРЧЕСКОЙ организации, ее цель – получить прибыль (например, магазин, завод, фермерское хозяйство, АО/...","Образование, наука Включает в том числе: ясли, детский сад, школа, ССУЗ, вуз, научно-исследовательские институты, центры",0.8582416430713887
07cfed64daccefb9,Мужской,70.0,Приволжский федеральный округ,Город с численностью менее 50 тысяч,"Нет, домашних животных нет",,,,,,,,,,,,,,,,,,,,,,,,,,Ничего не беспокоило,,,,,,,,,,,,,Не смотрю,Eжедневно менее четырех часов в день,Незаконченное высшее (с 3-го курса вуза) или законченное высшее,Среднее,Работающий пенсионер,"Я работаю в БЮДЖЕТНОЙ организации, которая безвозмездно оказывает услуги населению (детский сад, общеобразовательная,...","Образование, наука Включает в том числе: ясли, детский сад, школа, ССУЗ, вуз, научно-исследовательские институты, центры",0.8582416430713887
07cff9a7a90ce650,Мужской,68.0,Приволжский федеральный округ,Город с численностью менее 50 тысяч,Породистая собака,Беспородная кошка,,,,,,,,,,,Зоомагазины,Ветеринарные клиники,ГрУминг-салоны (уход за животными),,,,,,,,,,Нет,3,,,,,,,,,,,,,,Ежедневно менее четырех часов в день,Провожу в интернете более четырех часов ежедневно,Незаконченное высшее (с 3-го курса вуза) или законченное высшее,Среднее,Работающий пенсионер,"Работаю в правоохранительных органах, вооруженных силах, МЧС","Правоохранительные органы, силовые структуры, МЧС, военная служба Включает в том числе: Полиция, росгвардия, пожарно-...",0.8582416430713887
07cfc697244ced86,Мужской,64.0,Уральский федеральный округ,Город с численностью менее 50 тысяч,Беспородная собака,Беспородная кошка,,,,,,,,,,,Ничего,,,,,,,,,,,,Нет,5- полностью удовлетворен,,,,,,,,,,,,,,Ежедневно менее четырех часов в день,Eжедневно менее четырех часов в день,Среднее общее (10 или 11 классов школы с аттестатом),Среднее,Работающий пенсионер,"Я работаю в КОММЕРЧЕСКОЙ организации, ее цель – получить прибыль (например, магазин, завод, фермерское хозяйство, АО/...","Транспортировка и хранение (складское хозяйство) Включает в том числе: Перевозка грузов, ж/д, авиа, водный, космическ...",0.8816877071699213
07cfca02944ce403,Мужской,71.0,Уральский федеральный округ,Поселок городского типа,"Нет, домашних животных нет",,,,,,,,,,,,,,,,,,,,,,,,,,Агрессивное поведение собак по отношению к другим животным,Самовыгул собак (без поводка),Громкий лай в позднее или раннее время,Выгул агрессивных собак без намордника,"Укусы, нападения собак на людей",Большое количество бродячих собак (из другого),,,,,,,,Ежедневно менее четырех часов в день,Eжедневно менее четырех часов в день,Незаконченное высшее (с 3-го курса вуза) или законченное высшее,Среднее,Неработающий пенсионер (в том числе по инвалидности),,,0.7804866997922824
07cfd1b6fa4ce256,Мужской,62.0,Уральский федеральный округ,Поселок городского типа,"Нет, домашних животных нет",,,,,,,,,,,,,,,,,,,,,,,,,,Ничего не беспокоило,,,,,,,,,,,,,Ежедневно менее четырех часов в день,Провожу в интернете более четырех часов ежедневно,Незаконченное высшее (с 3-го курса вуза) или законченное высшее,Хорошее,Работающий пенсионер,"Я работаю в КОММЕРЧЕСКОЙ организации, ее цель – получить прибыль (например, магазин, завод, фермерское хозяйство, АО/...","Промышленность, производство (в т.ч. добывающие, обрабатывающие отрасли, энергетика) Включает в том числе: Завод, ком...",0.7804866997922824
07cfdd65f3cced23,Мужской,66.0,Уральский федеральный округ,Поселок городского типа,"Нет, домашних животных нет",,,,,,,,,,,,,,,,,,,,,,,,,,Ничего не беспокоило,,,,,,,,,,,,,Несколько раз в неделю,Провожу в интернете более четырех часов ежедневно,Незаконченное высшее (с 3-го курса вуза) или законченное высшее,Хорошее,Работающий пенсионер,"Я работаю в КОММЕРЧЕСКОЙ организации, ее цель – получить прибыль (например, магазин, завод, фермерское хозяйство, АО/...","Промышленность, производство (в т.ч. добывающие, обрабатывающие отрасли, энергетика) Включает в том числе: Завод, ком...",0.7804866997922824
07cfb746378ce2cd,Мужской,66.0,Сибирский федеральный округ,Город с численностью менее 50 тысяч,"Нет, домашних животных нет",,,,,,,,,,,,,,,,,,,,,,,,,,Агрессивное поведение собак по отношению к другим животным,Выгул агрессивных собак без намордника,Самовыгул собак (без поводка),Громкий лай в позднее или раннее время,"Укусы, нападения собак на людей",Выгул в неположенных местах,,,,,,,,Смотрю более четырех часов ежедневно,Провожу в интернете более четырех часов ежедневно,"Среднее профессиональное (техникум, колледж, ПТУ)",Среднее,Неработающий пенсионер (в том числе по инвалидности),,,0.8793172763188145
07cfc19419ccec9b,Мужской,62.0,Сибирский федеральный округ,Город с численностью от 50 тысяч до 100 тысяч,Беспородная кошка,,,,,,,,,,,,Зоомагазины,,,,,,,,,,,,Не бываю с питомцем в общественных местах,,,,,,,,,,,,,,,Смотрю более четырех часов ежедневно,Eжедневно менее четырех часов в день,"Среднее профессиональное (техникум, колледж, ПТУ)",Среднее,Неработающий пенсионер (в том числе по инвалидности),,,0.8793172763188145
07cfd98f5d0ce59f,Мужской,62.0,Сибирский федеральный округ,Город с численностью от 50 тысяч до 100 тысяч,Беспородная кошка,,,,,,,,,,,,Затрудняюсь ответить,,,,,,,,,,,,Не бываю с питомцем в общественных местах,,,,,,,,,,,,,,,Смотрю более четырех часов ежедневно,Не пользуюсь,"Среднее профессиональное (техникум, колледж, ПТУ)",Среднее,Неработающий пенсионер (в том числе по инвалидности),,,0.8793172763188145
07cfe518a24ceb89,Мужской,72.0,Сибирский федеральный округ,Поселок городского типа,Беспородная собака,Беспородная кошка,,,,,,,,,,,Ничего,,,,,,,,,,,,Не бываю с питомцем в общественных местах,4,,,,,,,,,,,,,,Несколько раз в неделю,Не пользуюсь,"Среднее профессиональное (техникум, колледж, ПТУ)",Среднее,Работающий пенсионер,"Я работаю в БЮДЖЕТНОЙ организации, которая безвозмездно оказывает услуги населению (детский сад, общеобразовательная,...","Здравоохранение Включает в том числе: поликлиники, медицинские центры, больницы, стационары,  «Скорая помощь», санатории",0.8793172763188145
07cfe1215d8ceae5,Мужской,63.0,Сибирский федеральный округ,Город с численностью от 50 тысяч до 100 тысяч,Породистая собака,,,,,,,,,,,,Зоомагазины,Ветеринарные клиники,,,,,,,,,,,Не бываю с питомцем в общественных местах,4,,,,,,,,,,,,,,Смотрю более четырех часов ежедневно,Не пользуюсь,Незаконченное высшее (с 3-го курса вуза) или законченное высшее,Хорошее,Работающий пенсионер,"Я работаю в КОММЕРЧЕСКОЙ организации, ее цель – получить прибыль (например, магазин, завод, фермерское хозяйство, АО/...","Транспортировка и хранение (складское хозяйство) Включает в том числе: Перевозка грузов, ж/д, авиа, водный, космическ...",0.854465129817461
07cfb53c058ceeb4,Мужской,62.0,Дальневосточный федеральный округ,Город с численностью менее 50 тысяч,"Нет, домашних животных нет",,,,,,,,,,,,,,,,,,,,,,,,,,Выгул в неположенных местах,,,,,,,,,,,,,Смотрю более четырех часов ежедневно,Несколько раз в неделю,"Среднее профессиональное (техникум, колледж, ПТУ)",Среднее,Неработающий пенсионер (в том числе по инвалидности),,,0.7985523507533185
07cfb6f6f0ccec2a,Мужской,67.0,Дальневосточный федеральный округ,Поселок городского типа,Беспородная кошка,,,,,,,,,,,,Зоомагазины,,,,,,,,,,,,Не бываю с питомцем в общественных местах,,,,,,,,,,,,,,,Смотрю более четырех часов ежедневно,Не пользуюсь,Среднее общее (10 или 11 классов школы с аттестатом),Среднее,Неработающий пенсионер (в том числе по инвалидности),,,0.7985523507533185
07cfceb0ec8cea98,Мужской,69.0,Дальневосточный федеральный округ,Город с численностью менее 50 тысяч,"Нет, домашних животных нет",,,,,,,,,,,,,,,,,,,,,,,,,,Самовыгул собак (без поводка),Выгул в неположенных местах,Громкий лай в позднее или раннее время,Агрессивное поведение собак по отношению к другим животным,"Отсутствие уборки за собаками в доме (в лифте, в подъезде)",Выгул агрессивных собак без намордника,"Укусы, нападения собак на людей",Отсутствие уборки за собаками во дворе,,,,,,Ежедневно менее четырех часов в день,"Редко, но не менее одного раза в полгода",Среднее общее (10 или 11 классов школы с аттестатом),Хорошее,Неработающий пенсионер (в том числе по инвалидности),,,0.7985523507533185
07cfd840d74ce19a,Мужской,66.0,Дальневосточный федеральный округ,Поселок городского типа,"Домашний скот (куры, коровы, козы и т.п.) (из другого)",,,,,,,,,,,,Ветеринарные клиники,,,,,,,,,,,,Затрудняюсь ответить,,,,,,,,,,,,,,,Смотрю более четырех часов ежедневно,Не пользуюсь,Среднее общее (10 или 11 классов школы с аттестатом),Среднее,Неработающий пенсионер (в том числе по инвалидности),,,0.7985523507533185
07cfcc17e60ceec8,Мужской,69.0,Дальневосточный федеральный округ,Поселок городского типа,Беспородная собака,,,,,,,,,,,,Затрудняюсь ответить,,,,,,,,,,,,Нет,"Животное не требует выгула, не могу оценить",,,,,,,,,,,,,,Не смотрю,Eжедневно менее четырех часов в день,Незаконченное высшее (с 3-го курса вуза) или законченное высшее,Затрудняюсь ответить,Работающий пенсионер,"Я работаю в КОММЕРЧЕСКОЙ организации, ее цель – получить прибыль (например, магазин, завод, фермерское хозяйство, АО/...",Другое (укажите),1.0817844843974886
07cfb5c0cd4ce77e,Мужской,73.0,Дальневосточный федеральный округ,Город с численностью от 50 тысяч до 100 тысяч,"Нет, домашних животных нет",,,,,,,,,,,,,,,,,,,,,,,,,,Большое количество бродячих собак (из другого),,,,,,,,,,,,,Ежедневно менее четырех часов в день,Eжедневно менее четырех часов в день,"Два и более высших образования, ученая степень кандидата или доктора наук",Среднее,Работающий пенсионер,"Я работаю в БЮДЖЕТНОЙ организации, которая безвозмездно оказывает услуги населению (детский сад, общеобразовательная,...","Образование, наука Включает в том числе: ясли, детский сад, школа, ССУЗ, вуз, научно-исследовательские институты, центры",1.0817844843974886
07cfea52648ce120,Мужской,65.0,Центральный федеральный округ,Город с численностью от 100 тысяч до 500 тысяч,"Нет, домашних животных нет",,,,,,,,,,,,,,,,,,,,,,,,,,Ничего не беспокоило,,,,,,,,,,,,,Ежедневно менее четырех часов в день,Eжедневно менее четырех часов в день,"Среднее профессиональное (техникум, колледж, ПТУ)",Среднее,Работающий пенсионер,"Я работаю в КОММЕРЧЕСКОЙ организации, ее цель – получить прибыль (например, магазин, завод, фермерское хозяйство, АО/...","Промышленность, производство (в т.ч. добывающие, обрабатывающие отрасли, энергетика) Включает в том числе: Завод, ком...",0.7996923333822096
07cffbb8b78cece2,Мужской,71.0,Центральный федеральный округ,Город с численностью от 100 тысяч до 500 тысяч,Породистая собака,,,,,,,,,,,,ГрУминг-салоны (уход за животными),Ветеринарные клиники,"Магазины, в которых можно находиться с животными",Специализированные урны для утилизации отходов жизнедеятельности собак,Зоомагазины,Стойки с пакетами для уборки за собаками,"Кафе, в которых можно находиться с животными",Лапомойки в доме,Специально огороженные площадки для выгула или занятий домашних животных,,,,Нет,1 – совершенно не удовлетворен,,,,,,,,,,,,,,Смотрю более четырех часов ежедневно,Несколько раз в неделю,Среднее общее (10 или 11 классов школы с аттестатом),Среднее,Неработающий пенсионер (в том числе по инвалидности),,,0.7996923333822096
07d016446f8ce09f,Мужской,60.0,Центральный федеральный округ,Город с численностью от 100 тысяч до 500 тысяч,"Нет, домашних животных нет",,,,,,,,,,,,,,,,,,,,,,,,,,Ничего не беспокоило,,,,,,,,,,,,,Не смотрю,Несколько раз в неделю,"Среднее профессиональное (техникум, колледж, ПТУ)",Среднее,Неработающий пенсионер (в том числе по инвалидности),,,0.7996923333822096
07cff012680ceb53,Мужской,65.0,Центральный федеральный округ,Город с численностью от 100 тысяч до 500 тысяч,"Нет, домашних животных нет",,,,,,,,,,,,,,,,,,,,,,,,,,Ничего не беспокоило,,,,,,,,,,,,,Не смотрю,Eжедневно менее четырех часов в день,Незаконченное высшее (с 3-го курса вуза) или законченное высшее,Среднее,Неработающий пенсионер (в том числе по инвалидности),,,0.7847583335871106
07d006c057cce425,Мужской,65.0,Центральный федеральный округ,Город с численностью от 100 тысяч до 500 тысяч,"Нет, домашних животных нет",,,,,,,,,,,,,,,,,,,,,,,,,,Ничего не беспокоило,,,,,,,,,,,,,Смотрю более четырех часов ежедневно,Провожу в интернете более четырех часов ежедневно,"Два и более высших образования, ученая степень кандидата или доктора наук",Хорошее,Работающий пенсионер,"Я работаю в НЕКОММЕРЧЕСКОЙ организации, которая оказывает помощь населению (благотворительные фонды, центры поддержки...",,0.7847583335871106
07d0371a174ce7de,Мужской,67.0,Центральный федеральный округ,Город с численностью от 100 тысяч до 500 тысяч,"Нет, домашних животных нет",,,,,,,,,,,,,,,,,,,,,,,,,,"Отсутствие уборки за собаками в доме (в лифте, в подъезде)",Отсутствие уборки за собаками во дворе,Выгул в неположенных местах,,,,,,,,,,,Ежедневно менее четырех часов в день,Несколько раз в неделю,"Два и более высших образования, ученая степень кандидата или доктора наук",Среднее,Самозанятый,,"Средства массовой информации (в т.ч. журналистика, блогерство, реклама, СММ)  Включает в том числе: Издательство печа...",0.7847583335871106
07cfd79f2e0ce320,Мужской,72.0,Центральный федеральный округ,Город с численностью от 100 тысяч до 500 тысяч,Беспородная кошка,,,,,,,,,,,,Ничего,,,,,,,,,,,,Не бываю с питомцем в общественных местах,,,,,,,,,,,,,,,Ежедневно менее четырех часов в день,Не пользуюсь,"Среднее профессиональное (техникум, колледж, ПТУ)",Хорошее,Неработающий пенсионер (в том числе по инвалидности),,,0.7015599668357582
07cfdd74a74ce173,Мужской,73.0,Центральный федеральный округ,Город с численностью от 100 тысяч до 500 тысяч,"Нет, домашних животных нет",,,,,,,,,,,,,,,,,,,,,,,,,,Другое,,,,,,,,,,,,,Несколько раз в неделю,Не пользуюсь,"Среднее профессиональное (техникум, колледж, ПТУ)",Очень плохое,Неработающий пенсионер (в том числе по инвалидности),,,0.7015599668357582
07cffb7e5fccef70,Мужской,63.0,Центральный федеральный округ,Город с численностью от 100 тысяч до 500 тысяч,Породистая кошка,Беспородная собака,,,,,,,,,,,Зоомагазины,Ветеринарные клиники,,,,,,,,,,,Нет,1 – совершенно не удовлетворен,,,,,,,,,,,,,,Ежедневно менее четырех часов в день,Eжедневно менее четырех часов в день,"Среднее профессиональное (техникум, колледж, ПТУ)",Затрудняюсь ответить,Работающий пенсионер,"Я работаю в КОММЕРЧЕСКОЙ организации, ее цель – получить прибыль (например, магазин, завод, фермерское хозяйство, АО/...","Промышленность, производство (в т.ч. добывающие, обрабатывающие отрасли, энергетика) Включает в том числе: Завод, ком...",0.7015599668357582
07cffe69698cee02,Мужской,74.0,Центральный федеральный округ,Город с численностью от 100 тысяч до 500 тысяч,"Нет, домашних животных нет",,,,,,,,,,,,,,,,,,,,,,,,,,Ничего не беспокоило,,,,,,,,,,,,,Не смотрю,Не пользуюсь,"Среднее профессиональное (техникум, колледж, ПТУ)",Среднее,Неработающий пенсионер (в том числе по инвалидности),,,0.7015599668357582
07d007f5e70ce5e9,Мужской,65.0,Центральный федеральный округ,Город с численностью от 100 тысяч до 500 тысяч,"Домашний скот (куры, коровы, козы и т.п.) (из другого)",,,,,,,,,,,,Ничего,,,,,,,,,,,,Не бываю с питомцем в общественных местах,,,,,,,,,,,,,,,Ежедневно менее четырех часов в день,Не пользуюсь,"Среднее профессиональное (техникум, колледж, ПТУ)",Среднее,Неработающий пенсионер (в том числе по инвалидности),,,0.7015599668357582
07d01010ca8ce236,Мужской,65.0,Центральный федеральный округ,Город с численностью от 100 тысяч до 500 тысяч,"Нет, домашних животных нет",,,,,,,,,,,,,,,,,,,,,,,,,,Ничего не беспокоило,,,,,,,,,,,,,Смотрю более четырех часов ежедневно,Несколько раз в неделю,"Среднее профессиональное (техникум, колледж, ПТУ)",Среднее,Неработающий пенсионер (в том числе по инвалидности),,,0.7015599668357582
07d015f71b8ce3bf,Мужской,66.0,Центральный федеральный округ,Город с численностью от 100 тысяч до 500 тысяч,Декоративные птицы,Беспородная кошка,,,,,,,,,,,ГрУминг-салоны (уход за животными),Специально огороженные площадки для выгула или занятий домашних животных,Зоомагазины,Ветеринарные клиники,,,,,,,,,Нет,,,,,,,,,,,,,,,Смотрю более четырех часов ежедневно,Eжедневно менее четырех часов в день,"Среднее профессиональное (техникум, колледж, ПТУ)",Среднее,Неработающий пенсионер (в том числе по инвалидности),,,0.7015599668357582
07d01cb269cceab8,Мужской,71.0,Центральный федеральный округ,Город с численностью от 100 тысяч до 500 тысяч,"Нет, домашних животных нет",,,,,,,,,,,,,,,,,,,,,,,,,,Ничего не беспокоило,,,,,,,,,,,,,Ежедневно менее четырех часов в день,Несколько раз в неделю,"Среднее профессиональное (техникум, колледж, ПТУ)",Среднее,Неработающий пенсионер (в том числе по инвалидности),,,0.7015599668357582
07cff70bb14ce5a1,Мужской,73.0,Центральный федеральный округ,Город с численностью от 100 тысяч до 500 тысяч,Беспородная кошка,,,,,,,,,,,,Ветеринарные клиники,,,,,,,,,,,,Нет,,,,,,,,,,,,,,,Ежедневно менее четырех часов в день,Eжедневно менее четырех часов в день,Незаконченное высшее (с 3-го курса вуза) или законченное высшее,Хорошее,Неработающий пенсионер (в том числе по инвалидности),,,0.6374313847384859
07d000b22ecceb78,Мужской,62.0,Центральный федеральный округ,Город с численностью от 100 тысяч до 500 тысяч,Породистая собака,,,,,,,,,,,,Ветеринарные клиники,,,,,,,,,,,,Нет,5- полностью удовлетворен,,,,,,,,,,,,,,Смотрю более четырех часов ежедневно,Провожу в интернете более четырех часов ежедневно,Незаконченное высшее (с 3-го курса вуза) или законченное высшее,Среднее,Неработающий пенсионер (в том числе по инвалидности),,,0.6374313847384859
07d01ff6c50ced4e,Мужской,77.0,Центральный федеральный округ,Город с численностью от 100 тысяч до 500 тысяч,Породистая собака,Породистая кошка,"Домашний скот (куры, коровы, козы и т.п.) (из другого)",,,,,,,,,,Специализированные урны для утилизации отходов жизнедеятельности собак,,,,,,,,,,,,Нет,4,,,,,,,,,,,,,,Смотрю более четырех часов ежедневно,Не пользуюсь,Незаконченное высшее (с 3-го курса вуза) или законченное высшее,Среднее,Неработающий пенсионер (в том числе по инвалидности),,,0.6374313847384859
07cff861ddcce05e,Мужской,68.0,Северо-Западный федеральный округ,Город с численностью от 100 тысяч до 500 тысяч,"Нет, домашних животных нет",,,,,,,,,,,,,,,,,,,,,,,,,,Ничего не беспокоило,,,,,,,,,,,,,Несколько раз в неделю,Eжедневно менее четырех часов в день,Среднее общее (10 или 11 классов школы с аттестатом),Очень плохое,Работающий пенсионер,"Я работаю в КОММЕРЧЕСКОЙ организации, ее цель – получить прибыль (например, магазин, завод, фермерское хозяйство, АО/...","Строительство Включает в том числе: архитектура, проектирование, дизайн интерьера",0.6926261906722138
07cfeb90decce3c4,Мужской,67.0,Северо-Западный федеральный округ,Город с численностью от 100 тысяч до 500 тысяч,Породистая собака,,,,,,,,,,,,"Магазины, в которых можно находиться с животными",Специально огороженные площадки для выгула или занятий домашних животных,Зоомагазины,,,,,,,,,,Нет,2,,,,,,,,,,,,,,Несколько раз в неделю,Несколько раз в неделю,"Два и более высших образования, ученая степень кандидата или доктора наук",Среднее,Работающий пенсионер,"Работаю в правоохранительных органах, вооруженных силах, МЧС","Правоохранительные органы, силовые структуры, МЧС, военная служба Включает в том числе: Полиция, росгвардия, пожарно-...",0.5756291689322395
07cfe0efebccea62,Мужской,68.0,Южный федеральный округ,Город с численностью от 100 тысяч до 500 тысяч,"Нет, домашних животных нет",,,,,,,,,,,,,,,,,,,,,,,,,,Ничего не беспокоило,,,,,,,,,,,,,Несколько раз в неделю,Провожу в интернете более четырех часов ежедневно,Незаконченное высшее (с 3-го курса вуза) или законченное высшее,Среднее,Неработающий пенсионер (в том числе по инвалидности),,,0.6638323191942624
07cfe67e2e8ce273,Мужской,69.0,Северо-Кавказский федеральный округ,Город с численностью от 100 тысяч до 500 тысяч,Породистая собака,Породистая кошка,"Домашний скот (куры, коровы, козы и т.п.) (из другого)",,,,,,,,,,Ветеринарные клиники,Зоомагазины,Специально огороженные площадки для выгула или занятий домашних животных,,,,,,,,,,Нет,3,,,,,,,,,,,,,,Ежедневно менее четырех часов в день,Несколько раз в неделю,"Среднее профессиональное (техникум, колледж, ПТУ)",Среднее,Работающий пенсионер,"Работаю в правоохранительных органах, вооруженных силах, МЧС","Правоохранительные органы, силовые структуры, МЧС, военная служба Включает в том числе: Полиция, росгвардия, пожарно-...",0.8019882180257633
07d00ad9110cea4b,Мужской,65.0,Северо-Кавказский федеральный округ,Город с численностью от 100 тысяч до 500 тысяч,Породистая собака," Мелкие животные (хомячки, морские свинки, черепашки и т.п.)",,,,,,,,,,,Зоомагазины,ГрУминг-салоны (уход за животными),,,,,,,,,,,Нет,1 – совершенно не удовлетворен,,,,,,,,,,,,,,Не смотрю,Eжедневно менее четырех часов в день,"Среднее профессиональное (техникум, колледж, ПТУ)",Среднее,Неработающий пенсионер (в том числе по инвалидности),,,0.8019882180257633
07d004acb64ce64e,Мужской,74.0,Северо-Кавказский федеральный округ,Город с численностью от 100 тысяч до 500 тысяч,Беспородная кошка,,,,,,,,,,,,Затрудняюсь ответить,,,,,,,,,,,,Нет,,,,,,,,,,,,,,,Смотрю более четырех часов ежедневно,Eжедневно менее четырех часов в день,Незаконченное высшее (с 3-го курса вуза) или законченное высшее,Плохое,Неработающий пенсионер (в том числе по инвалидности),,,0.6430013644519624
07d01f536bcce778,Мужской,66.0,Северо-Кавказский федеральный округ,Город с численностью от 100 тысяч до 500 тысяч,Беспородная кошка,,,,,,,,,,,,Ветеринарные клиники,,,,,,,,,,,,Нет,,,,,,,,,,,,,,,"Редко, но не менее одного раза в полгода",Eжедневно менее четырех часов в день,Незаконченное высшее (с 3-го курса вуза) или законченное высшее,Плохое,Работающий пенсионер,"Я работаю в КОММЕРЧЕСКОЙ организации, ее цель – получить прибыль (например, магазин, завод, фермерское хозяйство, АО/...",Другое (укажите),0.6430013644519624
07cfed6ce94ce1c2,Мужской,83.0,Приволжский федеральный округ,Город с численностью от 100 тысяч до 500 тысяч,Беспородная собака,Беспородная кошка,"Домашний скот (куры, коровы, козы и т.п.) (из другого)",,,,,,,,,,Зоомагазины,,,,,,,,,,,,Нет,Затрудняюсь ответить,,,,,,,,,,,,,,Смотрю более четырех часов ежедневно,Не пользуюсь,"Среднее профессиональное (техникум, колледж, ПТУ)",Затрудняюсь ответить,Неработающий пенсионер (в том числе по инвалидности),,,0.6751320514315031
07cff0f204cce082,Мужской,77.0,Приволжский федеральный округ,Город с численностью от 100 тысяч до 500 тысяч,Породистая кошка,,,,,,,,,,,,Затрудняюсь ответить,,,,,,,,,,,,Нет,,,,,,,,,,,,,,,Смотрю более четырех часов ежедневно,Не пользуюсь,Среднее общее (10 или 11 классов школы с аттестатом),Очень плохое,Неработающий пенсионер (в том числе по инвалидности),,,0.6751320514315031
07cff093128cea2f,Мужской,87.0,Приволжский федеральный округ,Город с численностью от 100 тысяч до 500 тысяч,"Нет, домашних животных нет",,,,,,,,,,,,,,,,,,,,,,,,,,Выгул агрессивных собак без намордника,,,,,,,,,,,,,Ежедневно менее четырех часов в день,Не пользуюсь,"Среднее профессиональное (техникум, колледж, ПТУ)",Плохое,Неработающий пенсионер (в том числе по инвалидности),,,0.6751320514315031
07cff63afe0ce39f,Мужской,64.0,Приволжский федеральный округ,Город с численностью от 100 тысяч до 500 тысяч,"Нет, домашних животных нет",,,,,,,,,,,,,,,,,,,,,,,,,,Ничего не беспокоило,,,,,,,,,,,,,Ежедневно менее четырех часов в день,Eжедневно менее четырех часов в день,Среднее общее (10 или 11 классов школы с аттестатом),Среднее,Неработающий пенсионер (в том числе по инвалидности),,,0.6751320514315031
07cfe0416a0ce59a,Мужской,65.0,Приволжский федеральный округ,Город с численностью от 100 тысяч до 500 тысяч,Беспородная кошка,,,,,,,,,,,,Ветеринарные клиники,Зоомагазины,,,,,,,,,,,Нет,,,,,,,,,,,,,,,Не смотрю,Eжедневно менее четырех часов в день,Незаконченное высшее (с 3-го курса вуза) или законченное высшее,Плохое,"Работаю по договору, контракту в найме (за исключением находящихся в декретном отпуске, подрабатывающих студентов, пе...","Я работаю в КОММЕРЧЕСКОЙ организации, ее цель – получить прибыль (например, магазин, завод, фермерское хозяйство, АО/...","Торговля (оптовая, розничная, онлайн продажи; в т.ч. - недвижимость) Включает в том числе: Магазин, автосалон, аукцио...",0.6892088661215937
07cff52cc00cef5b,Мужской,68.0,Приволжский федеральный округ,Город с численностью от 100 тысяч до 500 тысяч,"Нет, домашних животных нет",,,,,,,,,,,,,,,,,,,,,,,,,,"Укусы, нападения собак на людей",,,,,,,,,,,,,Смотрю более четырех часов ежедневно,Не пользуюсь,Незаконченное высшее (с 3-го курса вуза) или законченное высшее,Плохое,Неработающий пенсионер (в том числе по инвалидности),,,0.6892088661215937
07cff7193f0ce8ae,Мужской,68.0,Приволжский федеральный округ,Город с численностью от 100 тысяч до 500 тысяч,"Нет, домашних животных нет",,,,,,,,,,,,,,,,,,,,,,,,,,"Укусы, нападения собак на людей",,,,,,,,,,,,,Ежедневно менее четырех часов в день,Eжедневно менее четырех часов в день,Незаконченное высшее (с 3-го курса вуза) или законченное высшее,Хорошее,Неработающий пенсионер (в том числе по инвалидности),,,0.6892088661215937
07d0038263cce851,Мужской,83.0,Приволжский федеральный округ,Город с численностью от 100 тысяч до 500 тысяч,"Нет, домашних животных нет",,,,,,,,,,,,,,,,,,,,,,,,,,Ничего не беспокоило,,,,,,,,,,,,,Смотрю более четырех часов ежедневно,Eжедневно менее четырех часов в день,"Два и более высших образования, ученая степень кандидата или доктора наук",Среднее,Неработающий пенсионер (в том числе по инвалидности),,,0.6892088661215937
07cfdb9d66cce94d,Мужской,72.0,Сибирский федеральный округ,Город с численностью от 100 тысяч до 500 тысяч,"Нет, домашних животных нет",,,,,,,,,,,,,,,,,,,,,,,,,,Ничего не беспокоило,,,,,,,,,,,,,Ежедневно менее четырех часов в день,Не пользуюсь,"Среднее профессиональное (техникум, колледж, ПТУ)",Хорошее,Работающий пенсионер,Затрудняюсь ответить/ отказ от ответа,"Жилищно-коммунальное хозяйство Включает в том числе: водоканал, горгаз, вывоз мусора, котельная,  сортировка и перера...",0.706133602191578
07cf9a8fdb8ceb0d,Мужской,66.0,Дальневосточный федеральный округ,Город с численностью от 100 тысяч до 500 тысяч,Породистая собака,,,,,,,,,,,,Зоомагазины,Ветеринарные клиники,,,,,,,,,,,"Да, время от времени",1 – совершенно не удовлетворен,,,,,,,,,,,,,,Смотрю более четырех часов ежедневно,Не пользуюсь,"Среднее профессиональное (техникум, колледж, ПТУ)",Хорошее,Неработающий пенсионер (в том числе по инвалидности),,,0.6412755249580075
07cfa557d80cec9d,Мужской,60.0,Дальневосточный федеральный округ,Город с численностью от 100 тысяч до 500 тысяч,Беспородная кошка,Беспородная собака,,,,,,,,,,,Затрудняюсь ответить,,,,,,,,,,,,Не бываю с питомцем в общественных местах,5- полностью удовлетворен,,,,,,,,,,,,,,Ежедневно менее четырех часов в день,Провожу в интернете более четырех часов ежедневно,"Среднее профессиональное (техникум, колледж, ПТУ)",Очень плохое,Неработающий пенсионер (в том числе по инвалидности),,,0.6412755249580075
07cfc551b54ce8c9,Мужской,77.0,Дальневосточный федеральный округ,Город с численностью от 100 тысяч до 500 тысяч,Беспородная собака,,,,,,,,,,,,Зоомагазины,ГрУминг-салоны (уход за животными),Ветеринарные клиники,,,,,,,,,,Нет,5- полностью удовлетворен,,,,,,,,,,,,,,Смотрю более четырех часов ежедневно,Eжедневно менее четырех часов в день,"Среднее профессиональное (техникум, колледж, ПТУ)",Среднее,Неработающий пенсионер (в том числе по инвалидности),,,0.6412755249580075
07cfc62fb10cec7a,Мужской,61.0,Дальневосточный федеральный округ,Город с численностью от 100 тысяч до 500 тысяч,Беспородная кошка,Беспородная собака,,,,,,,,,,,Ветеринарные клиники,,,,,,,,,,,,Нет,5- полностью удовлетворен,,,,,,,,,,,,,,Смотрю более четырех часов ежедневно,Eжедневно менее четырех часов в день,"Среднее профессиональное (техникум, колледж, ПТУ)",Плохое,Работающий пенсионер,"Я работаю в БЮДЖЕТНОЙ организации, которая безвозмездно оказывает услуги населению (детский сад, общеобразовательная,...",Другое (укажите),0.6412755249580075
07cfc8eacb0ce0aa,Мужской,70.0,Дальневосточный федеральный округ,Город с численностью от 100 тысяч до 500 тысяч,Породистая кошка,,,,,,,,,,,,Специально огороженные площадки для выгула или занятий домашних животных,,,,,,,,,,,,Не бываю с питомцем в общественных местах,,,,,,,,,,,,,,,Ежедневно менее четырех часов в день,Не пользуюсь,Основное общее образование: окончил 9 (раньше 8) классов,Очень плохое,Работающий пенсионер,"Я работаю в КОММЕРЧЕСКОЙ организации, ее цель – получить прибыль (например, магазин, завод, фермерское хозяйство, АО/...","Правоохранительные органы, силовые структуры, МЧС, военная служба Включает в том числе: Полиция, росгвардия, пожарно-...",0.6412755249580075
07cf961ae4cce50c,Мужской,66.0,Дальневосточный федеральный округ,Город с численностью от 100 тысяч до 500 тысяч,"Нет, домашних животных нет",,,,,,,,,,,,,,,,,,,,,,,,,,Ничего не беспокоило,,,,,,,,,,,,,Не смотрю,Несколько раз в месяц,Незаконченное высшее (с 3-го курса вуза) или законченное высшее,Среднее,Неработающий пенсионер (в том числе по инвалидности),,,0.868724401686378
07cfc4f3e88ce8c8,Мужской,78.0,Дальневосточный федеральный округ,Город с численностью от 100 тысяч до 500 тысяч,"Нет, домашних животных нет",,,,,,,,,,,,,,,,,,,,,,,,,,Выгул в неположенных местах,Большое количество бродячих собак (из другого),,,,,,,,,,,,Смотрю более четырех часов ежедневно,Несколько раз в неделю,Незаконченное высшее (с 3-го курса вуза) или законченное высшее,Хорошее,Неработающий пенсионер (в том числе по инвалидности),,,0.868724401686378
07cfcd596e4cef68,Мужской,76.0,Дальневосточный федеральный округ,Город с численностью от 100 тысяч до 500 тысяч,Беспородная кошка,,,,,,,,,,,,Ветеринарные клиники,Зоомагазины,Специально огороженные площадки для выгула или занятий домашних животных,,,,,,,,,,Нет,,,,,,,,,,,,,,,Смотрю более четырех часов ежедневно,Не пользуюсь,Незаконченное высшее (с 3-го курса вуза) или законченное высшее,Хорошее,Неработающий пенсионер (в том числе по инвалидности),,,0.868724401686378
07d028697d0ce8ff,Мужской,64.0,Центральный федеральный округ,Город с численностью от 500 тысяч до 950 тысяч,Беспородная кошка,,,,,,,,,,,,"Магазины, в которых можно находиться с животными",Специально огороженные площадки для выгула или занятий домашних животных,ГрУминг-салоны (уход за животными),Зоомагазины,Ветеринарные клиники,,,,,,,,Не бываю с питомцем в общественных местах,,,,,,,,,,,,,,,Несколько раз в месяц,Eжедневно менее четырех часов в день,Незаконченное высшее (с 3-го курса вуза) или законченное высшее,Среднее,Неработающий пенсионер (в том числе по инвалидности),,,0.6844533001862387
07cff5ff564ce4b6,Мужской,77.0,Центральный федеральный округ,Город с численностью от 500 тысяч до 950 тысяч,Породистая собака,Породистая кошка," Мелкие животные (хомячки, морские свинки, черепашки и т.п.)",,,,,,,,,,"Магазины, в которых можно находиться с животными",Ветеринарные клиники,Зоомагазины,,,,,,,,,,Нет,3,,,,,,,,,,,,,,Ежедневно менее четырех часов в день,Не пользуюсь,"Среднее профессиональное (техникум, колледж, ПТУ)",Хорошее,Неработающий пенсионер (в том числе по инвалидности),,,0.6118890542829529
07cfdeac514ce9cd,Мужской,60.0,Южный федеральный округ,Город с численностью от 500 тысяч до 950 тысяч,Беспородная кошка,,,,,,,,,,,,Ветеринарные клиники,Зоомагазины,,,,,,,,,,,Нет,,,,,,,,,,,,,,,Несколько раз в неделю,Несколько раз в неделю,"Среднее профессиональное (техникум, колледж, ПТУ)",Среднее,"Работаю по договору, контракту в найме (за исключением находящихся в декретном отпуске, подрабатывающих студентов, пе...","Я работаю в БЮДЖЕТНОЙ организации, которая безвозмездно оказывает услуги населению (детский сад, общеобразовательная,...","Образование, наука Включает в том числе: ясли, детский сад, школа, ССУЗ, вуз, научно-исследовательские институты, центры",0.6023675278761343
07d01550150ce39e,Мужской,72.0,Южный федеральный округ,Город с численностью от 500 тысяч до 950 тысяч,"Нет, домашних животных нет",,,,,,,,,,,,,,,,,,,,,,,,,,Ничего не беспокоило,,,,,,,,,,,,,Несколько раз в месяц,Eжедневно менее четырех часов в день,Среднее общее (10 или 11 классов школы с аттестатом),Затрудняюсь ответить,Неработающий пенсионер (в том числе по инвалидности),,,0.6023675278761343
07d016032e4ce61e,Мужской,60.0,Южный федеральный округ,Город с численностью от 500 тысяч до 950 тысяч,Беспородная кошка,Породистая собака,,,,,,,,,,,Ветеринарные клиники,Зоомагазины,,,,,,,,,,,Нет,4,,,,,,,,,,,,,,Ежедневно менее четырех часов в день,Eжедневно менее четырех часов в день,"Среднее профессиональное (техникум, колледж, ПТУ)",Среднее,Самозанятый,,"Строительство Включает в том числе: архитектура, проектирование, дизайн интерьера",0.6023675278761343
07cfe90e554ce050,Мужской,75.0,Северо-Кавказский федеральный округ,Город с численностью от 500 тысяч до 950 тысяч,"Нет, домашних животных нет",,,,,,,,,,,,,,,,,,,,,,,,,,Ничего не беспокоило,,,,,,,,,,,,,Ежедневно менее четырех часов в день,Не пользуюсь,"Среднее профессиональное (техникум, колледж, ПТУ)",Среднее,Работающий пенсионер,"Я работаю в КОММЕРЧЕСКОЙ организации, ее цель – получить прибыль (например, магазин, завод, фермерское хозяйство, АО/...","Промышленность, производство (в т.ч. добывающие, обрабатывающие отрасли, энергетика) Включает в том числе: Завод, ком...",0.6994809217623714
07cff9f4f58ce44c,Мужской,64.0,Северо-Кавказский федеральный округ,Город с численностью от 500 тысяч до 950 тысяч,"Нет, домашних животных нет",,,,,,,,,,,,,,,,,,,,,,,,,,Ничего не беспокоило,,,,,,,,,,,,,Несколько раз в неделю,Eжедневно менее четырех часов в день,"Два и более высших образования, ученая степень кандидата или доктора наук",Среднее,Неработающий пенсионер (в том числе по инвалидности),,,0.5608152052513978
07d02702f78ceca3,Мужской,71.0,Северо-Кавказский федеральный округ,Город с численностью от 500 тысяч до 950 тысяч,"Домашний скот (куры, коровы, козы и т.п.) (из другого)",,,,,,,,,,,,Ничего,,,,,,,,,,,,Не бываю с питомцем в общественных местах,,,,,,,,,,,,,,,Ежедневно менее четырех часов в день,Eжедневно менее четырех часов в день,Незаконченное высшее (с 3-го курса вуза) или законченное высшее,Среднее,Работающий пенсионер,"Я работаю в КОММЕРЧЕСКОЙ организации, ее цель – получить прибыль (например, магазин, завод, фермерское хозяйство, АО/...","Сфера услуг, сервиса, бытового обслуживания Включает в том числе: Прачечная/химчистка, ремонт мебели, часов, ювелирны...",0.5608152052513978
07cfe10a374ce3bf,Мужской,60.0,Приволжский федеральный округ,Город с численностью от 500 тысяч до 950 тысяч,"Нет, домашних животных нет",,,,,,,,,,,,,,,,,,,,,,,,,,Ничего не беспокоило,,,,,,,,,,,,,Ежедневно менее четырех часов в день,Eжедневно менее четырех часов в день,"Два и более высших образования, ученая степень кандидата или доктора наук",Хорошее,"Предприниматель, собственник бизнеса",,"Сфера услуг, сервиса, бытового обслуживания Включает в том числе: Прачечная/химчистка, ремонт мебели, часов, ювелирны...",0.6011166275587909
07cfe8d9704ce0dc,Мужской,72.0,Приволжский федеральный округ,Город с численностью от 500 тысяч до 950 тысяч,"Нет, домашних животных нет",,,,,,,,,,,,,,,,,,,,,,,,,,Большое количество бродячих собак (из другого),,,,,,,,,,,,,Ежедневно менее четырех часов в день,Несколько раз в неделю,Незаконченное высшее (с 3-го курса вуза) или законченное высшее,Хорошее,Неработающий пенсионер (в том числе по инвалидности),,,0.6011166275587909
07cff83ce70ce855,Мужской,67.0,Приволжский федеральный округ,Город с численностью от 500 тысяч до 950 тысяч,"Нет, домашних животных нет",,,,,,,,,,,,,,,,,,,,,,,,,,Ничего не беспокоило,,,,,,,,,,,,,Несколько раз в неделю,Eжедневно менее четырех часов в день,Незаконченное высшее (с 3-го курса вуза) или законченное высшее,Среднее,Работающий пенсионер,"Я работаю в КОММЕРЧЕСКОЙ организации, ее цель – получить прибыль (например, магазин, завод, фермерское хозяйство, АО/...","Строительство Включает в том числе: архитектура, проектирование, дизайн интерьера",0.6011166275587909
07d01576938ceb12,Мужской,75.0,Приволжский федеральный округ,Город с численностью от 500 тысяч до 950 тысяч,"Нет, домашних животных нет",,,,,,,,,,,,,,,,,,,,,,,,,,Ничего не беспокоило,,,,,,,,,,,,,Ежедневно менее четырех часов в день,Провожу в интернете более четырех часов ежедневно,Незаконченное высшее (с 3-го курса вуза) или законченное высшее,Среднее,Неработающий пенсионер (в том числе по инвалидности),,,0.6011166275587909
07cfc362030ce4e7,Мужской,68.0,Уральский федеральный округ,Город с численностью от 500 тысяч до 950 тысяч,Породистая собака,Породистая кошка,"Домашний скот (куры, коровы, козы и т.п.) (из другого)",,,,,,,,,,Ничего,,,,,,,,,,,,Не бываю с питомцем в общественных местах,1 – совершенно не удовлетворен,,,,,,,,,,,,,,Смотрю более четырех часов ежедневно,Не пользуюсь,Основное общее образование: окончил 9 (раньше 8) классов,Среднее,Неработающий пенсионер (в том числе по инвалидности),,,0.6175383650661898
07cfd1dcb24ceb06,Мужской,69.0,Уральский федеральный округ,Город с численностью от 500 тысяч до 950 тысяч,"Нет, домашних животных нет",,,,,,,,,,,,,,,,,,,,,,,,,,Выгул агрессивных собак без намордника,Отсутствие уборки за собаками во дворе,,,,,,,,,,,,Смотрю более четырех часов ежедневно,Не пользуюсь,Среднее общее (10 или 11 классов школы с аттестатом),Среднее,Неработающий пенсионер (в том числе по инвалидности),,,0.6175383650661898
07cfbb32b00ceeda,Мужской,60.0,Уральский федеральный округ,Город с численностью от 500 тысяч до 950 тысяч,Беспородная кошка,Беспородная собака,,,,,,,,,,,Специально огороженные площадки для выгула или занятий домашних животных,Зоомагазины,Ветеринарные клиники,,,,,,,,,,Нет,4,,,,,,,,,,,,,,Несколько раз в неделю,Eжедневно менее четырех часов в день,Незаконченное высшее (с 3-го курса вуза) или законченное высшее,Плохое,"Работаю по договору, контракту в найме (за исключением находящихся в декретном отпуске, подрабатывающих студентов, пе...","Я работаю в КОММЕРЧЕСКОЙ организации, ее цель – получить прибыль (например, магазин, завод, фермерское хозяйство, АО/...","Промышленность, производство (в т.ч. добывающие, обрабатывающие отрасли, энергетика) Включает в том числе: Завод, ком...",0.5466566865185332
07cfb90f520cefb7,Мужской,79.0,Уральский федеральный округ,Город с численностью от 500 тысяч до 950 тысяч,"Нет, домашних животных нет",,,,,,,,,,,,,,,,,,,,,,,,,,Ничего не беспокоило,,,,,,,,,,,,,Ежедневно менее четырех часов в день,Не пользуюсь,Незаконченное высшее (с 3-го курса вуза) или законченное высшее,Хорошее,Неработающий пенсионер (в том числе по инвалидности),,,0.5466566865185332
07cfc80e110ce1b8,Мужской,68.0,Сибирский федеральный округ,Город с численностью от 500 тысяч до 950 тысяч,"Нет, домашних животных нет",,,,,,,,,,,,,,,,,,,,,,,,,,Громкий лай в позднее или раннее время,Агрессивное поведение собак по отношению к другим животным,"Отсутствие уборки за собаками в доме (в лифте, в подъезде)",Выгул агрессивных собак без намордника,,,,,,,,,,Смотрю более четырех часов ежедневно,Несколько раз в неделю,"Среднее профессиональное (техникум, колледж, ПТУ)",Среднее,Работающий пенсионер,"Я работаю в БЮДЖЕТНОЙ организации, которая безвозмездно оказывает услуги населению (детский сад, общеобразовательная,...","Здравоохранение Включает в том числе: поликлиники, медицинские центры, больницы, стационары,  «Скорая помощь», санатории",0.6158781037509975
07cfd68edf4ce71d,Мужской,71.0,Сибирский федеральный округ,Город с численностью от 500 тысяч до 950 тысяч,Аквариумные рыбки,,,,,,,,,,,,Зоомагазины,Стойки с пакетами для уборки за собаками,,,,,,,,,,,Не бываю с питомцем в общественных местах,,,,,,,,,,,,,,,Не смотрю,Eжедневно менее четырех часов в день,Среднее общее (10 или 11 классов школы с аттестатом),Среднее,Неработающий пенсионер (в том числе по инвалидности),,,0.6158781037509975
07cfdc06efcce7da,Мужской,64.0,Сибирский федеральный округ,Город с численностью от 500 тысяч до 950 тысяч,Породистая собака,,,,,,,,,,,,Ветеринарные клиники,Зоомагазины,Специально огороженные площадки для выгула или занятий домашних животных,"Магазины, в которых можно находиться с животными","Кафе, в которых можно находиться с животными",Стойки с пакетами для уборки за собаками,ГрУминг-салоны (уход за животными),Специализированные урны для утилизации отходов жизнедеятельности собак,,,,,"Да, время от времени",3,,,,,,,,,,,,,,Смотрю более четырех часов ежедневно,Провожу в интернете более четырех часов ежедневно,"Среднее профессиональное (техникум, колледж, ПТУ)",Среднее,Неработающий пенсионер (в том числе по инвалидности),,,0.6158781037509975
07cfbc7ecb8ceda7,Мужской,70.0,Сибирский федеральный округ,Город с численностью от 500 тысяч до 950 тысяч,"Нет, домашних животных нет",,,,,,,,,,,,,,,,,,,,,,,,,,Выгул в неположенных местах,Отсутствие уборки за собаками во дворе,,,,,,,,,,,,Не смотрю,Провожу в интернете более четырех часов ежедневно,Незаконченное высшее (с 3-го курса вуза) или законченное высшее,Среднее,Неработающий пенсионер (в том числе по инвалидности),,,0.598471539279215
07cfd31ac58ced8c,Мужской,77.0,Сибирский федеральный округ,Город с численностью от 500 тысяч до 950 тысяч,"Нет, домашних животных нет",,,,,,,,,,,,,,,,,,,,,,,,,,Ничего не беспокоило,,,,,,,,,,,,,Смотрю более четырех часов ежедневно,Eжедневно менее четырех часов в день,"Два и более высших образования, ученая степень кандидата или доктора наук",Хорошее,Неработающий пенсионер (в том числе по инвалидности),,,0.598471539279215
07cfc4bc518ce00a,Мужской,60.0,Дальневосточный федеральный округ,Город с численностью от 500 тысяч до 950 тысяч,Породистая собака,Беспородная собака,Породистая кошка,,,,,,,,,,Ничего,,,,,,,,,,,,"Да, часто",5- полностью удовлетворен,,,,,,,,,,,,,,"Редко, но не менее одного раза в полгода",Провожу в интернете более четырех часов ежедневно,"Два и более высших образования, ученая степень кандидата или доктора наук",Среднее,Работающий пенсионер,"Я работаю в КОММЕРЧЕСКОЙ организации, ее цель – получить прибыль (например, магазин, завод, фермерское хозяйство, АО/...","Транспортировка и хранение (складское хозяйство) Включает в том числе: Перевозка грузов, ж/д, авиа, водный, космическ...",0.7576871225675931
07d009725a8ce44c,Мужской,86.0,Центральный федеральный округ,Город с численностью жителей миллион и более человек,"Нет, домашних животных нет",,,,,,,,,,,,,,,,,,,,,,,,,,"Отсутствие уборки за собаками в доме (в лифте, в подъезде)",Выгул в неположенных местах,Громкий лай в позднее или раннее время,,,,,,,,,,,Ежедневно менее четырех часов в день,Провожу в интернете более четырех часов ежедневно,"Среднее профессиональное (техникум, колледж, ПТУ)",Среднее,Неработающий пенсионер (в том числе по инвалидности),,,0.8378482857353464
07d01759694ceaa3,Мужской,74.0,Центральный федеральный округ,Город с численностью жителей миллион и более человек,Беспородная собака,,,,,,,,,,,,"Кафе, в которых можно находиться с животными",Зоомагазины,ГрУминг-салоны (уход за животными),Лапомойки в доме,"Магазины, в которых можно находиться с животными",Специально огороженные площадки для выгула или занятий домашних животных,Стойки с пакетами для уборки за собаками,Специализированные урны для утилизации отходов жизнедеятельности собак,Ветеринарные клиники,,,,Не бываю с питомцем в общественных местах,3,,,,,,,,,,,,,,Ежедневно менее четырех часов в день,Провожу в интернете более четырех часов ежедневно,"Среднее профессиональное (техникум, колледж, ПТУ)",Среднее,Работающий пенсионер,"Я работаю в КОММЕРЧЕСКОЙ организации, ее цель – получить прибыль (например, магазин, завод, фермерское хозяйство, АО/...","Средства массовой информации (в т.ч. журналистика, блогерство, реклама, СММ)  Включает в том числе: Издательство печа...",0.8378482857353464
07cfd916894ce138,Мужской,64.0,Центральный федеральный округ,Город с численностью жителей миллион и более человек,"Нет, домашних животных нет",,,,,,,,,,,,,,,,,,,,,,,,,,Самовыгул собак (без поводка),Выгул агрессивных собак без намордника,Выгул в неположенных местах,,,,,,,,,,,Ежедневно менее четырех часов в день,Несколько раз в неделю,"Два и более высших образования, ученая степень кандидата или доктора наук",Среднее,Неработающий пенсионер (в том числе по инвалидности),,,0.8222017356745553
07d0046a440ce85f,Мужской,64.0,Центральный федеральный округ,Город с численностью жителей миллион и более человек,"Нет, домашних животных нет",,,,,,,,,,,,,,,,,,,,,,,,,,Ничего не беспокоило,,,,,,,,,,,,,Ежедневно менее четырех часов в день,Eжедневно менее четырех часов в день,"Два и более высших образования, ученая степень кандидата или доктора наук",Хорошее,Работающий пенсионер,"Я работаю в БЮДЖЕТНОЙ организации, которая безвозмездно оказывает услуги населению (детский сад, общеобразовательная,...","Образование, наука Включает в том числе: ясли, детский сад, школа, ССУЗ, вуз, научно-исследовательские институты, центры",0.8222017356745553
07d00a5be1cce1e4,Мужской,84.0,Центральный федеральный округ,Город с численностью жителей миллион и более человек,"Нет, домашних животных нет",,,,,,,,,,,,,,,,,,,,,,,,,,Выгул агрессивных собак без намордника,Другое,,,,,,,,,,,,Ежедневно менее четырех часов в день,Не пользуюсь,Незаконченное высшее (с 3-го курса вуза) или законченное высшее,Среднее,Неработающий пенсионер (в том числе по инвалидности),,,0.8222017356745553
07d0084da00ce794,Мужской,79.0,Центральный федеральный округ,Город с численностью жителей миллион и более человек,"Нет, домашних животных нет",,,,,,,,,,,,,,,,,,,,,,,,,,Ничего не беспокоило,,,,,,,,,,,,,Ежедневно менее четырех часов в день,Eжедневно менее четырех часов в день,"Два и более высших образования, ученая степень кандидата или доктора наук",Среднее,Неработающий пенсионер (в том числе по инвалидности),,,0.8222017356745553
07d00ab0960ce21d,Мужской,77.0,Центральный федеральный округ,Город с численностью жителей миллион и более человек,"Нет, домашних животных нет",,,,,,,,,,,,,,,,,,,,,,,,,,Громкий лай в позднее или раннее время,Выгул в неположенных местах,,,,,,,,,,,,Смотрю более четырех часов ежедневно,Провожу в интернете более четырех часов ежедневно,Незаконченное высшее (с 3-го курса вуза) или законченное высшее,Плохое,Неработающий пенсионер (в том числе по инвалидности),,,0.8222017356745553
07d00e8dd34ce730,Мужской,72.0,Центральный федеральный округ,Город с численностью жителей миллион и более человек,"Нет, домашних животных нет",,,,,,,,,,,,,,,,,,,,,,,,,,Ничего не беспокоило,,,,,,,,,,,,,Не смотрю,Несколько раз в месяц,"Два и более высших образования, ученая степень кандидата или доктора наук",Хорошее,Неработающий пенсионер (в том числе по инвалидности),,,0.8222017356745553
07d00e68d34ceef7,Мужской,60.0,Центральный федеральный округ,Город с численностью жителей миллион и более человек,Беспородная кошка,,,,,,,,,,,,Зоомагазины,,,,,,,,,,,,Нет,,,,,,,,,,,,,,,Несколько раз в месяц,Eжедневно менее четырех часов в день,Незаконченное высшее (с 3-го курса вуза) или законченное высшее,Плохое,Самозанятый,,"Образование, наука Включает в том числе: ясли, детский сад, школа, ССУЗ, вуз, научно-исследовательские институты, центры",0.8222017356745553
07d02616becce31c,Мужской,60.0,Центральный федеральный округ,Город с численностью жителей миллион и более человек,Беспородная кошка,,,,,,,,,,,,Ветеринарные клиники,Зоомагазины,,,,,,,,,,,"Да, время от времени",,,,,,,,,,,,,,,Не смотрю,Провожу в интернете более четырех часов ежедневно,"Два и более высших образования, ученая степень кандидата или доктора наук",Очень хорошее,"Работаю по договору, контракту в найме (за исключением находящихся в декретном отпуске, подрабатывающих студентов, пе...","Я работаю в КОММЕРЧЕСКОЙ организации, ее цель – получить прибыль (например, магазин, завод, фермерское хозяйство, АО/...","Торговля (оптовая, розничная, онлайн продажи; в т.ч. - недвижимость) Включает в том числе: Магазин, автосалон, аукцио...",0.8222017356745553
07d026748a8cebdd,Мужской,73.0,Центральный федеральный округ,Город с численностью жителей миллион и более человек,"Нет, домашних животных нет",,,,,,,,,,,,,,,,,,,,,,,,,,Ничего не беспокоило,,,,,,,,,,,,,Несколько раз в неделю,Несколько раз в неделю,Незаконченное высшее (с 3-го курса вуза) или законченное высшее,Плохое,Неработающий пенсионер (в том числе по инвалидности),,,0.8222017356745553
07d029147d0ced5b,Мужской,72.0,Центральный федеральный округ,Город с численностью жителей миллион и более человек,"Нет, домашних животных нет",,,,,,,,,,,,,,,,,,,,,,,,,,Отсутствие уборки за собаками во дворе,,,,,,,,,,,,,Ежедневно менее четырех часов в день,Провожу в интернете более четырех часов ежедневно,"Два и более высших образования, ученая степень кандидата или доктора наук",Среднее,Работающий пенсионер,"Я работаю в БЮДЖЕТНОЙ организации, которая безвозмездно оказывает услуги населению (детский сад, общеобразовательная,...","Образование, наука Включает в том числе: ясли, детский сад, школа, ССУЗ, вуз, научно-исследовательские институты, центры",0.8222017356745553
07d030da0f8ce582,Мужской,75.0,Центральный федеральный округ,Город с численностью жителей миллион и более человек," Мелкие животные (хомячки, морские свинки, черепашки и т.п.)",,,,,,,,,,,,Затрудняюсь ответить,,,,,,,,,,,,Нет,,,,,,,,,,,,,,,Несколько раз в неделю,Eжедневно менее четырех часов в день,Незаконченное высшее (с 3-го курса вуза) или законченное высшее,Среднее,Неработающий пенсионер (в том числе по инвалидности),,,0.8222017356745553
07d03b47ea4ceb91,Мужской,60.0,Центральный федеральный округ,Город с численностью жителей миллион и более человек,"Нет, домашних животных нет",,,,,,,,,,,,,,,,,,,,,,,,,,Ничего не беспокоило,,,,,,,,,,,,,Ежедневно менее четырех часов в день,Провожу в интернете более четырех часов ежедневно,Незаконченное высшее (с 3-го курса вуза) или законченное высшее,Среднее,"Работаю по договору, контракту в найме (за исключением находящихся в декретном отпуске, подрабатывающих студентов, пе...","Я работаю в БЮДЖЕТНОЙ организации, которая безвозмездно оказывает услуги населению (детский сад, общеобразовательная,...","Финансовая и страховая деятельность, банковские услуги Включает в том числе: Банк, инвестиционный фонд, финансовая ар...",0.8222017356745553
07d04187ba0ceabd,Мужской,68.0,Центральный федеральный округ,Город с численностью жителей миллион и более человек,"Нет, домашних животных нет",,,,,,,,,,,,,,,,,,,,,,,,,,Ничего не беспокоило,,,,,,,,,,,,,Несколько раз в неделю,Провожу в интернете более четырех часов ежедневно,Незаконченное высшее (с 3-го курса вуза) или законченное высшее,Плохое,Неработающий пенсионер (в том числе по инвалидности),,,0.8222017356745553
07cfe3b1254ceb89,Мужской,74.0,Центральный федеральный округ,Город с численностью жителей миллион и более человек," Мелкие животные (хомячки, морские свинки, черепашки и т.п.)",Беспородная кошка,Породистая кошка,,,,,,,,,,"Магазины, в которых можно находиться с животными",Зоомагазины,,,,,,,,,,,Нет,,,,,,,,,,,,,,,Несколько раз в месяц,Не пользуюсь,Незаконченное высшее (с 3-го курса вуза) или законченное высшее,Хорошее,Неработающий пенсионер (в том числе по инвалидности),,,0.6678453333649651
07d01a49dbcce7be,Мужской,60.0,Центральный федеральный округ,Город с численностью жителей миллион и более человек,"Нет, домашних животных нет",,,,,,,,,,,,,,,,,,,,,,,,,,Ничего не беспокоило,,,,,,,,,,,,,Ежедневно менее четырех часов в день,Eжедневно менее четырех часов в день,Незаконченное высшее (с 3-го курса вуза) или законченное высшее,Среднее,Работающий пенсионер,"Я работаю в КОММЕРЧЕСКОЙ организации, ее цель – получить прибыль (например, магазин, завод, фермерское хозяйство, АО/...",Другое (укажите),0.6678453333649651
07cfd9ed4d8cefd2,Мужской,77.0,Северо-Западный федеральный округ,Город с численностью жителей миллион и более человек,"Нет, домашних животных нет",,,,,,,,,,,,,,,,,,,,,,,,,,Ничего не беспокоило,,,,,,,,,,,,,Ежедневно менее четырех часов в день,Не пользуюсь,"Среднее профессиональное (техникум, колледж, ПТУ)",Среднее,Работающий пенсионер,"Я работаю в КОММЕРЧЕСКОЙ организации, ее цель – получить прибыль (например, магазин, завод, фермерское хозяйство, АО/...","Промышленность, производство (в т.ч. добывающие, обрабатывающие отрасли, энергетика) Включает в том числе: Завод, ком...",0.6883085904892614
07cfe5c3f8ccefca,Мужской,66.0,Северо-Западный федеральный округ,Город с численностью жителей миллион и более человек,Породистая собака,,,,,,,,,,,,Ветеринарные клиники,,,,,,,,,,,,Нет,2,,,,,,,,,,,,,,Ежедневно менее четырех часов в день,Eжедневно менее четырех часов в день,Среднее общее (10 или 11 классов школы с аттестатом),Среднее,Работающий пенсионер,"Я работаю в БЮДЖЕТНОЙ организации, которая безвозмездно оказывает услуги населению (детский сад, общеобразовательная,...","Культура, искусство, спорт Включает в том числе: дома культуры, дома народного творчества, музеи, библиотеки,  концер...",0.6883085904892614
07cfd92e330ce8e6,Мужской,73.0,Северо-Западный федеральный округ,Город с численностью жителей миллион и более человек,"Нет, домашних животных нет",,,,,,,,,,,,,,,,,,,,,,,,,,Самовыгул собак (без поводка),,,,,,,,,,,,,Не смотрю,Eжедневно менее четырех часов в день,Незаконченное высшее (с 3-го курса вуза) или законченное высшее,Среднее,Работающий пенсионер,"Я работаю в КОММЕРЧЕСКОЙ организации, ее цель – получить прибыль (например, магазин, завод, фермерское хозяйство, АО/...",Другое (укажите),0.6754546466408109
07cff5f9d28ce1c3,Мужской,63.0,Северо-Западный федеральный округ,Город с численностью жителей миллион и более человек,"Нет, домашних животных нет",,,,,,,,,,,,,,,,,,,,,,,,,,Выгул в неположенных местах,,,,,,,,,,,,,Смотрю более четырех часов ежедневно,Eжедневно менее четырех часов в день,Незаконченное высшее (с 3-го курса вуза) или законченное высшее,Среднее,Работающий пенсионер,"Я работаю в КОММЕРЧЕСКОЙ организации, ее цель – получить прибыль (например, магазин, завод, фермерское хозяйство, АО/...","Промышленность, производство (в т.ч. добывающие, обрабатывающие отрасли, энергетика) Включает в том числе: Завод, ком...",0.6754546466408109
07d0183ecc8ceca6,Мужской,60.0,Северо-Западный федеральный округ,Город с численностью жителей миллион и более человек,"Нет, домашних животных нет",,,,,,,,,,,,,,,,,,,,,,,,,,Ничего не беспокоило,,,,,,,,,,,,,Несколько раз в неделю,Eжедневно менее четырех часов в день,Незаконченное высшее (с 3-го курса вуза) или законченное высшее,Очень плохое,Работающий пенсионер,"Я работаю в КОММЕРЧЕСКОЙ организации, ее цель – получить прибыль (например, магазин, завод, фермерское хозяйство, АО/...","Транспортировка и хранение (складское хозяйство) Включает в том числе: Перевозка грузов, ж/д, авиа, водный, космическ...",0.6754546466408109
07d026c58ecce529,Мужской,63.0,Северо-Западный федеральный округ,Город с численностью жителей миллион и более человек,"Нет, домашних животных нет",,,,,,,,,,,,,,,,,,,,,,,,,,Ничего не беспокоило,,,,,,,,,,,,,Не смотрю,Провожу в интернете более четырех часов ежедневно,"Два и более высших образования, ученая степень кандидата или доктора наук",Очень хорошее,(НЕ ЗАЧИТЫВАТЬ) Затрудняюсь ответить,,,0.6754546466408109
07d0287f88ccec88,Мужской,65.0,Северо-Западный федеральный округ,Город с численностью жителей миллион и более человек,"Нет, домашних животных нет",,,,,,,,,,,,,,,,,,,,,,,,,,Ничего не беспокоило,,,,,,,,,,,,,Не смотрю,Провожу в интернете более четырех часов ежедневно,"Два и более высших образования, ученая степень кандидата или доктора наук",Среднее,Работающий пенсионер,"Я работаю в КОММЕРЧЕСКОЙ организации, ее цель – получить прибыль (например, магазин, завод, фермерское хозяйство, АО/...","Образование, наука Включает в том числе: ясли, детский сад, школа, ССУЗ, вуз, научно-исследовательские институты, центры",0.6754546466408109
07d03815a8cce336,Мужской,74.0,Северо-Западный федеральный округ,Город с численностью жителей миллион и более человек,Породистая собака,,,,,,,,,,,,Специально огороженные площадки для выгула или занятий домашних животных,Зоомагазины,,,,,,,,,,,Нет,,,,,,,,,,,,,,,Ежедневно менее четырех часов в день,Не пользуюсь,Незаконченное высшее (с 3-го курса вуза) или законченное высшее,Хорошее,Неработающий пенсионер (в том числе по инвалидности),,,0.6754546466408109
07d039a7eccce812,Мужской,66.0,Северо-Западный федеральный округ,Город с численностью жителей миллион и более человек,Беспородная кошка,Породистая кошка,,,,,,,,,,,Ветеринарные клиники,Зоомагазины,,,,,,,,,,,Нет,,,,,,,,,,,,,,,Смотрю более четырех часов ежедневно,Несколько раз в неделю,"Два и более высших образования, ученая степень кандидата или доктора наук",Хорошее,Работающий пенсионер,"Я работаю в БЮДЖЕТНОЙ организации, которая безвозмездно оказывает услуги населению (детский сад, общеобразовательная,...","Культура, искусство, спорт Включает в том числе: дома культуры, дома народного творчества, музеи, библиотеки,  концер...",0.6754546466408109
07d015ae098ce4fa,Мужской,67.0,Южный федеральный округ,Город с численностью жителей миллион и более человек,"Нет, домашних животных нет",,,,,,,,,,,,,,,,,,,,,,,,,,Ничего не беспокоило,,,,,,,,,,,,,Смотрю более четырех часов ежедневно,Eжедневно менее четырех часов в день,"Среднее профессиональное (техникум, колледж, ПТУ)",Среднее,Неработающий пенсионер (в том числе по инвалидности),,,0.7235959367848577
07cfeae8d34ce668,Мужской,65.0,Приволжский федеральный округ,Город с численностью жителей миллион и более человек,"Нет, домашних животных нет",,,,,,,,,,,,,,,,,,,,,,,,,,Ничего не беспокоило,,,,,,,,,,,,,Смотрю более четырех часов ежедневно,Eжедневно менее четырех часов в день,"Среднее профессиональное (техникум, колледж, ПТУ)",Среднее,Неработающий пенсионер (в том числе по инвалидности),,,0.7073448229076856
07d00a5e980ce2e9,Мужской,70.0,Приволжский федеральный округ,Город с численностью жителей миллион и более человек,Аквариумные рыбки,,,,,,,,,,,,Ничего,,,,,,,,,,,,Не бываю с питомцем в общественных местах,,,,,,,,,,,,,,,Смотрю более четырех часов ежедневно,Не пользуюсь,(НЕ ЗАЧИТЫВАТЬ) Нет основного общего образования: не окончил 9 (раньше 8) классов,Среднее,Неработающий пенсионер (в том числе по инвалидности),,,0.7073448229076856
07cfd9f7608ce294,Мужской,77.0,Приволжский федеральный округ,Город с численностью жителей миллион и более человек,"Нет, домашних животных нет",,,,,,,,,,,,,,,,,,,,,,,,,,Ничего не беспокоило,,,,,,,,,,,,,Смотрю более четырех часов ежедневно,Eжедневно менее четырех часов в день,"Два и более высших образования, ученая степень кандидата или доктора наук",Среднее,Работающий пенсионер,"Я работаю в БЮДЖЕТНОЙ организации, которая безвозмездно оказывает услуги населению (детский сад, общеобразовательная,...","Образование, наука Включает в том числе: ясли, детский сад, школа, ССУЗ, вуз, научно-исследовательские институты, центры",0.7220932887418198
07cfe3be414cef86,Мужской,74.0,Приволжский федеральный округ,Город с численностью жителей миллион и более человек,"Нет, домашних животных нет",,,,,,,,,,,,,,,,,,,,,,,,,,Выгул собак на длинном поводке,"Укусы, нападения собак на людей",Самовыгул собак (без поводка),Выгул агрессивных собак без намордника,Отсутствие уборки за собаками во дворе,Выгул в неположенных местах,,,,,,,,Смотрю более четырех часов ежедневно,Не пользуюсь,Незаконченное высшее (с 3-го курса вуза) или законченное высшее,Среднее,Работающий пенсионер,"Я работаю в КОММЕРЧЕСКОЙ организации, ее цель – получить прибыль (например, магазин, завод, фермерское хозяйство, АО/...","Строительство Включает в том числе: архитектура, проектирование, дизайн интерьера",0.7220932887418198
07cfe6df54cced0d,Мужской,66.0,Приволжский федеральный округ,Город с численностью жителей миллион и более человек,"Нет, домашних животных нет",,,,,,,,,,,,,,,,,,,,,,,,,,Отсутствие уборки за собаками во дворе,,,,,,,,,,,,,Смотрю более четырех часов ежедневно,Несколько раз в неделю,Незаконченное высшее (с 3-го курса вуза) или законченное высшее,Среднее,Неработающий пенсионер (в том числе по инвалидности),,,0.7220932887418198
07cfe6f4164ce2da,Мужской,63.0,Приволжский федеральный округ,Город с численностью жителей миллион и более человек,Беспородная кошка,,,,,,,,,,,,Затрудняюсь ответить,,,,,,,,,,,,Не бываю с питомцем в общественных местах,,,,,,,,,,,,,,,Ежедневно менее четырех часов в день,Eжедневно менее четырех часов в день,Незаконченное высшее (с 3-го курса вуза) или законченное высшее,Плохое,Неработающий пенсионер (в том числе по инвалидности),,,0.7220932887418198
07cfee9bae8cea55,Мужской,64.0,Приволжский федеральный округ,Город с численностью жителей миллион и более человек,Беспородная кошка,,,,,,,,,,,,Ветеринарные клиники,Зоомагазины,,,,,,,,,,,Не бываю с питомцем в общественных местах,,,,,,,,,,,,,,,Несколько раз в неделю,Eжедневно менее четырех часов в день,"Два и более высших образования, ученая степень кандидата или доктора наук",Плохое,Самозанятый,,"Информационные технологии, связь, интернет Включает в том числе: Программирование /создание программного обеспечения,...",0.7220932887418198
07d002a5f44ce6bc,Мужской,63.0,Приволжский федеральный округ,Город с численностью жителей миллион и более человек,Беспородная кошка,,,,,,,,,,,,Ничего,,,,,,,,,,,,Нет,,,,,,,,,,,,,,,Несколько раз в неделю,Eжедневно менее четырех часов в день,Незаконченное высшее (с 3-го курса вуза) или законченное высшее,Хорошее,"Предприниматель, собственник бизнеса",,"Информационные технологии, связь, интернет Включает в том числе: Программирование /создание программного обеспечения,...",0.7220932887418198
07cfd995a34ce775,Мужской,60.0,Уральский федеральный округ,Город с численностью жителей миллион и более человек,Породистая кошка,,,,,,,,,,,,Зоомагазины,ГрУминг-салоны (уход за животными),Ветеринарные клиники,"Магазины, в которых можно находиться с животными",,,,,,,,,"Да, время от времени",,,,,,,,,,,,,,,Ежедневно менее четырех часов в день,Провожу в интернете более четырех часов ежедневно,"Среднее профессиональное (техникум, колледж, ПТУ)",Среднее,Работающий пенсионер,"Я работаю в КОММЕРЧЕСКОЙ организации, ее цель – получить прибыль (например, магазин, завод, фермерское хозяйство, АО/...",Другое (укажите),0.7418199539178094
07cfd30cbbcce9e4,Мужской,60.0,Сибирский федеральный округ,Город с численностью жителей миллион и более человек,Беспородная собака,Беспородная кошка,,,,,,,,,,,Специализированные урны для утилизации отходов жизнедеятельности собак,,,,,,,,,,,,Нет,"Животное не требует выгула, не могу оценить",,,,,,,,,,,,,,Ежедневно менее четырех часов в день,Провожу в интернете более четырех часов ежедневно,"Среднее профессиональное (техникум, колледж, ПТУ)",Среднее,"Работаю по договору, контракту в найме (за исключением находящихся в декретном отпуске, подрабатывающих студентов, пе...","Я работаю в БЮДЖЕТНОЙ организации, которая безвозмездно оказывает услуги населению (детский сад, общеобразовательная,...","Сфера услуг, сервиса, бытового обслуживания Включает в том числе: Прачечная/химчистка, ремонт мебели, часов, ювелирны...",0.739825559655041
07cfe07df34ce980,Мужской,69.0,Сибирский федеральный округ,Город с численностью жителей миллион и более человек,"Нет, домашних животных нет",,,,,,,,,,,,,,,,,,,,,,,,,,Отсутствие уборки за собаками во дворе,Выгул собак на длинном поводке,,,,,,,,,,,,Смотрю более четырех часов ежедневно,Не пользуюсь,Среднее общее (10 или 11 классов школы с аттестатом),Среднее,Неработающий пенсионер (в том числе по инвалидности),,,0.739825559655041
07cfc23d0e8ce6aa,Мужской,68.0,Сибирский федеральный округ,Город с численностью жителей миллион и более человек,Беспородная кошка,,,,,,,,,,,,Ветеринарные клиники,Зоомагазины,"Магазины, в которых можно находиться с животными",,,,,,,,,,"Да, время от времени",,,,,,,,,,,,,,,Ежедневно менее четырех часов в день,Провожу в интернете более четырех часов ежедневно,Незаконченное высшее (с 3-го курса вуза) или законченное высшее,Хорошее,Неработающий пенсионер (в том числе по инвалидности),,,0.7189158679099121
07cfd8fef60ceb08,Мужской,72.0,Сибирский федеральный округ,Город с численностью жителей миллион и более человек,Породистая собака,,,,,,,,,,,,Ветеринарные клиники,Специально огороженные площадки для выгула или занятий домашних животных,Зоомагазины,,,,,,,,,,"Да, время от времени",5- полностью удовлетворен,,,,,,,,,,,,,,Смотрю более четырех часов ежедневно,Eжедневно менее четырех часов в день,"Два и более высших образования, ученая степень кандидата или доктора наук",Хорошее,Самозанятый,,Другое (укажите),0.7189158679099121
07cfd749cdccea30,Женский,21.0,Южный федеральный округ,Село,Другое,,,,,,,,,,,,Ничего,,,,,,,,,,,,Нет,,,,,,,,,,,,,,,Несколько раз в неделю,Провожу в интернете более четырех часов ежедневно,"Среднее профессиональное (техникум, колледж, ПТУ)",Хорошее,"Неработающий учащийся, студент",,,2.9077820995403894
07d00c08098ced9d,Женский,24.0,Северо-Кавказский федеральный округ,Село,Породистая кошка,,,,,,,,,,,,Ничего,,,,,,,,,,,,Нет,,,,,,,,,,,,,,,Несколько раз в неделю,Провожу в интернете более четырех часов ежедневно,"Два и более высших образования, ученая степень кандидата или доктора наук",Среднее,"Работаю по договору, контракту в найме (за исключением находящихся в декретном отпуске, подрабатывающих студентов, пе...","Я работаю в БЮДЖЕТНОЙ организации, которая безвозмездно оказывает услуги населению (детский сад, общеобразовательная,...","Образование, наука Включает в том числе: ясли, детский сад, школа, ССУЗ, вуз, научно-исследовательские институты, центры",2.707198412121929
07cfc5354c4ce456,Женский,18.0,Центральный федеральный округ,Поселок городского типа,Породистая собака,,,,,,,,,,,,Зоомагазины,"Магазины, в которых можно находиться с животными",ГрУминг-салоны (уход за животными),Специализированные урны для утилизации отходов жизнедеятельности собак,Ветеринарные клиники,"Кафе, в которых можно находиться с животными",Стойки с пакетами для уборки за собаками,,,,,,Нет,4,,,,,,,,,,,,,,Несколько раз в неделю,Провожу в интернете более четырех часов ежедневно,Среднее общее (10 или 11 классов школы с аттестатом),Хорошее,"Неработающий учащийся, студент",,,2.329877879344123
07cfe78fc28ce114,Женский,18.0,Центральный федеральный округ,Город с численностью от 50 тысяч до 100 тысяч,"Нет, домашних животных нет",,,,,,,,,,,,,,,,,,,,,,,,,,Ничего не беспокоило,,,,,,,,,,,,,Несколько раз в месяц,Провожу в интернете более четырех часов ежедневно,Среднее общее (10 или 11 классов школы с аттестатом),Среднее,"Неработающий учащийся, студент",,,2.329877879344123
07d0074f7b0ce1a2,Женский,22.0,Центральный федеральный округ,Город с численностью от 50 тысяч до 100 тысяч,"Нет, домашних животных нет",,,,,,,,,,,,,,,,,,,,,,,,,,"Отсутствие уборки за собаками в доме (в лифте, в подъезде)",,,,,,,,,,,,,"Редко, но не менее одного раза в полгода",Провожу в интернете более четырех часов ежедневно,Незаконченное высшее (с 3-го курса вуза) или законченное высшее,Среднее,"Работаю по договору, контракту в найме (за исключением находящихся в декретном отпуске, подрабатывающих студентов, пе...","Я работаю в КОММЕРЧЕСКОЙ организации, ее цель – получить прибыль (например, магазин, завод, фермерское хозяйство, АО/...","Жилищно-коммунальное хозяйство Включает в том числе: водоканал, горгаз, вывоз мусора, котельная,  сортировка и перера...",1.8571358270007037
07cfe770954ce671,Женский,24.0,Северо-Западный федеральный округ,Город с численностью от 50 тысяч до 100 тысяч,Беспородная собака,Беспородная кошка,,,,,,,,,,,Зоомагазины,Ветеринарные клиники,,,,,,,,,,,"Да, часто",5- полностью удовлетворен,,,,,,,,,,,,,,Не смотрю,Провожу в интернете более четырех часов ежедневно,"Среднее профессиональное (техникум, колледж, ПТУ)",Хорошее,"Работаю по договору, контракту в найме (за исключением находящихся в декретном отпуске, подрабатывающих студентов, пе...","Я работаю в КОММЕРЧЕСКОЙ организации, ее цель – получить прибыль (например, магазин, завод, фермерское хозяйство, АО/...","Сфера услуг, сервиса, бытового обслуживания Включает в том числе: Прачечная/химчистка, ремонт мебели, часов, ювелирны...",1.9140397927006336
07cfe1703b8ce246,Женский,18.0,Южный федеральный округ,Город с численностью менее 50 тысяч,Беспородная собака,Породистая кошка,,,,,,,,,,,Ветеринарные клиники,ГрУминг-салоны (уход за животными),"Магазины, в которых можно находиться с животными",Специально огороженные площадки для выгула или занятий домашних животных,Зоомагазины,,,,,,,,Нет,3,,,,,,,,,,,,,,Не смотрю,Провожу в интернете более четырех часов ежедневно,Основное общее образование: окончил 9 (раньше 8) классов,Плохое,"Неработающий учащийся, студент",,,2.0121663974268205
07cff4d19d4ce944,Женский,20.0,Центральный федеральный округ,Город с численностью от 100 тысяч до 500 тысяч,Беспородная собака,Породистая кошка,,,,,,,,,,,Ничего,,,,,,,,,,,,"Да, время от времени",3,,,,,,,,,,,,,,Не смотрю,Провожу в интернете более четырех часов ежедневно,"Среднее профессиональное (техникум, колледж, ПТУ)",Среднее,"Предприниматель, собственник бизнеса",,"Сфера услуг, сервиса, бытового обслуживания Включает в том числе: Прачечная/химчистка, ремонт мебели, часов, ювелирны...",1.8710027698935345
07cff52be44ceeb5,Женский,21.0,Центральный федеральный округ,Город с численностью от 100 тысяч до 500 тысяч,Породистая собака,Беспородная кошка,,,,,,,,,,,Зоомагазины,Специально огороженные площадки для выгула или занятий домашних животных,"Магазины, в которых можно находиться с животными",Ветеринарные клиники,"Кафе, в которых можно находиться с животными",,,,,,,,"Да, время от времени",4,,,,,,,,,,,,,,Не смотрю,Провожу в интернете более четырех часов ежедневно,"Среднее профессиональное (техникум, колледж, ПТУ)",Среднее,Самозанятый,,"Сфера услуг, сервиса, бытового обслуживания Включает в том числе: Прачечная/химчистка, ремонт мебели, часов, ювелирны...",1.8710027698935345
07d0019bf64ceebb,Женский,23.0,Центральный федеральный округ,Город с численностью от 100 тысяч до 500 тысяч,"Нет, домашних животных нет",,,,,,,,,,,,,,,,,,,,,,,,,,Выгул собак на длинном поводке,"Отсутствие уборки за собаками в доме (в лифте, в подъезде)",Отсутствие уборки за собаками во дворе,Выгул агрессивных собак без намордника,,,,,,,,,,Несколько раз в месяц,Провожу в интернете более четырех часов ежедневно,Среднее общее (10 или 11 классов школы с аттестатом),Среднее,Самозанятый,,"Сфера услуг, сервиса, бытового обслуживания Включает в том числе: Прачечная/химчистка, ремонт мебели, часов, ювелирны...",1.8710027698935345
07d0380ccdcce275,Женский,24.0,Центральный федеральный округ,Город с численностью от 100 тысяч до 500 тысяч,Беспородная кошка,,,,,,,,,,,,Зоомагазины,Ветеринарные клиники,"Магазины, в которых можно находиться с животными",ГрУминг-салоны (уход за животными),,,,,,,,,Нет,,,,,,,,,,,,,,,Не смотрю,Провожу в интернете более четырех часов ежедневно,Среднее общее (10 или 11 классов школы с аттестатом),Среднее,"Временно не работаю, безработный",,,1.8710027698935345
07cfe4f70bcce212,Женский,21.0,Центральный федеральный округ,Город с численностью от 100 тысяч до 500 тысяч,Породистая собака,,,,,,,,,,,,Ветеринарные клиники,Зоомагазины,Специально огороженные площадки для выгула или занятий домашних животных,,,,,,,,,,Нет,4,,,,,,,,,,,,,,Не смотрю,Провожу в интернете более четырех часов ежедневно,Незаконченное высшее (с 3-го курса вуза) или законченное высшее,Среднее,"Работающий учащийся, студент","Я работаю в КОММЕРЧЕСКОЙ организации, ее цель – получить прибыль (например, магазин, завод, фермерское хозяйство, АО/...",Другое (укажите),1.8360623886796201
07cfd40d3a8ce0ef,Женский,22.0,Центральный федеральный округ,Город с численностью от 100 тысяч до 500 тысяч,Аквариумные рыбки,Беспородная собака,Породистая собака,Беспородная кошка,Породистая кошка,,,,,,,,Специально огороженные площадки для выгула или занятий домашних животных,ГрУминг-салоны (уход за животными),Зоомагазины,Ветеринарные клиники,,,,,,,,,"Да, время от времени",3,,,,,,,,,,,,,,Ежедневно менее четырех часов в день,Eжедневно менее четырех часов в день,"Среднее профессиональное (техникум, колледж, ПТУ)",Плохое,"Работаю по договору, контракту в найме (за исключением находящихся в декретном отпуске, подрабатывающих студентов, пе...","Работаю в правоохранительных органах, вооруженных силах, МЧС","Правоохранительные органы, силовые структуры, МЧС, военная служба Включает в том числе: Полиция, росгвардия, пожарно-...",1.64140705919305
07cfeabee7cceaa2,Женский,20.0,Северо-Западный федеральный округ,Город с численностью от 100 тысяч до 500 тысяч,Породистая собака,,,,,,,,,,,,ГрУминг-салоны (уход за животными),Ветеринарные клиники,"Магазины, в которых можно находиться с животными","Кафе, в которых можно находиться с животными",,,,,,,,,Нет,2,,,,,,,,,,,,,,"Редко, но не менее одного раза в полгода",Провожу в интернете более четырех часов ежедневно,Незаконченное высшее (с 3-го курса вуза) или законченное высшее,Плохое,"Работающий учащийся, студент","Я работаю в КОММЕРЧЕСКОЙ организации, ее цель – получить прибыль (например, магазин, завод, фермерское хозяйство, АО/...","Торговля (оптовая, розничная, онлайн продажи; в т.ч. - недвижимость) Включает в том числе: Магазин, автосалон, аукцио...",1.3467726581154864
07cfe16935cce00d,Женский,23.0,Южный федеральный округ,Город с численностью от 100 тысяч до 500 тысяч,"Нет, домашних животных нет",,,,,,,,,,,,,,,,,,,,,,,,,,Ничего не беспокоило,,,,,,,,,,,,,Не смотрю,Провожу в интернете более четырех часов ежедневно,"Среднее профессиональное (техникум, колледж, ПТУ)",Плохое,"Работаю по договору, контракту в найме (за исключением находящихся в декретном отпуске, подрабатывающих студентов, пе...","Я работаю в КОММЕРЧЕСКОЙ организации, ее цель – получить прибыль (например, магазин, завод, фермерское хозяйство, АО/...","Общественное питание, ресторанный и гостиничный бизнес Включает в том числе: Кафе, ресторан, доставка продуктов питан...",1.6158653363119966
07cfeecb0a0ce56d,Женский,19.0,Северо-Кавказский федеральный округ,Город с численностью от 100 тысяч до 500 тысяч,Породистая кошка,Беспородная собака,,,,,,,,,,,"Кафе, в которых можно находиться с животными",ГрУминг-салоны (уход за животными),Ветеринарные клиники,Специально огороженные площадки для выгула или занятий домашних животных,Лапомойки в доме,Зоомагазины,,,,,,,Нет,3,,,,,,,,,,,,,,Не смотрю,Провожу в интернете более четырех часов ежедневно,"Среднее профессиональное (техникум, колледж, ПТУ)",Среднее,Неработающий пенсионер (в том числе по инвалидности),,,1.8763743438703395
07d0155d120ce65c,Женский,23.0,Северо-Кавказский федеральный округ,Город с численностью от 100 тысяч до 500 тысяч,"Нет, домашних животных нет",,,,,,,,,,,,,,,,,,,,,,,,,,Ничего не беспокоило,,,,,,,,,,,,,Не смотрю,Eжедневно менее четырех часов в день,"Среднее профессиональное (техникум, колледж, ПТУ)",Среднее,"Нахожусь в декретном отпуске, отпуске по уходу за ребенком",,,1.8763743438703395
07cfe9ec878ceac2,Женский,22.0,Северо-Кавказский федеральный округ,Город с численностью от 100 тысяч до 500 тысяч,Беспородная кошка,,,,,,,,,,,,Зоомагазины,,,,,,,,,,,,"Да, время от времени",,,,,,,,,,,,,,,Не смотрю,Провожу в интернете более четырех часов ежедневно,"Среднее профессиональное (техникум, колледж, ПТУ)",Среднее,"Работаю по договору, контракту в найме (за исключением находящихся в декретном отпуске, подрабатывающих студентов, пе...","Я работаю в КОММЕРЧЕСКОЙ организации, ее цель – получить прибыль (например, магазин, завод, фермерское хозяйство, АО/...","Общественное питание, ресторанный и гостиничный бизнес Включает в том числе: Кафе, ресторан, доставка продуктов питан...",1.8763743438703395
07d037c7d60ceeed,Женский,23.0,Северо-Кавказский федеральный округ,Город с численностью от 100 тысяч до 500 тысяч,"Нет, домашних животных нет",,,,,,,,,,,,,,,,,,,,,,,,,,Выгул агрессивных собак без намордника,"Укусы, нападения собак на людей",Самовыгул собак (без поводка),Выгул в неположенных местах,,,,,,,,,,Не смотрю,Провожу в интернете более четырех часов ежедневно,Незаконченное высшее (с 3-го курса вуза) или законченное высшее,Хорошее,"Работаю по договору, контракту в найме (за исключением находящихся в декретном отпуске, подрабатывающих студентов, пе...","Я работаю в КОММЕРЧЕСКОЙ организации, ее цель – получить прибыль (например, магазин, завод, фермерское хозяйство, АО/...","Строительство Включает в том числе: архитектура, проектирование, дизайн интерьера",1.5044002345836531
07d015d6a8cced45,Женский,21.0,Приволжский федеральный округ,Город с численностью от 100 тысяч до 500 тысяч,Беспородная кошка,Породистая собака,,,,,,,,,,,Ветеринарные клиники,ГрУминг-салоны (уход за животными),,,,,,,,,,,"Да, время от времени",3,,,,,,,,,,,,,,Несколько раз в месяц,Провожу в интернете более четырех часов ежедневно,Незаконченное высшее (с 3-го курса вуза) или законченное высшее,Среднее,"Работающий учащийся, студент","Я работаю в КОММЕРЧЕСКОЙ организации, ее цель – получить прибыль (например, магазин, завод, фермерское хозяйство, АО/...","Сфера услуг, сервиса, бытового обслуживания Включает в том числе: Прачечная/химчистка, ремонт мебели, часов, ювелирны...",1.6125097662182637
07cfca0f154ce668,Женский,18.0,Уральский федеральный округ,Город с численностью от 100 тысяч до 500 тысяч,Беспородная собака,Беспородная кошка,,,,,,,,,,,"Магазины, в которых можно находиться с животными",Специально огороженные площадки для выгула или занятий домашних животных,Ветеринарные клиники,,,,,,,,,,Не бываю с питомцем в общественных местах,Затрудняюсь ответить,,,,,,,,,,,,,,"Редко, но не менее одного раза в полгода",Провожу в интернете более четырех часов ежедневно,"Среднее профессиональное (техникум, колледж, ПТУ)",Хорошее,"Работающий учащийся, студент","Я работаю в БЮДЖЕТНОЙ организации, которая безвозмездно оказывает услуги населению (детский сад, общеобразовательная,...",Другое (укажите),1.6565614708209015
07cfbe55c54ce873,Женский,21.0,Сибирский федеральный округ,Город с численностью от 100 тысяч до 500 тысяч,Породистая собака,,,,,,,,,,,,Зоомагазины,Ветеринарные клиники,ГрУминг-салоны (уход за животными),,,,,,,,,,Нет,3,,,,,,,,,,,,,,Несколько раз в неделю,Провожу в интернете более четырех часов ежедневно,"Среднее профессиональное (техникум, колледж, ПТУ)",Хорошее,"Работающий учащийся, студент","Я работаю в КОММЕРЧЕСКОЙ организации, ее цель – получить прибыль (например, магазин, завод, фермерское хозяйство, АО/...",Другое (укажите),1.6521077800353137
07cfdcf8ba4cee1e,Женский,23.0,Южный федеральный округ,Город с численностью от 500 тысяч до 950 тысяч,Беспородная кошка,,,,,,,,,,,,Зоомагазины,Ветеринарные клиники,Специально огороженные площадки для выгула или занятий домашних животных,,,,,,,,,,Нет,,,,,,,,,,,,,,,Не смотрю,Провожу в интернете более четырех часов ежедневно,Незаконченное высшее (с 3-го курса вуза) или законченное высшее,Среднее,"Работаю по договору, контракту в найме (за исключением находящихся в декретном отпуске, подрабатывающих студентов, пе...","Я работаю в БЮДЖЕТНОЙ организации, которая безвозмездно оказывает услуги населению (детский сад, общеобразовательная,...","Образование, наука Включает в том числе: ясли, детский сад, школа, ССУЗ, вуз, научно-исследовательские институты, центры",1.3546209129676163
07cff0e8758cee3a,Женский,23.0,Приволжский федеральный округ,Город с численностью от 500 тысяч до 950 тысяч,Беспородная собака,Беспородная кошка,,,,,,,,,,,Зоомагазины,Специально огороженные площадки для выгула или занятий домашних животных,"Магазины, в которых можно находиться с животными",Ветеринарные клиники,Лапомойки в доме,"Кафе, в которых можно находиться с животными",,,,,,,"Да, время от времени",3,,,,,,,,,,,,,,"Редко, но не менее одного раза в полгода",Провожу в интернете более четырех часов ежедневно,Незаконченное высшее (с 3-го курса вуза) или законченное высшее,Среднее,"Работающий учащийся, студент","Я работаю в КОММЕРЧЕСКОЙ организации, ее цель – получить прибыль (например, магазин, завод, фермерское хозяйство, АО/...","Промышленность, производство (в т.ч. добывающие, обрабатывающие отрасли, энергетика) Включает в том числе: Завод, ком...",1.4064044736240038
07cfd9110accef30,Женский,21.0,Уральский федеральный округ,Город с численностью от 500 тысяч до 950 тысяч,Беспородная кошка,,,,,,,,,,,,Ветеринарные клиники,"Кафе, в которых можно находиться с животными",ГрУминг-салоны (уход за животными),"Магазины, в которых можно находиться с животными",Зоомагазины,Специально огороженные площадки для выгула или занятий домашних животных,,,,,,,Нет,,,,,,,,,,,,,,,Не смотрю,Eжедневно менее четырех часов в день,Среднее общее (10 или 11 классов школы с аттестатом),Среднее,Неработающий пенсионер (в том числе по инвалидности),,,1.444825645217409
07cfc423cf4ce643,Женский,20.0,Сибирский федеральный округ,Город с численностью от 500 тысяч до 950 тысяч,"Нет, домашних животных нет",,,,,,,,,,,,,,,,,,,,,,,,,,Выгул в неположенных местах,"Укусы, нападения собак на людей",Отсутствие уборки за собаками во дворе,Самовыгул собак (без поводка),"Отсутствие уборки за собаками в доме (в лифте, в подъезде)",Выгул собак на длинном поводке,Выгул агрессивных собак без намордника,Другое,,,,,,Несколько раз в месяц,Провожу в интернете более четырех часов ежедневно,Среднее общее (10 или 11 классов школы с аттестатом),Очень хорошее,"Работающий учащийся, студент","Я работаю в КОММЕРЧЕСКОЙ организации, ее цель – получить прибыль (например, магазин, завод, фермерское хозяйство, АО/...","Торговля (оптовая, розничная, онлайн продажи; в т.ч. - недвижимость) Включает в том числе: Магазин, автосалон, аукцио...",1.440941209429043
07cfee8a7bcce626,Женский,22.0,Сибирский федеральный округ,Город с численностью от 500 тысяч до 950 тысяч,Породистая собака,,,,,,,,,,,,ГрУминг-салоны (уход за животными),Ветеринарные клиники,Зоомагазины,"Кафе, в которых можно находиться с животными",Специально огороженные площадки для выгула или занятий домашних животных,Специализированные урны для утилизации отходов жизнедеятельности собак,"Магазины, в которых можно находиться с животными",,,,,,"Да, время от времени",5- полностью удовлетворен,,,,,,,,,,,,,,Не смотрю,Провожу в интернете более четырех часов ежедневно,"Среднее профессиональное (техникум, колледж, ПТУ)",Хорошее,"Работаю по договору, контракту в найме (за исключением находящихся в декретном отпуске, подрабатывающих студентов, пе...","Я работаю в КОММЕРЧЕСКОЙ организации, ее цель – получить прибыль (например, магазин, завод, фермерское хозяйство, АО/...","Торговля (оптовая, розничная, онлайн продажи; в т.ч. - недвижимость) Включает в том числе: Магазин, автосалон, аукцио...",1.440941209429043
07cfb72a7d8ce040,Женский,22.0,Сибирский федеральный округ,Город с численностью от 500 тысяч до 950 тысяч,Породистая собака,,,,,,,,,,,,ГрУминг-салоны (уход за животными),Зоомагазины,Ветеринарные клиники,Лапомойки в доме,Специально огороженные площадки для выгула или занятий домашних животных,,,,,,,,"Да, часто",3,,,,,,,,,,,,,,Не смотрю,Провожу в интернете более четырех часов ежедневно,Незаконченное высшее (с 3-го курса вуза) или законченное высшее,Хорошее,"Неработающий учащийся, студент",,,1.4002158842239187
07cfd828704ceb57,Женский,23.0,Сибирский федеральный округ,Город с численностью от 500 тысяч до 950 тысяч,"Нет, домашних животных нет",,,,,,,,,,,,,,,,,,,,,,,,,,Отсутствие уборки за собаками во дворе,Выгул агрессивных собак без намордника,,,,,,,,,,,,Не смотрю,Провожу в интернете более четырех часов ежедневно,Незаконченное высшее (с 3-го курса вуза) или законченное высшее,Плохое,"Работаю по договору, контракту в найме (за исключением находящихся в декретном отпуске, подрабатывающих студентов, пе...","Я работаю в НЕКОММЕРЧЕСКОЙ организации, которая оказывает помощь населению (благотворительные фонды, центры поддержки...",,1.4002158842239187
07cfc46edacce2dd,Женский,19.0,Дальневосточный федеральный округ,Город с численностью от 500 тысяч до 950 тысяч,Беспородная кошка,,,,,,,,,,,,"Магазины, в которых можно находиться с животными",Лапомойки в доме,Ветеринарные клиники,,,,,,,,,,Нет,,,,,,,,,,,,,,,Несколько раз в неделю,Eжедневно менее четырех часов в день,"Среднее профессиональное (техникум, колледж, ПТУ)",Среднее,"Работающий учащийся, студент","Я работаю в КОММЕРЧЕСКОЙ организации, ее цель – получить прибыль (например, магазин, завод, фермерское хозяйство, АО/...","Торговля (оптовая, розничная, онлайн продажи; в т.ч. - недвижимость) Включает в том числе: Магазин, автосалон, аукцио...",1.308591359542097
07cfcced5a4cee61,Женский,23.0,Дальневосточный федеральный округ,Город с численностью от 500 тысяч до 950 тысяч,Породистая кошка,,,,,,,,,,,,Зоомагазины,Ветеринарные клиники,ГрУминг-салоны (уход за животными),,,,,,,,,,Нет,,,,,,,,,,,,,,,Ежедневно менее четырех часов в день,Провожу в интернете более четырех часов ежедневно,"Среднее профессиональное (техникум, колледж, ПТУ)",Очень хорошее,Самозанятый,,"Сфера услуг, сервиса, бытового обслуживания Включает в том числе: Прачечная/химчистка, ремонт мебели, часов, ювелирны...",1.308591359542097
07d00f3f74cce7c8,Женский,24.0,Центральный федеральный округ,Город с численностью жителей миллион и более человек,"Нет, домашних животных нет",,,,,,,,,,,,,,,,,,,,,,,,,,Ничего не беспокоило,,,,,,,,,,,,,Несколько раз в неделю,Провожу в интернете более четырех часов ежедневно,Незаконченное высшее (с 3-го курса вуза) или законченное высшее,Среднее,Самозанятый,,"Образование, наука Включает в том числе: ясли, детский сад, школа, ССУЗ, вуз, научно-исследовательские институты, центры",1.9236669662095172
07d014ac9d8cea88,Женский,24.0,Центральный федеральный округ,Город с численностью жителей миллион и более человек,Породистая собака,,,,,,,,,,,,Зоомагазины,"Магазины, в которых можно находиться с животными",Ветеринарные клиники,,,,,,,,,,"Да, время от времени",3,,,,,,,,,,,,,,Не смотрю,Провожу в интернете более четырех часов ежедневно,Незаконченное высшее (с 3-го курса вуза) или законченное высшее,Хорошее,"Работаю по договору, контракту в найме (за исключением находящихся в декретном отпуске, подрабатывающих студентов, пе...","Я работаю в КОММЕРЧЕСКОЙ организации, ее цель – получить прибыль (например, магазин, завод, фермерское хозяйство, АО/...","Финансовая и страховая деятельность, банковские услуги Включает в том числе: Банк, инвестиционный фонд, финансовая ар...",1.9236669662095172
07d0297de3ccea6f,Женский,19.0,Центральный федеральный округ,Город с численностью жителей миллион и более человек,Породистая кошка,,,,,,,,,,,,Лапомойки в доме,Зоомагазины,Стойки с пакетами для уборки за собаками,"Магазины, в которых можно находиться с животными",Ветеринарные клиники,"Кафе, в которых можно находиться с животными",ГрУминг-салоны (уход за животными),Специализированные урны для утилизации отходов жизнедеятельности собак,Специально огороженные площадки для выгула или занятий домашних животных,,,,Нет,,,,,,,,,,,,,,,Ежедневно менее четырех часов в день,Провожу в интернете более четырех часов ежедневно,Незаконченное высшее (с 3-го курса вуза) или законченное высшее,Хорошее,"Работающий учащийся, студент",Затрудняюсь ответить/ отказ от ответа,"Общественное питание, ресторанный и гостиничный бизнес Включает в том числе: Кафе, ресторан, доставка продуктов питан...",1.9236669662095172
07cfcc9db4cce1af,Женский,19.0,Северо-Западный федеральный округ,Город с численностью жителей миллион и более человек,"Нет, домашних животных нет",,,,,,,,,,,,,,,,,,,,,,,,,,Отсутствие уборки за собаками во дворе,Громкий лай в позднее или раннее время,,,,,,,,,,,,"Редко, но не менее одного раза в полгода",Провожу в интернете более четырех часов ежедневно,Среднее общее (10 или 11 классов школы с аттестатом),Хорошее,Самозанятый,,"Здравоохранение Включает в том числе: поликлиники, медицинские центры, больницы, стационары,  «Скорая помощь», санатории",1.6104034334056958
07d00c58558ced87,Женский,19.0,Южный федеральный округ,Город с численностью жителей миллион и более человек,"Нет, домашних животных нет",,,,,,,,,,,,,,,,,,,,,,,,,,Ничего не беспокоило,,,,,,,,,,,,,Не смотрю,Провожу в интернете более четырех часов ежедневно,Среднее общее (10 или 11 классов школы с аттестатом),Хорошее,"Работающий учащийся, студент","Я работаю в КОММЕРЧЕСКОЙ организации, ее цель – получить прибыль (например, магазин, завод, фермерское хозяйство, АО/...","Торговля (оптовая, розничная, онлайн продажи; в т.ч. - недвижимость) Включает в том числе: Магазин, автосалон, аукцио...",1.6929635879866682
07cff7696a4ce86f,Женский,20.0,Приволжский федеральный округ,Город с численностью жителей миллион и более человек,Породистая кошка,,,,,,,,,,,,Зоомагазины,,,,,,,,,,,,Не бываю с питомцем в общественных местах,,,,,,,,,,,,,,,Не смотрю,Провожу в интернете более четырех часов ежедневно,"Среднее профессиональное (техникум, колледж, ПТУ)",Очень хорошее,Самозанятый,,"Образование, наука Включает в том числе: ясли, детский сад, школа, ССУЗ, вуз, научно-исследовательские институты, центры",1.6549416165249111
07cfcdadaa8ceb8b,Женский,22.0,Уральский федеральный округ,Город с численностью жителей миллион и более человек,Породистая кошка,,,,,,,,,,,,Ветеринарные клиники,Зоомагазины,"Кафе, в которых можно находиться с животными","Магазины, в которых можно находиться с животными",,,,,,,,,Не бываю с питомцем в общественных местах,,,,,,,,,,,,,,,Не смотрю,Провожу в интернете более четырех часов ежедневно,Среднее общее (10 или 11 классов школы с аттестатом),Хорошее,"Работаю по договору, контракту в найме (за исключением находящихся в декретном отпуске, подрабатывающих студентов, пе...","Я работаю в КОММЕРЧЕСКОЙ организации, ее цель – получить прибыль (например, магазин, завод, фермерское хозяйство, АО/...","Торговля (оптовая, розничная, онлайн продажи; в т.ч. - недвижимость) Включает в том числе: Магазин, автосалон, аукцио...",1.7356014689703836
07cfd053e3cceab6,Женский,18.0,Сибирский федеральный округ,Город с численностью жителей миллион и более человек,Породистая кошка,,,,,,,,,,,,Зоомагазины,"Кафе, в которых можно находиться с животными","Магазины, в которых можно находиться с животными",,,,,,,,,,"Да, время от времени",,,,,,,,,,,,,,,Не смотрю,Провожу в интернете более четырех часов ежедневно,Основное общее образование: окончил 9 (раньше 8) классов,Хорошее,"Работающий учащийся, студент","Я работаю в НЕКОММЕРЧЕСКОЙ организации, которая оказывает помощь населению (благотворительные фонды, центры поддержки...",,1.7309352779439953
07cff09b458ced4b,Женский,31.0,Северо-Кавказский федеральный округ,Село,"Нет, домашних животных нет",,,,,,,,,,,,,,,,,,,,,,,,,,Ничего не беспокоило,,,,,,,,,,,,,Несколько раз в неделю,Eжедневно менее четырех часов в день,Основное общее образование: окончил 9 (раньше 8) классов,Хорошее,"Нахожусь в декретном отпуске, отпуске по уходу за ребенком",,,3.647084024073573
07cfdbfaad4ce3f6,Женский,32.0,Приволжский федеральный округ,Село,"Нет, домашних животных нет",,,,,,,,,,,,,,,,,,,,,,,,,,Ничего не беспокоило,,,,,,,,,,,,,Ежедневно менее четырех часов в день,Не пользуюсь,"Среднее профессиональное (техникум, колледж, ПТУ)",Среднее,Неработающий пенсионер (в том числе по инвалидности),,,3.0701988677304395
07cfe078334ce7a3,Женский,26.0,Приволжский федеральный округ,Село,"Нет, домашних животных нет",,,,,,,,,,,,,,,,,,,,,,,,,,Ничего не беспокоило,,,,,,,,,,,,,Не смотрю,Провожу в интернете более четырех часов ежедневно,"Среднее профессиональное (техникум, колледж, ПТУ)",Среднее,"Работаю по договору, контракту в найме (за исключением находящихся в декретном отпуске, подрабатывающих студентов, пе...",Затрудняюсь ответить/ отказ от ответа,Другое (укажите),3.0701988677304395
07cfdc5f6d0cef6d,Женский,34.0,Приволжский федеральный округ,Село,Беспородная собака,Породистая собака,Беспородная кошка,,,,,,,,,,Лапомойки в доме,ГрУминг-салоны (уход за животными),"Магазины, в которых можно находиться с животными",Зоомагазины,,,,,,,,,Нет,5- полностью удовлетворен,,,,,,,,,,,,,,Несколько раз в месяц,Eжедневно менее четырех часов в день,Незаконченное высшее (с 3-го курса вуза) или законченное высшее,Среднее,"Работаю по договору, контракту в найме (за исключением находящихся в декретном отпуске, подрабатывающих студентов, пе...","Я работаю в КОММЕРЧЕСКОЙ организации, ее цель – получить прибыль (например, магазин, завод, фермерское хозяйство, АО/...","Транспортировка и хранение (складское хозяйство) Включает в том числе: Перевозка грузов, ж/д, авиа, водный, космическ...",3.1342139303113523
07d00033494ced4d,Женский,32.0,Приволжский федеральный округ,Село,Беспородная собака,Породистая собака,Беспородная кошка,Декоративные птицы,Затрудняюсь ответить," Мелкие животные (хомячки, морские свинки, черепашки и т.п.)",,,,,,,Ветеринарные клиники,Зоомагазины,,,,,,,,,,,"Да, время от времени",5- полностью удовлетворен,,,,,,,,,,,,,,Смотрю более четырех часов ежедневно,Провожу в интернете более четырех часов ежедневно,Незаконченное высшее (с 3-го курса вуза) или законченное высшее,Среднее,"Работаю по договору, контракту в найме (за исключением находящихся в декретном отпуске, подрабатывающих студентов, пе...","Я работаю в КОММЕРЧЕСКОЙ организации, ее цель – получить прибыль (например, магазин, завод, фермерское хозяйство, АО/...","Торговля (оптовая, розничная, онлайн продажи; в т.ч. - недвижимость) Включает в том числе: Магазин, автосалон, аукцио...",3.1342139303113523
07cfc6e8100ceb23,Женский,26.0,Уральский федеральный округ,Село,Беспородная кошка,Беспородная собака,,,,,,,,,,,"Магазины, в которых можно находиться с животными",Зоомагазины,Ветеринарные клиники,,,,,,,,,,Не бываю с питомцем в общественных местах,1 – совершенно не удовлетворен,,,,,,,,,,,,,,Не смотрю,Провожу в интернете более четырех часов ежедневно,"Среднее профессиональное (техникум, колледж, ПТУ)",Плохое,"Работаю по договору, контракту в найме (за исключением находящихся в декретном отпуске, подрабатывающих студентов, пе...","Я работаю в КОММЕРЧЕСКОЙ организации, ее цель – получить прибыль (например, магазин, завод, фермерское хозяйство, АО/...","Транспортировка и хранение (складское хозяйство) Включает в том числе: Перевозка грузов, ж/д, авиа, водный, космическ...",3.2198366465962587
07d021fa4b8cedc6,Женский,33.0,Центральный федеральный округ,Город с численностью от 50 тысяч до 100 тысяч,"Нет, домашних животных нет",,,,,,,,,,,,,,,,,,,,,,,,,,Выгул в неположенных местах,Отсутствие уборки за собаками во дворе,Выгул агрессивных собак без намордника,Самовыгул собак (без поводка),Выгул собак на длинном поводке,"Укусы, нападения собак на людей",,,,,,,,Несколько раз в неделю,Провожу в интернете более четырех часов ежедневно,Незаконченное высшее (с 3-го курса вуза) или законченное высшее,Среднее,"Работаю по договору, контракту в найме (за исключением находящихся в декретном отпуске, подрабатывающих студентов, пе...","Я работаю в КОММЕРЧЕСКОЙ организации, ее цель – получить прибыль (например, магазин, завод, фермерское хозяйство, АО/...","Сфера услуг, сервиса, бытового обслуживания Включает в том числе: Прачечная/химчистка, ремонт мебели, часов, ювелирны...",2.4695382125788976
07d00154124ce02f,Женский,30.0,Центральный федеральный округ,Город с численностью от 50 тысяч до 100 тысяч,Беспородная собака,Беспородная кошка,,,,,,,,,,,Ничего,,,,,,,,,,,,Не бываю с питомцем в общественных местах,1 – совершенно не удовлетворен,,,,,,,,,,,,,,Ежедневно менее четырех часов в день,Eжедневно менее четырех часов в день,Основное общее образование: окончил 9 (раньше 8) классов,Среднее,"Нахожусь в декретном отпуске, отпуске по уходу за ребенком",,,2.2077231580289745
07d0031ec44ce103,Женский,28.0,Центральный федеральный округ,Город с численностью менее 50 тысяч,"Домашний скот (куры, коровы, козы и т.п.) (из другого)",,,,,,,,,,,,Лапомойки в доме,,,,,,,,,,,,Не бываю с питомцем в общественных местах,,,,,,,,,,,,,,,Не смотрю,Eжедневно менее четырех часов в день,"Среднее профессиональное (техникум, колледж, ПТУ)",Среднее,Самозанятый,,"Сельское, лесное хозяйство, охота, рыболовство и рыбоводство Включает в том числе: Фермерское хозяйство, скотобойни, ...",2.2077231580289745
07d00cb79fcce0a9,Женский,29.0,Центральный федеральный округ,Город с численностью менее 50 тысяч,"Нет, домашних животных нет",,,,,,,,,,,,,,,,,,,,,,,,,,Ничего не беспокоило,,,,,,,,,,,,,Не смотрю,Не пользуюсь,Основное общее образование: окончил 9 (раньше 8) классов,Среднее,"Работаю по договору, контракту в найме (за исключением находящихся в декретном отпуске, подрабатывающих студентов, пе...","Я работаю в КОММЕРЧЕСКОЙ организации, ее цель – получить прибыль (например, магазин, завод, фермерское хозяйство, АО/...","Торговля (оптовая, розничная, онлайн продажи; в т.ч. - недвижимость) Включает в том числе: Магазин, автосалон, аукцио...",2.2077231580289745
07cff014980cec11,Женский,33.0,Центральный федеральный округ,Город с численностью от 50 тысяч до 100 тысяч,Породистая собака,,,,,,,,,,,,Ничего,,,,,,,,,,,,"Да, время от времени",1 – совершенно не удовлетворен,,,,,,,,,,,,,,Несколько раз в месяц,Eжедневно менее четырех часов в день,Незаконченное высшее (с 3-го курса вуза) или законченное высшее,Среднее,Самозанятый,,"Сфера услуг, сервиса, бытового обслуживания Включает в том числе: Прачечная/химчистка, ремонт мебели, часов, ювелирны...",2.005918376569921
07cff221394ce39b,Женский,25.0,Центральный федеральный округ,Город с численностью менее 50 тысяч,"Нет, домашних животных нет",,,,,,,,,,,,,,,,,,,,,,,,,,Выгул собак на длинном поводке,Выгул агрессивных собак без намордника,Отсутствие уборки за собаками во дворе,Самовыгул собак (без поводка),"Укусы, нападения собак на людей","Отсутствие уборки за собаками в доме (в лифте, в подъезде)",Агрессивное поведение собак по отношению к другим животным,,,,,,,Не смотрю,Провожу в интернете более четырех часов ежедневно,Незаконченное высшее (с 3-го курса вуза) или законченное высшее,Среднее,"Нахожусь в декретном отпуске, отпуске по уходу за ребенком",,,2.005918376569921
07d03c48d54ce35e,Женский,29.0,Северо-Западный федеральный округ,Город с численностью от 50 тысяч до 100 тысяч,"Нет, домашних животных нет",,,,,,,,,,,,,,,,,,,,,,,,,,"Отсутствие уборки за собаками в доме (в лифте, в подъезде)",Отсутствие уборки за собаками во дворе,,,,,,,,,,,,Не смотрю,Провожу в интернете более четырех часов ежедневно,Незаконченное высшее (с 3-го курса вуза) или законченное высшее,Плохое,"Работаю по договору, контракту в найме (за исключением находящихся в декретном отпуске, подрабатывающих студентов, пе...","Я работаю в КОММЕРЧЕСКОЙ организации, ее цель – получить прибыль (например, магазин, завод, фермерское хозяйство, АО/...","Строительство Включает в том числе: архитектура, проектирование, дизайн интерьера",2.028773460779598
07d01b396e0ce76a,Женский,32.0,Северо-Кавказский федеральный округ,Город с численностью менее 50 тысяч,Беспородная кошка,,,,,,,,,,,,Ничего,,,,,,,,,,,,Не бываю с питомцем в общественных местах,,,,,,,,,,,,,,,Несколько раз в неделю,Провожу в интернете более четырех часов ежедневно,Среднее общее (10 или 11 классов школы с аттестатом),Среднее,"Нахожусь в декретном отпуске, отпуске по уходу за ребенком",,,2.5237585453851503
07cff7da59cce0c3,Женский,25.0,Приволжский федеральный округ,Город с численностью менее 50 тысяч,Беспородная кошка,,,,,,,,,,,,"Магазины, в которых можно находиться с животными",ГрУминг-салоны (уход за животными),Ветеринарные клиники,Зоомагазины,,,,,,,,,Нет,,,,,,,,,,,,,,,Несколько раз в месяц,Провожу в интернете более четырех часов ежедневно,"Среднее профессиональное (техникум, колледж, ПТУ)",Среднее,"Работаю по договору, контракту в найме (за исключением находящихся в декретном отпуске, подрабатывающих студентов, пе...","Я работаю в БЮДЖЕТНОЙ организации, которая безвозмездно оказывает услуги населению (детский сад, общеобразовательная,...","Здравоохранение Включает в том числе: поликлиники, медицинские центры, больницы, стационары,  «Скорая помощь», санатории",2.124557750060273
07cfd61e8f4ce861,Женский,28.0,Уральский федеральный округ,Город с численностью от 50 тысяч до 100 тысяч,Беспородная кошка,Беспородная собака,,,,,,,,,,,Ничего,,,,,,,,,,,,Нет,5- полностью удовлетворен,,,,,,,,,,,,,,Несколько раз в неделю,Eжедневно менее четырех часов в день,"Среднее профессиональное (техникум, колледж, ПТУ)",Среднее,"Временно не работаю, безработный",,,2.2281061247706666
07cfaefce2ccea23,Женский,25.0,Дальневосточный федеральный округ,Город с численностью менее 50 тысяч,Породистая собака,Беспородная кошка,,,,,,,,,,,Ветеринарные клиники,Зоомагазины,,,,,,,,,,,Нет,5- полностью удовлетворен,,,,,,,,,,,,,,Не смотрю,Провожу в интернете более четырех часов ежедневно,Незаконченное высшее (с 3-го курса вуза) или законченное высшее,Хорошее,Самозанятый,,"Сфера услуг, сервиса, бытового обслуживания Включает в том числе: Прачечная/химчистка, ремонт мебели, часов, ювелирны...",2.733769129099807
07d013b791cce113,Женский,33.0,Центральный федеральный округ,Город с численностью от 100 тысяч до 500 тысяч," Мелкие животные (хомячки, морские свинки, черепашки и т.п.)",,,,,,,,,,,,"Магазины, в которых можно находиться с животными",Специально огороженные площадки для выгула или занятий домашних животных,Ветеринарные клиники,,,,,,,,,,Нет,,,,,,,,,,,,,,,Не смотрю,Eжедневно менее четырех часов в день,Незаконченное высшее (с 3-го курса вуза) или законченное высшее,Среднее,"Предприниматель, собственник бизнеса",,"Сфера услуг, сервиса, бытового обслуживания Включает в том числе: Прачечная/химчистка, ремонт мебели, часов, ювелирны...",1.983156661152452
07cffcd244cce849,Женский,25.0,Центральный федеральный округ,Город с численностью от 100 тысяч до 500 тысяч,Беспородная кошка,,,,,,,,,,,,Зоомагазины,Ветеринарные клиники,,,,,,,,,,,"Да, часто",,,,,,,,,,,,,,,Несколько раз в месяц,Eжедневно менее четырех часов в день,"Среднее профессиональное (техникум, колледж, ПТУ)",Среднее,"Временно не работаю, безработный",,,1.772906717751713
07cfe35e900ce275,Женский,33.0,Центральный федеральный округ,Город с численностью от 100 тысяч до 500 тысяч,Другое,,,,,,,,,,,,"Кафе, в которых можно находиться с животными",Зоомагазины,Ветеринарные клиники,,,,,,,,,,Не бываю с питомцем в общественных местах,,,,,,,,,,,,,,,Несколько раз в неделю,Eжедневно менее четырех часов в день,"Два и более высших образования, ученая степень кандидата или доктора наук",Среднее,"Нахожусь в декретном отпуске, отпуске по уходу за ребенком",,,1.6108478783442424
07cfefef848ce3b3,Женский,32.0,Центральный федеральный округ,Город с численностью от 100 тысяч до 500 тысяч,Породистая собака,,,,,,,,,,,,Зоомагазины,Ветеринарные клиники,,,,,,,,,,,Нет,Затрудняюсь ответить,,,,,,,,,,,,,,Несколько раз в месяц,Провожу в интернете более четырех часов ежедневно,Незаконченное высшее (с 3-го курса вуза) или законченное высшее,Среднее,"Работаю по договору, контракту в найме (за исключением находящихся в декретном отпуске, подрабатывающих студентов, пе...","Я работаю в КОММЕРЧЕСКОЙ организации, ее цель – получить прибыль (например, магазин, завод, фермерское хозяйство, АО/...","Торговля (оптовая, розничная, онлайн продажи; в т.ч. - недвижимость) Включает в том числе: Магазин, автосалон, аукцио...",1.6108478783442424
07cfe64fdf0ce69e,Женский,31.0,Северо-Западный федеральный округ,Город с численностью от 100 тысяч до 500 тысяч,"Нет, домашних животных нет",,,,,,,,,,,,,,,,,,,,,,,,,,Отсутствие уборки за собаками во дворе,,,,,,,,,,,,,Несколько раз в месяц,Eжедневно менее четырех часов в день,"Два и более высших образования, ученая степень кандидата или доктора наук",Среднее,"Нахожусь в декретном отпуске, отпуске по уходу за ребенком",,,1.4546679810376357
07d01027f74ce70a,Женский,28.0,Северо-Западный федеральный округ,Город с численностью от 100 тысяч до 500 тысяч,"Нет, домашних животных нет",,,,,,,,,,,,,,,,,,,,,,,,,,Ничего не беспокоило,,,,,,,,,,,,,Не смотрю,Провожу в интернете более четырех часов ежедневно,"Два и более высших образования, ученая степень кандидата или доктора наук",Среднее,"Работаю по договору, контракту в найме (за исключением находящихся в декретном отпуске, подрабатывающих студентов, пе...","Я работаю в КОММЕРЧЕСКОЙ организации, ее цель – получить прибыль (например, магазин, завод, фермерское хозяйство, АО/...","Общественное питание, ресторанный и гостиничный бизнес Включает в том числе: Кафе, ресторан, доставка продуктов питан...",1.4546679810376357
07d01dc8610ce4b8,Женский,32.0,Северо-Западный федеральный округ,Город с численностью от 100 тысяч до 500 тысяч,Породистая кошка,,,,,,,,,,,,Специализированные урны для утилизации отходов жизнедеятельности собак,Зоомагазины,ГрУминг-салоны (уход за животными),Стойки с пакетами для уборки за собаками,Специально огороженные площадки для выгула или занятий домашних животных,Лапомойки в доме,Ветеринарные клиники,"Кафе, в которых можно находиться с животными","Магазины, в которых можно находиться с животными",,,,Нет,,,,,,,,,,,,,,,Ежедневно менее четырех часов в день,Провожу в интернете более четырех часов ежедневно,Незаконченное высшее (с 3-го курса вуза) или законченное высшее,Среднее,"Работаю по договору, контракту в найме (за исключением находящихся в декретном отпуске, подрабатывающих студентов, пе...","Я работаю в КОММЕРЧЕСКОЙ организации, ее цель – получить прибыль (например, магазин, завод, фермерское хозяйство, АО/...","Сельское, лесное хозяйство, охота, рыболовство и рыбоводство Включает в том числе: Фермерское хозяйство, скотобойни, ...",1.4546679810376357
07cfe241814cee80,Женский,32.0,Южный федеральный округ,Город с численностью от 100 тысяч до 500 тысяч," Мелкие животные (хомячки, морские свинки, черепашки и т.п.)",,,,,,,,,,,,Зоомагазины,Ветеринарные клиники,Специально огороженные площадки для выгула или занятий домашних животных,,,,,,,,,,Нет,,,,,,,,,,,,,,,Не смотрю,Eжедневно менее четырех часов в день,"Среднее профессиональное (техникум, колледж, ПТУ)",Среднее,"Работаю по договору, контракту в найме (за исключением находящихся в декретном отпуске, подрабатывающих студентов, пе...","Я работаю в КОММЕРЧЕСКОЙ организации, ее цель – получить прибыль (например, магазин, завод, фермерское хозяйство, АО/...","Общественное питание, ресторанный и гостиничный бизнес Включает в том числе: Кафе, ресторан, доставка продуктов питан...",1.7453187456973989
07cfd8d0234ced53,Женский,32.0,Южный федеральный округ,Город с численностью от 100 тысяч до 500 тысяч,"Нет, домашних животных нет",,,,,,,,,,,,,,,,,,,,,,,,,,Отсутствие уборки за собаками во дворе,"Отсутствие уборки за собаками в доме (в лифте, в подъезде)",,,,,,,,,,,,Не смотрю,Eжедневно менее четырех часов в день,Незаконченное высшее (с 3-го курса вуза) или законченное высшее,Среднее,"Работаю по договору, контракту в найме (за исключением находящихся в декретном отпуске, подрабатывающих студентов, пе...","Я работаю в БЮДЖЕТНОЙ организации, которая безвозмездно оказывает услуги населению (детский сад, общеобразовательная,...","Образование, наука Включает в том числе: ясли, детский сад, школа, ССУЗ, вуз, научно-исследовательские институты, центры",1.6775654737946781
07d00d88c10ce6c2,Женский,34.0,Северо-Кавказский федеральный округ,Город с численностью от 100 тысяч до 500 тысяч,"Нет, домашних животных нет",,,,,,,,,,,,,,,,,,,,,,,,,,Громкий лай в позднее или раннее время,Выгул в неположенных местах,,,,,,,,,,,,Несколько раз в месяц,Провожу в интернете более четырех часов ежедневно,"Среднее профессиональное (техникум, колледж, ПТУ)",Среднее,"Работаю по договору, контракту в найме (за исключением находящихся в декретном отпуске, подрабатывающих студентов, пе...","Я работаю в КОММЕРЧЕСКОЙ организации, ее цель – получить прибыль (например, магазин, завод, фермерское хозяйство, АО/...","Промышленность, производство (в т.ч. добывающие, обрабатывающие отрасли, энергетика) Включает в том числе: Завод, ком...",2.026698167668494
07cfe347048cebcf,Женский,33.0,Приволжский федеральный округ,Город с численностью от 100 тысяч до 500 тысяч,"Нет, домашних животных нет",,,,,,,,,,,,,,,,,,,,,,,,,,Выгул в неположенных местах,,,,,,,,,,,,,Несколько раз в неделю,Eжедневно менее четырех часов в день,Незаконченное высшее (с 3-го курса вуза) или законченное высшее,Среднее,"Работаю по договору, контракту в найме (за исключением находящихся в декретном отпуске, подрабатывающих студентов, пе...","Я работаю в КОММЕРЧЕСКОЙ организации, ее цель – получить прибыль (например, магазин, завод, фермерское хозяйство, АО/...","Торговля (оптовая, розничная, онлайн продажи; в т.ч. - недвижимость) Включает в том числе: Магазин, автосалон, аукцио...",1.741694347515518
07cfefc27c8ce9f6,Женский,32.0,Приволжский федеральный округ,Город с численностью от 100 тысяч до 500 тысяч,"Нет, домашних животных нет",,,,,,,,,,,,,,,,,,,,,,,,,,Отсутствие уборки за собаками во дворе,,,,,,,,,,,,,"Редко, но не менее одного раза в полгода",Eжедневно менее четырех часов в день,Незаконченное высшее (с 3-го курса вуза) или законченное высшее,Хорошее,"Работаю по договору, контракту в найме (за исключением находящихся в декретном отпуске, подрабатывающих студентов, пе...","Я работаю в КОММЕРЧЕСКОЙ организации, ее цель – получить прибыль (например, магазин, завод, фермерское хозяйство, АО/...","Строительство Включает в том числе: архитектура, проектирование, дизайн интерьера",1.741694347515518
07d00cdf22cce7aa,Женский,28.0,Приволжский федеральный округ,Город с численностью от 100 тысяч до 500 тысяч,Беспородная кошка,,,,,,,,,,,,Ветеринарные клиники,Зоомагазины,,,,,,,,,,,Нет,,,,,,,,,,,,,,,Несколько раз в неделю,Провожу в интернете более четырех часов ежедневно,Незаконченное высшее (с 3-го курса вуза) или законченное высшее,Плохое,"Работаю по договору, контракту в найме (за исключением находящихся в декретном отпуске, подрабатывающих студентов, пе...","Я работаю в КОММЕРЧЕСКОЙ организации, ее цель – получить прибыль (например, магазин, завод, фермерское хозяйство, АО/...","Торговля (оптовая, розничная, онлайн продажи; в т.ч. - недвижимость) Включает в том числе: Магазин, автосалон, аукцио...",1.741694347515518
07cfb9cc974ce024,Женский,30.0,Уральский федеральный округ,Город с численностью от 100 тысяч до 500 тысяч,Породистая собака,,,,,,,,,,,,Специально огороженные площадки для выгула или занятий домашних животных,ГрУминг-салоны (уход за животными),Ветеринарные клиники,Зоомагазины,,,,,,,,,"Да, время от времени",3,,,,,,,,,,,,,,Несколько раз в неделю,Провожу в интернете более четырех часов ежедневно,"Среднее профессиональное (техникум, колледж, ПТУ)",Очень хорошее,"Нахожусь в декретном отпуске, отпуске по уходу за ребенком",,,1.7892752096673026
07cfc9b8c04ce7a9,Женский,28.0,Дальневосточный федеральный округ,Город с численностью от 100 тысяч до 500 тысяч,Беспородная кошка,Декоративные птицы,Аквариумные рыбки,,,,,,,,,,Специально огороженные площадки для выгула или занятий домашних животных,Ветеринарные клиники,,,,,,,,,,,"Да, часто",,,,,,,,,,,,,,,Ежедневно менее четырех часов в день,Провожу в интернете более четырех часов ежедневно,"Среднее профессиональное (техникум, колледж, ПТУ)",Хорошее,"Работаю по договору, контракту в найме (за исключением находящихся в декретном отпуске, подрабатывающих студентов, пе...",Затрудняюсь ответить/ отказ от ответа,Другое (укажите),1.6205623750962572
07cfc664e78ce5c1,Женский,33.0,Дальневосточный федеральный округ,Город с численностью от 100 тысяч до 500 тысяч,"Нет, домашних животных нет",,,,,,,,,,,,,,,,,,,,,,,,,,Громкий лай в позднее или раннее время,,,,,,,,,,,,,Не смотрю,Провожу в интернете более четырех часов ежедневно,Незаконченное высшее (с 3-го курса вуза) или законченное высшее,Среднее,"Работаю по договору, контракту в найме (за исключением находящихся в декретном отпуске, подрабатывающих студентов, пе...","Работаю в органах власти, управления, судебных органах","Государственное и муниципальное управление, в т.ч. - судебные органы Включает в том числе: Госслужба, администрации/п...",2.1953466566389532
07cfecf71a0ce486,Женский,29.0,Центральный федеральный округ,Город с численностью от 500 тысяч до 950 тысяч,"Нет, домашних животных нет",,,,,,,,,,,,,,,,,,,,,,,,,,Ничего не беспокоило,,,,,,,,,,,,,Несколько раз в неделю,Eжедневно менее четырех часов в день,Незаконченное высшее (с 3-го курса вуза) или законченное высшее,Среднее,"Работаю по договору, контракту в найме (за исключением находящихся в декретном отпуске, подрабатывающих студентов, пе...","Я работаю в КОММЕРЧЕСКОЙ организации, ее цель – получить прибыль (например, магазин, завод, фермерское хозяйство, АО/...","Информационные технологии, связь, интернет Включает в том числе: Программирование /создание программного обеспечения,...",1.7296765939490921
07cfe596074ce27b,Женский,34.0,Южный федеральный округ,Город с численностью от 500 тысяч до 950 тысяч,Породистая собака,Аквариумные рыбки,,,,,,,,,,,"Магазины, в которых можно находиться с животными",Зоомагазины,Ветеринарные клиники,,,,,,,,,,Нет,2,,,,,,,,,,,,,,Не смотрю,Провожу в интернете более четырех часов ежедневно,Незаконченное высшее (с 3-го курса вуза) или законченное высшее,Среднее,"Работаю по договору, контракту в найме (за исключением находящихся в декретном отпуске, подрабатывающих студентов, пе...","Я работаю в КОММЕРЧЕСКОЙ организации, ее цель – получить прибыль (например, магазин, завод, фермерское хозяйство, АО/...","Промышленность, производство (в т.ч. добывающие, обрабатывающие отрасли, энергетика) Включает в том числе: Завод, ком...",1.4631449908518916
07cff02d9f8ce283,Женский,32.0,Южный федеральный округ,Город с численностью от 500 тысяч до 950 тысяч,Породистая кошка,,,,,,,,,,,,Зоомагазины,"Кафе, в которых можно находиться с животными",Ветеринарные клиники,,,,,,,,,,Не бываю с питомцем в общественных местах,,,,,,,,,,,,,,,Ежедневно менее четырех часов в день,Провожу в интернете более четырех часов ежедневно,"Два и более высших образования, ученая степень кандидата или доктора наук",Среднее,"Работаю по договору, контракту в найме (за исключением находящихся в декретном отпуске, подрабатывающих студентов, пе...","Я работаю в КОММЕРЧЕСКОЙ организации, ее цель – получить прибыль (например, магазин, завод, фермерское хозяйство, АО/...",Другое (укажите),1.4631449908518916
07d0090d6d4ce032,Женский,28.0,Северо-Кавказский федеральный округ,Город с численностью от 500 тысяч до 950 тысяч,"Нет, домашних животных нет",,,,,,,,,,,,,,,,,,,,,,,,,,Выгул в неположенных местах,"Укусы, нападения собак на людей",Самовыгул собак (без поводка),Выгул собак на длинном поводке,Отсутствие уборки за собаками во дворе,,,,,,,,,"Редко, но не менее одного раза в полгода",Eжедневно менее четырех часов в день,Незаконченное высшее (с 3-го курса вуза) или законченное высшее,Среднее,"Нахожусь в декретном отпуске, отпуске по уходу за ребенком",,,1.417231729016655
07cfdbab270cec7c,Женский,34.0,Приволжский федеральный округ,Город с численностью от 500 тысяч до 950 тысяч,"Нет, домашних животных нет",,,,,,,,,,,,,,,,,,,,,,,,,,Выгул в неположенных местах,Отсутствие уборки за собаками во дворе,,,,,,,,,,,,Несколько раз в неделю,Eжедневно менее четырех часов в день,"Среднее профессиональное (техникум, колледж, ПТУ)",Среднее,"Работаю по договору, контракту в найме (за исключением находящихся в декретном отпуске, подрабатывающих студентов, пе...","Я работаю в КОММЕРЧЕСКОЙ организации, ее цель – получить прибыль (например, магазин, завод, фермерское хозяйство, АО/...","Промышленность, производство (в т.ч. добывающие, обрабатывающие отрасли, энергетика) Включает в том числе: Завод, ком...",1.4880505974980907
07cff01a078ceda1,Женский,30.0,Сибирский федеральный округ,Город с численностью от 500 тысяч до 950 тысяч,Беспородная кошка,,,,,,,,,,,,Зоомагазины,Ветеринарные клиники,"Магазины, в которых можно находиться с животными",,,,,,,,,,Не бываю с питомцем в общественных местах,,,,,,,,,,,,,,,Не смотрю,Провожу в интернете более четырех часов ежедневно,Незаконченное высшее (с 3-го курса вуза) или законченное высшее,Среднее,"Работаю по договору, контракту в найме (за исключением находящихся в декретном отпуске, подрабатывающих студентов, пе...","Я работаю в КОММЕРЧЕСКОЙ организации, ее цель – получить прибыль (например, магазин, завод, фермерское хозяйство, АО/...","Финансовая и страховая деятельность, банковские услуги Включает в том числе: Банк, инвестиционный фонд, финансовая ар...",1.51239275689704
07cfb61e1b0ced5f,Женский,26.0,Дальневосточный федеральный округ,Город с численностью от 500 тысяч до 950 тысяч,Породистая собака,,,,,,,,,,,,ГрУминг-салоны (уход за животными),Зоомагазины,,,,,,,,,,,Нет,3,,,,,,,,,,,,,,Ежедневно менее четырех часов в день,Провожу в интернете более четырех часов ежедневно,"Среднее профессиональное (техникум, колледж, ПТУ)",Хорошее,"Работаю по договору, контракту в найме (за исключением находящихся в декретном отпуске, подрабатывающих студентов, пе...","Я работаю в БЮДЖЕТНОЙ организации, которая безвозмездно оказывает услуги населению (детский сад, общеобразовательная,...","Здравоохранение Включает в том числе: поликлиники, медицинские центры, больницы, стационары,  «Скорая помощь», санатории",1.4134278265286597
07d0005f2a0ce6ff,Женский,26.0,Центральный федеральный округ,Город с численностью жителей миллион и более человек,Беспородная кошка,,,,,,,,,,,,Зоомагазины,Специально огороженные площадки для выгула или занятий домашних животных,Стойки с пакетами для уборки за собаками,ГрУминг-салоны (уход за животными),Ветеринарные клиники,"Магазины, в которых можно находиться с животными",Лапомойки в доме,,,,,,Нет,,,,,,,,,,,,,,,Не смотрю,Провожу в интернете более четырех часов ежедневно,Среднее общее (10 или 11 классов школы с аттестатом),Плохое,"Нахожусь в декретном отпуске, отпуске по уходу за ребенком",,,2.117319864952762
07cfe0f0d9cceb2a,Женский,27.0,Центральный федеральный округ,Город с численностью жителей миллион и более человек,"Нет, домашних животных нет",,,,,,,,,,,,,,,,,,,,,,,,,,Отсутствие уборки за собаками во дворе,Выгул агрессивных собак без намордника,,,,,,,,,,,,Не смотрю,Провожу в интернете более четырех часов ежедневно,Незаконченное высшее (с 3-го курса вуза) или законченное высшее,Среднее,Самозанятый,,"Культура, искусство, спорт Включает в том числе: дома культуры, дома народного творчества, музеи, библиотеки,  концер...",2.077779590387881
07cfe5753a4ce977,Женский,33.0,Центральный федеральный округ,Город с численностью жителей миллион и более человек,Породистая собака,Беспородная кошка,,,,,,,,,,,Ветеринарные клиники,"Магазины, в которых можно находиться с животными",,,,,,,,,,,Нет,2,,,,,,,,,,,,,,Не смотрю,Провожу в интернете более четырех часов ежедневно,Незаконченное высшее (с 3-го курса вуза) или законченное высшее,Среднее,"Работаю по договору, контракту в найме (за исключением находящихся в декретном отпуске, подрабатывающих студентов, пе...","Я работаю в БЮДЖЕТНОЙ организации, которая безвозмездно оказывает услуги населению (детский сад, общеобразовательная,...","Здравоохранение Включает в том числе: поликлиники, медицинские центры, больницы, стационары,  «Скорая помощь», санатории",2.077779590387881
07d01db8774ce2aa,Женский,33.0,Центральный федеральный округ,Город с численностью жителей миллион и более человек,Беспородная собака,Беспородная кошка,,,,,,,,,,,Зоомагазины,Ветеринарные клиники,"Магазины, в которых можно находиться с животными",ГрУминг-салоны (уход за животными),Стойки с пакетами для уборки за собаками,Специально огороженные площадки для выгула или занятий домашних животных,"Кафе, в которых можно находиться с животными",,,,,,"Да, время от времени",3,,,,,,,,,,,,,,"Редко, но не менее одного раза в полгода",Eжедневно менее четырех часов в день,Незаконченное высшее (с 3-го курса вуза) или законченное высшее,Среднее,"Работаю по договору, контракту в найме (за исключением находящихся в декретном отпуске, подрабатывающих студентов, пе...","Я работаю в КОММЕРЧЕСКОЙ организации, ее цель – получить прибыль (например, магазин, завод, фермерское хозяйство, АО/...","Средства массовой информации (в т.ч. журналистика, блогерство, реклама, СММ)  Включает в том числе: Издательство печа...",2.077779590387881
07cff446da0ced2e,Женский,33.0,Центральный федеральный округ,Город с численностью жителей миллион и более человек,Беспородная собака,Беспородная кошка,,,,,,,,,,,ГрУминг-салоны (уход за животными),Специально огороженные площадки для выгула или занятий домашних животных,Специализированные урны для утилизации отходов жизнедеятельности собак,"Магазины, в которых можно находиться с животными",Ветеринарные клиники,"Кафе, в которых можно находиться с животными",Зоомагазины,Лапомойки в доме,Стойки с пакетами для уборки за собаками,,,,Нет,5- полностью удовлетворен,,,,,,,,,,,,,,Несколько раз в неделю,Провожу в интернете более четырех часов ежедневно,Незаконченное высшее (с 3-го курса вуза) или законченное высшее,Среднее,"Работаю по договору, контракту в найме (за исключением находящихся в декретном отпуске, подрабатывающих студентов, пе...","Работаю в органах власти, управления, судебных органах","Государственное и муниципальное управление, в т.ч. - судебные органы Включает в том числе: Госслужба, администрации/п...",2.077779590387881
07cff5e0128cebf9,Женский,25.0,Центральный федеральный округ,Город с численностью жителей миллион и более человек,"Нет, домашних животных нет",,,,,,,,,,,,,,,,,,,,,,,,,,Громкий лай в позднее или раннее время,Агрессивное поведение собак по отношению к другим животным,,,,,,,,,,,,Смотрю более четырех часов ежедневно,Провожу в интернете более четырех часов ежедневно,Незаконченное высшее (с 3-го курса вуза) или законченное высшее,Плохое,"Нахожусь в декретном отпуске, отпуске по уходу за ребенком",,,1.6877067305909579
07d00556334ce567,Женский,25.0,Центральный федеральный округ,Город с численностью жителей миллион и более человек,"Нет, домашних животных нет",,,,,,,,,,,,,,,,,,,,,,,,,,Ничего не беспокоило,,,,,,,,,,,,,Не смотрю,Провожу в интернете более четырех часов ежедневно,Незаконченное высшее (с 3-го курса вуза) или законченное высшее,Среднее,"Нахожусь в декретном отпуске, отпуске по уходу за ребенком",,,1.6877067305909579
07d01fe962cceb68,Женский,29.0,Северо-Западный федеральный округ,Город с численностью жителей миллион и более человек,"Нет, домашних животных нет",,,,,,,,,,,,,,,,,,,,,,,,,,Выгул собак на длинном поводке,Самовыгул собак (без поводка),Выгул агрессивных собак без намордника,,,,,,,,,,,Не смотрю,Провожу в интернете более четырех часов ежедневно,"Среднее профессиональное (техникум, колледж, ПТУ)",Среднее,"Работаю по договору, контракту в найме (за исключением находящихся в декретном отпуске, подрабатывающих студентов, пе...",Затрудняюсь ответить/ отказ от ответа,"Культура, искусство, спорт Включает в том числе: дома культуры, дома народного творчества, музеи, библиотеки,  концер...",1.7394192679901153
07cfdd87688ce724,Женский,28.0,Северо-Западный федеральный округ,Город с численностью жителей миллион и более человек,Беспородная кошка,,,,,,,,,,,,Зоомагазины,Специально огороженные площадки для выгула или занятий домашних животных,,,,,,,,,,,Нет,,,,,,,,,,,,,,,Не смотрю,Eжедневно менее четырех часов в день,Незаконченное высшее (с 3-го курса вуза) или законченное высшее,Среднее,Самозанятый,,"Информационные технологии, связь, интернет Включает в том числе: Программирование /создание программного обеспечения,...",1.7069361667930703
07cfdf7ad58ce6e3,Женский,33.0,Северо-Западный федеральный округ,Город с численностью жителей миллион и более человек,"Нет, домашних животных нет",,,,,,,,,,,,,,,,,,,,,,,,,,Громкий лай в позднее или раннее время,Самовыгул собак (без поводка),"Отсутствие уборки за собаками в доме (в лифте, в подъезде)",Отсутствие уборки за собаками во дворе,Выгул собак на длинном поводке,,,,,,,,,"Редко, но не менее одного раза в полгода",Провожу в интернете более четырех часов ежедневно,Незаконченное высшее (с 3-го курса вуза) или законченное высшее,Среднее,"Временно не работаю, безработный",,,1.7069361667930703
07d00709ca8ce46b,Женский,32.0,Северо-Западный федеральный округ,Город с численностью жителей миллион и более человек,Породистая кошка,,,,,,,,,,,,Зоомагазины,Ветеринарные клиники,ГрУминг-салоны (уход за животными),,,,,,,,,,Не бываю с питомцем в общественных местах,,,,,,,,,,,,,,,Не смотрю,Провожу в интернете более четырех часов ежедневно,Незаконченное высшее (с 3-го курса вуза) или законченное высшее,Хорошее,"Работаю по договору, контракту в найме (за исключением находящихся в декретном отпуске, подрабатывающих студентов, пе...","Я работаю в КОММЕРЧЕСКОЙ организации, ее цель – получить прибыль (например, магазин, завод, фермерское хозяйство, АО/...","Финансовая и страховая деятельность, банковские услуги Включает в том числе: Банк, инвестиционный фонд, финансовая ар...",1.7069361667930703
07d007daca8cefb2,Женский,34.0,Северо-Западный федеральный округ,Город с численностью жителей миллион и более человек,Беспородная кошка,,,,,,,,,,,,Ветеринарные клиники,,,,,,,,,,,,Нет,,,,,,,,,,,,,,,Не смотрю,Провожу в интернете более четырех часов ежедневно,Незаконченное высшее (с 3-го курса вуза) или законченное высшее,Хорошее,"Работаю по договору, контракту в найме (за исключением находящихся в декретном отпуске, подрабатывающих студентов, пе...","Я работаю в КОММЕРЧЕСКОЙ организации, ее цель – получить прибыль (например, магазин, завод, фермерское хозяйство, АО/...","Строительство Включает в том числе: архитектура, проектирование, дизайн интерьера",1.7069361667930703
07d02d7a57cce101,Женский,30.0,Северо-Западный федеральный округ,Город с численностью жителей миллион и более человек,Породистая кошка,,,,,,,,,,,,Зоомагазины,"Кафе, в которых можно находиться с животными",,,,,,,,,,,Нет,,,,,,,,,,,,,,,Смотрю более четырех часов ежедневно,Провожу в интернете более четырех часов ежедневно,Незаконченное высшее (с 3-го курса вуза) или законченное высшее,Среднее,Самозанятый,,"Образование, наука Включает в том числе: ясли, детский сад, школа, ССУЗ, вуз, научно-исследовательские институты, центры",1.7069361667930703
07d03955748ce36b,Женский,34.0,Северо-Западный федеральный округ,Город с численностью жителей миллион и более человек,Беспородная кошка,,,,,,,,,,,,Зоомагазины,ГрУминг-салоны (уход за животными),Ветеринарные клиники,Специально огороженные площадки для выгула или занятий домашних животных,,,,,,,,,Нет,,,,,,,,,,,,,,,Не смотрю,Провожу в интернете более четырех часов ежедневно,Незаконченное высшее (с 3-го курса вуза) или законченное высшее,Среднее,Самозанятый,,"Строительство Включает в том числе: архитектура, проектирование, дизайн интерьера",1.7069361667930703
07d0141f2a8ce414,Женский,34.0,Южный федеральный округ,Город с численностью жителей миллион и более человек,Породистая собака,,,,,,,,,,,,Ветеринарные клиники,"Кафе, в которых можно находиться с животными",Зоомагазины,,,,,,,,,,"Да, время от времени",1 – совершенно не удовлетворен,,,,,,,,,,,,,,Несколько раз в месяц,Eжедневно менее четырех часов в день,Незаконченное высшее (с 3-го курса вуза) или законченное высшее,Среднее,"Работаю по договору, контракту в найме (за исключением находящихся в декретном отпуске, подрабатывающих студентов, пе...","Я работаю в КОММЕРЧЕСКОЙ организации, ее цель – получить прибыль (например, магазин, завод, фермерское хозяйство, АО/...","Торговля (оптовая, розничная, онлайн продажи; в т.ч. - недвижимость) Включает в том числе: Магазин, автосалон, аукцио...",1.7576076420328774
07cfd270bccce73a,Женский,29.0,Приволжский федеральный округ,Город с численностью жителей миллион и более человек,Беспородная кошка,,,,,,,,,,,,Стойки с пакетами для уборки за собаками,Зоомагазины,Ветеринарные клиники,ГрУминг-салоны (уход за животными),Лапомойки в доме,Специально огороженные площадки для выгула или занятий домашних животных,"Магазины, в которых можно находиться с животными",,,,,,Не бываю с питомцем в общественных местах,,,,,,,,,,,,,,,"Редко, но не менее одного раза в полгода",Провожу в интернете более четырех часов ежедневно,Незаконченное высшее (с 3-го курса вуза) или законченное высшее,Среднее,"Работаю по договору, контракту в найме (за исключением находящихся в декретном отпуске, подрабатывающих студентов, пе...","Я работаю в НЕКОММЕРЧЕСКОЙ организации, которая оказывает помощь населению (благотворительные фонды, центры поддержки...",,1.8247963153141362
07cfd544e74ce0e7,Женский,34.0,Приволжский федеральный округ,Город с численностью жителей миллион и более человек,"Нет, домашних животных нет",,,,,,,,,,,,,,,,,,,,,,,,,,Большое количество бродячих собак (из другого),,,,,,,,,,,,,Ежедневно менее четырех часов в день,Eжедневно менее четырех часов в день,Незаконченное высшее (с 3-го курса вуза) или законченное высшее,Среднее,"Нахожусь в декретном отпуске, отпуске по уходу за ребенком",,,1.8247963153141362
07cfe32e5fcce346,Женский,30.0,Приволжский федеральный округ,Город с численностью жителей миллион и более человек,"Нет, домашних животных нет",,,,,,,,,,,,,,,,,,,,,,,,,,"Укусы, нападения собак на людей",,,,,,,,,,,,,Ежедневно менее четырех часов в день,Eжедневно менее четырех часов в день,Незаконченное высшее (с 3-го курса вуза) или законченное высшее,Среднее,"Нахожусь в декретном отпуске, отпуске по уходу за ребенком",,,1.8247963153141362
07cfe72bed8ce291,Женский,34.0,Приволжский федеральный округ,Город с численностью жителей миллион и более человек,Аквариумные рыбки,Породистая собака,Породистая кошка,,,,,,,,,,Зоомагазины,"Магазины, в которых можно находиться с животными",Ветеринарные клиники,Специально огороженные площадки для выгула или занятий домашних животных,ГрУминг-салоны (уход за животными),,,,,,,,"Да, время от времени",4,,,,,,,,,,,,,,Смотрю более четырех часов ежедневно,Провожу в интернете более четырех часов ежедневно,Незаконченное высшее (с 3-го курса вуза) или законченное высшее,Среднее,"Временно не работаю, безработный",,,1.8247963153141362
07cfe9fcab0cedc0,Женский,26.0,Приволжский федеральный округ,Город с численностью жителей миллион и более человек,Беспородная кошка,,,,,,,,,,,,Специально огороженные площадки для выгула или занятий домашних животных,Ветеринарные клиники,Зоомагазины,,,,,,,,,,Не бываю с питомцем в общественных местах,,,,,,,,,,,,,,,"Редко, но не менее одного раза в полгода",Провожу в интернете более четырех часов ежедневно,Незаконченное высшее (с 3-го курса вуза) или законченное высшее,Среднее,"Работаю по договору, контракту в найме (за исключением находящихся в декретном отпуске, подрабатывающих студентов, пе...","Я работаю в КОММЕРЧЕСКОЙ организации, ее цель – получить прибыль (например, магазин, завод, фермерское хозяйство, АО/...","Торговля (оптовая, розничная, онлайн продажи; в т.ч. - недвижимость) Включает в том числе: Магазин, автосалон, аукцио...",1.8247963153141362
07cffca57d4cef88,Женский,32.0,Приволжский федеральный округ,Город с численностью жителей миллион и более человек,"Нет, домашних животных нет",,,,,,,,,,,,,,,,,,,,,,,,,,Отсутствие уборки за собаками во дворе,,,,,,,,,,,,,Не смотрю,Провожу в интернете более четырех часов ежедневно,Незаконченное высшее (с 3-го курса вуза) или законченное высшее,Среднее,Самозанятый,,"Образование, наука Включает в том числе: ясли, детский сад, школа, ССУЗ, вуз, научно-исследовательские институты, центры",1.8247963153141362
07cfbd274d4cec23,Женский,25.0,Уральский федеральный округ,Город с численностью жителей миллион и более человек,Породистая кошка,Беспородная собака,,,,,,,,,,,Зоомагазины,"Кафе, в которых можно находиться с животными",,,,,,,,,,,"Да, время от времени",3,,,,,,,,,,,,,,Не смотрю,Провожу в интернете более четырех часов ежедневно,"Среднее профессиональное (техникум, колледж, ПТУ)",Хорошее,"Работаю по договору, контракту в найме (за исключением находящихся в декретном отпуске, подрабатывающих студентов, пе...","Я работаю в КОММЕРЧЕСКОЙ организации, ее цель – получить прибыль (например, магазин, завод, фермерское хозяйство, АО/...","Здравоохранение Включает в том числе: поликлиники, медицинские центры, больницы, стационары,  «Скорая помощь», санатории",1.8746474169485299
07cfcbd6fbcce677,Женский,27.0,Уральский федеральный округ,Город с численностью жителей миллион и более человек,Беспородная собака,,,,,,,,,,,,Зоомагазины,,,,,,,,,,,,"Да, время от времени",3,,,,,,,,,,,,,,Несколько раз в неделю,Eжедневно менее четырех часов в день,"Два и более высших образования, ученая степень кандидата или доктора наук",Затрудняюсь ответить,Самозанятый,,"Социальные услуги, социальное обеспечение Включает в том числе: собес, пенсионный фонд, реабилитационный центр, центр...",1.6594734891163734
07cfba01a9cce456,Женский,33.0,Сибирский федеральный округ,Город с численностью жителей миллион и более человек,Породистая кошка,,,,,,,,,,,,Ветеринарные клиники,Зоомагазины,,,,,,,,,,,Нет,,,,,,,,,,,,,,,"Редко, но не менее одного раза в полгода",Провожу в интернете более четырех часов ежедневно,"Два и более высших образования, ученая степень кандидата или доктора наук",Среднее,"Работаю по договору, контракту в найме (за исключением находящихся в декретном отпуске, подрабатывающих студентов, пе...","Я работаю в КОММЕРЧЕСКОЙ организации, ее цель – получить прибыль (например, магазин, завод, фермерское хозяйство, АО/...","Промышленность, производство (в т.ч. добывающие, обрабатывающие отрасли, энергетика) Включает в том числе: Завод, ком...",1.8167666799239912
07cff01b9accee53,Женский,30.0,Сибирский федеральный округ,Город с численностью жителей миллион и более человек,Беспородная кошка,,,,,,,,,,,,Специализированные урны для утилизации отходов жизнедеятельности собак,"Магазины, в которых можно находиться с животными",Ветеринарные клиники,"Кафе, в которых можно находиться с животными",Зоомагазины,Стойки с пакетами для уборки за собаками,ГрУминг-салоны (уход за животными),,,,,,Не бываю с питомцем в общественных местах,,,,,,,,,,,,,,,Не смотрю,Eжедневно менее четырех часов в день,Незаконченное высшее (с 3-го курса вуза) или законченное высшее,Среднее,Самозанятый,,"Сфера услуг, сервиса, бытового обслуживания Включает в том числе: Прачечная/химчистка, ремонт мебели, часов, ювелирны...",1.8167666799239912
07cfed873f0ce7bc,Женский,41.0,Центральный федеральный округ,Село,Беспородная кошка,,,,,,,,,,,,"Магазины, в которых можно находиться с животными",,,,,,,,,,,,Не бываю с питомцем в общественных местах,,,,,,,,,,,,,,,Ежедневно менее четырех часов в день,Eжедневно менее четырех часов в день,Незаконченное высшее (с 3-го курса вуза) или законченное высшее,Среднее,"Работаю по договору, контракту в найме (за исключением находящихся в декретном отпуске, подрабатывающих студентов, пе...","Я работаю в БЮДЖЕТНОЙ организации, которая безвозмездно оказывает услуги населению (детский сад, общеобразовательная,...","Образование, наука Включает в том числе: ясли, детский сад, школа, ССУЗ, вуз, научно-исследовательские институты, центры",1.807628397910609
07d01819110ce60e,Женский,39.0,Центральный федеральный округ,Село,Беспородная собака,,,,,,,,,,,,Стойки с пакетами для уборки за собаками,,,,,,,,,,,,"Да, часто",1 – совершенно не удовлетворен,,,,,,,,,,,,,,Несколько раз в неделю,Провожу в интернете более четырех часов ежедневно,Незаконченное высшее (с 3-го курса вуза) или законченное высшее,Среднее,"Работаю по договору, контракту в найме (за исключением находящихся в декретном отпуске, подрабатывающих студентов, пе...","Я работаю в КОММЕРЧЕСКОЙ организации, ее цель – получить прибыль (например, магазин, завод, фермерское хозяйство, АО/...","Торговля (оптовая, розничная, онлайн продажи; в т.ч. - недвижимость) Включает в том числе: Магазин, автосалон, аукцио...",1.807628397910609
07cfd696b94ce9c3,Женский,41.0,Центральный федеральный округ,Село,Беспородная кошка,,,,,,,,,,,,Ничего,,,,,,,,,,,,"Да, время от времени",,,,,,,,,,,,,,,Смотрю более четырех часов ежедневно,Eжедневно менее четырех часов в день,"Среднее профессиональное (техникум, колледж, ПТУ)",Среднее,Неработающий пенсионер (в том числе по инвалидности),,,1.6159875781029502
07d0221a21cce2c5,Женский,40.0,Центральный федеральный округ,Село,Беспородная кошка,,,,,,,,,,,,Ничего,,,,,,,,,,,,Не бываю с питомцем в общественных местах,,,,,,,,,,,,,,,Не смотрю,Несколько раз в неделю,"Среднее профессиональное (техникум, колледж, ПТУ)",Среднее,"Работаю по договору, контракту в найме (за исключением находящихся в декретном отпуске, подрабатывающих студентов, пе...","Я работаю в КОММЕРЧЕСКОЙ организации, ее цель – получить прибыль (например, магазин, завод, фермерское хозяйство, АО/...","Промышленность, производство (в т.ч. добывающие, обрабатывающие отрасли, энергетика) Включает в том числе: Завод, ком...",1.6159875781029502
07cfd397d88ce0f9,Женский,41.0,Центральный федеральный округ,Село,Беспородная собака,Беспородная кошка,Аквариумные рыбки,,,,,,,,,,Зоомагазины,Специально огороженные площадки для выгула или занятий домашних животных,Ветеринарные клиники,ГрУминг-салоны (уход за животными),,,,,,,,,Нет,Затрудняюсь ответить,,,,,,,,,,,,,,"Редко, но не менее одного раза в полгода",Eжедневно менее четырех часов в день,Незаконченное высшее (с 3-го курса вуза) или законченное высшее,Среднее,"Работаю по договору, контракту в найме (за исключением находящихся в декретном отпуске, подрабатывающих студентов, пе...","Я работаю в БЮДЖЕТНОЙ организации, которая безвозмездно оказывает услуги населению (детский сад, общеобразовательная,...","Здравоохранение Включает в том числе: поликлиники, медицинские центры, больницы, стационары,  «Скорая помощь», санатории",1.4682724903422362
07cfd886bacce801,Женский,35.0,Центральный федеральный округ,Село,"Нет, домашних животных нет",,,,,,,,,,,,,,,,,,,,,,,,,,Отсутствие уборки за собаками во дворе,Выгул агрессивных собак без намордника,Выгул в неположенных местах,Громкий лай в позднее или раннее время,"Укусы, нападения собак на людей",Самовыгул собак (без поводка),,,,,,,,Несколько раз в неделю,Eжедневно менее четырех часов в день,Незаконченное высшее (с 3-го курса вуза) или законченное высшее,Очень плохое,"Нахожусь в декретном отпуске, отпуске по уходу за ребенком",,,1.4682724903422362
07d019091a4ceaae,Женский,42.0,Центральный федеральный округ,Село,Беспородная кошка,Породистая кошка,,,,,,,,,,,ГрУминг-салоны (уход за животными),Ветеринарные клиники,,,,,,,,,,,Нет,,,,,,,,,,,,,,,Не смотрю,Провожу в интернете более четырех часов ежедневно,"Два и более высших образования, ученая степень кандидата или доктора наук",Среднее,"Работаю по договору, контракту в найме (за исключением находящихся в декретном отпуске, подрабатывающих студентов, пе...","Я работаю в БЮДЖЕТНОЙ организации, которая безвозмездно оказывает услуги населению (детский сад, общеобразовательная,...","Образование, наука Включает в том числе: ясли, детский сад, школа, ССУЗ, вуз, научно-исследовательские институты, центры",1.4682724903422362
07cffa941f4ce2aa,Женский,40.0,Северо-Западный федеральный округ,Село,Беспородная кошка," Мелкие животные (хомячки, морские свинки, черепашки и т.п.)",Беспородная собака,,,,,,,,,,Ветеринарные клиники,"Магазины, в которых можно находиться с животными",ГрУминг-салоны (уход за животными),Зоомагазины,,,,,,,,,Нет,5- полностью удовлетворен,,,,,,,,,,,,,,Не смотрю,Провожу в интернете более четырех часов ежедневно,"Среднее профессиональное (техникум, колледж, ПТУ)",Среднее,"Работаю по договору, контракту в найме (за исключением находящихся в декретном отпуске, подрабатывающих студентов, пе...","Я работаю в БЮДЖЕТНОЙ организации, которая безвозмездно оказывает услуги населению (детский сад, общеобразовательная,...","Транспортировка и хранение (складское хозяйство) Включает в том числе: Перевозка грузов, ж/д, авиа, водный, космическ...",1.5132614061844982
07cfd2cc9a4cea22,Женский,36.0,Южный федеральный округ,Село,Беспородная собака,Беспородная кошка,,,,,,,,,,,Зоомагазины,,,,,,,,,,,,Нет,5- полностью удовлетворен,,,,,,,,,,,,,,Несколько раз в неделю,Провожу в интернете более четырех часов ежедневно,"Среднее профессиональное (техникум, колледж, ПТУ)",Среднее,"Временно не работаю, безработный",,,1.5908414044783405
07cfde6b0d8ce4d3,Женский,43.0,Южный федеральный округ,Село,Породистая кошка,Аквариумные рыбки,Декоративные птицы,,,,,,,,,,Ветеринарные клиники,Зоомагазины,,,,,,,,,,,Нет,,,,,,,,,,,,,,,Несколько раз в неделю,Eжедневно менее четырех часов в день,Среднее общее (10 или 11 классов школы с аттестатом),Среднее,"Работаю по договору, контракту в найме (за исключением находящихся в декретном отпуске, подрабатывающих студентов, пе...","Я работаю в БЮДЖЕТНОЙ организации, которая безвозмездно оказывает услуги населению (детский сад, общеобразовательная,...","Образование, наука Включает в том числе: ясли, детский сад, школа, ССУЗ, вуз, научно-исследовательские институты, центры",1.5908414044783405
07cfdf3eb58ce67a,Женский,41.0,Южный федеральный округ,Село,Беспородная собака,Беспородная кошка,,,,,,,,,,,Ничего,,,,,,,,,,,,Не бываю с питомцем в общественных местах,"Животное не требует выгула, не могу оценить",,,,,,,,,,,,,,Несколько раз в неделю,Eжедневно менее четырех часов в день,"Среднее профессиональное (техникум, колледж, ПТУ)",Среднее,"Работаю по договору, контракту в найме (за исключением находящихся в декретном отпуске, подрабатывающих студентов, пе...","Я работаю в БЮДЖЕТНОЙ организации, которая безвозмездно оказывает услуги населению (детский сад, общеобразовательная,...","Сфера услуг, сервиса, бытового обслуживания Включает в том числе: Прачечная/химчистка, ремонт мебели, часов, ювелирны...",1.5908414044783405
07cfe3f9290ce04b,Женский,35.0,Южный федеральный округ,Село,"Нет, домашних животных нет",,,,,,,,,,,,,,,,,,,,,,,,,,Выгул агрессивных собак без намордника,Агрессивное поведение собак по отношению к другим животным,Самовыгул собак (без поводка),,,,,,,,,,,Не смотрю,Провожу в интернете более четырех часов ежедневно,"Среднее профессиональное (техникум, колледж, ПТУ)",Среднее,"Предприниматель, собственник бизнеса",,"Торговля (оптовая, розничная, онлайн продажи; в т.ч. - недвижимость) Включает в том числе: Магазин, автосалон, аукцио...",1.5908414044783405
07cfd375f30ce65e,Женский,42.0,Южный федеральный округ,Село,Беспородная собака,Беспородная кошка,,,,,,,,,,,Ничего,,,,,,,,,,,,"Да, время от времени",3,,,,,,,,,,,,,,Не смотрю,Провожу в интернете более четырех часов ежедневно,Незаконченное высшее (с 3-го курса вуза) или законченное высшее,Среднее,"Работаю по договору, контракту в найме (за исключением находящихся в декретном отпуске, подрабатывающих студентов, пе...","Я работаю в КОММЕРЧЕСКОЙ организации, ее цель – получить прибыль (например, магазин, завод, фермерское хозяйство, АО/...","Промышленность, производство (в т.ч. добывающие, обрабатывающие отрасли, энергетика) Включает в том числе: Завод, ком...",1.5290849428019606
07cfe0ca630ce071,Женский,36.0,Южный федеральный округ,Село,Породистая кошка,,,,,,,,,,,,Ветеринарные клиники,,,,,,,,,,,,"Да, время от времени",,,,,,,,,,,,,,,Несколько раз в неделю,Провожу в интернете более четырех часов ежедневно,Незаконченное высшее (с 3-го курса вуза) или законченное высшее,Среднее,"Работаю по договору, контракту в найме (за исключением находящихся в декретном отпуске, подрабатывающих студентов, пе...","Я работаю в БЮДЖЕТНОЙ организации, которая безвозмездно оказывает услуги населению (детский сад, общеобразовательная,...","Образование, наука Включает в том числе: ясли, детский сад, школа, ССУЗ, вуз, научно-исследовательские институты, центры",1.5290849428019606
07cfe2c9fb4ce5ee,Женский,38.0,Южный федеральный округ,Село,"Нет, домашних животных нет",,,,,,,,,,,,,,,,,,,,,,,,,,Ничего не беспокоило,,,,,,,,,,,,,Не смотрю,Eжедневно менее четырех часов в день,Незаконченное высшее (с 3-го курса вуза) или законченное высшее,Среднее,Самозанятый,,"Информационные технологии, связь, интернет Включает в том числе: Программирование /создание программного обеспечения,...",1.5290849428019606
07cfec70e88ce363,Женский,44.0,Южный федеральный округ,Село,"Нет, домашних животных нет",,,,,,,,,,,,,,,,,,,,,,,,,,Отсутствие уборки за собаками во дворе,Выгул агрессивных собак без намордника,,,,,,,,,,,,Смотрю более четырех часов ежедневно,Провожу в интернете более четырех часов ежедневно,Незаконченное высшее (с 3-го курса вуза) или законченное высшее,Среднее,"Временно не работаю, безработный",,,1.5290849428019606
07cfdcdcb40ce5f1,Женский,38.0,Северо-Кавказский федеральный округ,Село,Беспородная кошка,,,,,,,,,,,,"Магазины, в которых можно находиться с животными","Кафе, в которых можно находиться с животными",Зоомагазины,Ветеринарные клиники,Специально огороженные площадки для выгула или занятий домашних животных,,,,,,,,Не бываю с питомцем в общественных местах,,,,,,,,,,,,,,,Не смотрю,Eжедневно менее четырех часов в день,Среднее общее (10 или 11 классов школы с аттестатом),Плохое,Самозанятый,,"Социальные услуги, социальное обеспечение Включает в том числе: собес, пенсионный фонд, реабилитационный центр, центр...",1.8473160661659593
07cff366af8cecd4,Женский,37.0,Северо-Кавказский федеральный округ,Село,"Нет, домашних животных нет",,,,,,,,,,,,,,,,,,,,,,,,,,Ничего не беспокоило,,,,,,,,,,,,,Не смотрю,Eжедневно менее четырех часов в день,Среднее общее (10 или 11 классов школы с аттестатом),Хорошее,Неработающий пенсионер (в том числе по инвалидности),,,1.8473160661659593
07cfd9558dcce5aa,Женский,42.0,Северо-Кавказский федеральный округ,Село,Беспородная кошка,Беспородная собака,,,,,,,,,,,Ветеринарные клиники,Зоомагазины,,,,,,,,,,,Не бываю с питомцем в общественных местах,1 – совершенно не удовлетворен,,,,,,,,,,,,,,Не смотрю,Eжедневно менее четырех часов в день,Незаконченное высшее (с 3-го курса вуза) или законченное высшее,Среднее,"Временно не работаю, безработный",,,1.4811024955488634
07cfe41ec70cebb3,Женский,44.0,Приволжский федеральный округ,Село,Беспородная собака,Беспородная кошка,"Домашний скот (куры, коровы, козы и т.п.) (из другого)",Аквариумные рыбки,,,,,,,,,Ничего,,,,,,,,,,,,Не бываю с питомцем в общественных местах,1 – совершенно не удовлетворен,,,,,,,,,,,,,,Не смотрю,Eжедневно менее четырех часов в день,"Среднее профессиональное (техникум, колледж, ПТУ)",Среднее,"Работаю по договору, контракту в найме (за исключением находящихся в декретном отпуске, подрабатывающих студентов, пе...","Я работаю в БЮДЖЕТНОЙ организации, которая безвозмездно оказывает услуги населению (детский сад, общеобразовательная,...","Образование, наука Включает в том числе: ясли, детский сад, школа, ССУЗ, вуз, научно-исследовательские институты, центры",1.5551129771746024
07cfe95b490ce617,Женский,42.0,Приволжский федеральный округ,Село,Породистая собака,Породистая кошка,,,,,,,,,,,Ничего,,,,,,,,,,,,Затрудняюсь ответить,Затрудняюсь ответить,,,,,,,,,,,,,,Смотрю более четырех часов ежедневно,Провожу в интернете более четырех часов ежедневно,Среднее общее (10 или 11 классов школы с аттестатом),Затрудняюсь ответить,"Работаю по договору, контракту в найме (за исключением находящихся в декретном отпуске, подрабатывающих студентов, пе...",Затрудняюсь ответить/ отказ от ответа,"Социальные услуги, социальное обеспечение Включает в том числе: собес, пенсионный фонд, реабилитационный центр, центр...",1.5551129771746024
07cff191cfcce5a5,Женский,41.0,Приволжский федеральный округ,Село,Беспородная собака,Беспородная кошка,,,,,,,,,,,Ничего,,,,,,,,,,,,Нет,5- полностью удовлетворен,,,,,,,,,,,,,,Ежедневно менее четырех часов в день,Несколько раз в неделю,"Среднее профессиональное (техникум, колледж, ПТУ)",Хорошее,"Работаю по договору, контракту в найме (за исключением находящихся в декретном отпуске, подрабатывающих студентов, пе...","Я работаю в КОММЕРЧЕСКОЙ организации, ее цель – получить прибыль (например, магазин, завод, фермерское хозяйство, АО/...","Культура, искусство, спорт Включает в том числе: дома культуры, дома народного творчества, музеи, библиотеки,  концер...",1.5551129771746024
07d003ecf0ccedab,Женский,36.0,Приволжский федеральный округ,Село,Породистая кошка,,,,,,,,,,,,Ничего,,,,,,,,,,,,Нет,,,,,,,,,,,,,,,Смотрю более четырех часов ежедневно,Провожу в интернете более четырех часов ежедневно,"Среднее профессиональное (техникум, колледж, ПТУ)",Очень плохое,"Временно не работаю, безработный",,,1.5551129771746024
07d01448eeccea73,Женский,39.0,Приволжский федеральный округ,Село,Беспородная кошка,,,,,,,,,,,,Ничего,,,,,,,,,,,,Нет,,,,,,,,,,,,,,,Несколько раз в неделю,Провожу в интернете более четырех часов ежедневно,"Среднее профессиональное (техникум, колледж, ПТУ)",Хорошее,"Работаю по договору, контракту в найме (за исключением находящихся в декретном отпуске, подрабатывающих студентов, пе...","Я работаю в БЮДЖЕТНОЙ организации, которая безвозмездно оказывает услуги населению (детский сад, общеобразовательная,...","Здравоохранение Включает в том числе: поликлиники, медицинские центры, больницы, стационары,  «Скорая помощь», санатории",1.5551129771746024
07cfe492150ce2b1,Женский,38.0,Приволжский федеральный округ,Село,Беспородная кошка,,,,,,,,,,,,Ветеринарные клиники,,,,,,,,,,,,Нет,,,,,,,,,,,,,,,Несколько раз в неделю,Eжедневно менее четырех часов в день,Незаконченное высшее (с 3-го курса вуза) или законченное высшее,Среднее,"Временно не работаю, безработный",,,1.5875378000746934
07cff0fdef4ce2f8,Женский,35.0,Приволжский федеральный округ,Село,Беспородная кошка," Мелкие животные (хомячки, морские свинки, черепашки и т.п.)",,,,,,,,,,,Ветеринарные клиники,Зоомагазины,,,,,,,,,,,Нет,,,,,,,,,,,,,,,Ежедневно менее четырех часов в день,Eжедневно менее четырех часов в день,Незаконченное высшее (с 3-го курса вуза) или законченное высшее,Среднее,"Работаю по договору, контракту в найме (за исключением находящихся в декретном отпуске, подрабатывающих студентов, пе...","Я работаю в БЮДЖЕТНОЙ организации, которая безвозмездно оказывает услуги населению (детский сад, общеобразовательная,...","Образование, наука Включает в том числе: ясли, детский сад, школа, ССУЗ, вуз, научно-исследовательские институты, центры",1.5875378000746934
07d01142e7cce9fe,Женский,44.0,Приволжский федеральный округ,Село,"Нет, домашних животных нет",,,,,,,,,,,,,,,,,,,,,,,,,,Самовыгул собак (без поводка),Выгул агрессивных собак без намордника,"Укусы, нападения собак на людей",,,,,,,,,,,Несколько раз в неделю,Провожу в интернете более четырех часов ежедневно,Незаконченное высшее (с 3-го курса вуза) или законченное высшее,Среднее,"Работаю по договору, контракту в найме (за исключением находящихся в декретном отпуске, подрабатывающих студентов, пе...","Я работаю в БЮДЖЕТНОЙ организации, которая безвозмездно оказывает услуги населению (детский сад, общеобразовательная,...","Сельское, лесное хозяйство, охота, рыболовство и рыбоводство Включает в том числе: Фермерское хозяйство, скотобойни, ...",1.5875378000746934
07cfd0318f8ce265,Женский,39.0,Уральский федеральный округ,Село,Беспородная кошка,,,,,,,,,,,,Специально огороженные площадки для выгула или занятий домашних животных,"Кафе, в которых можно находиться с животными","Магазины, в которых можно находиться с животными",,,,,,,,,,Не бываю с питомцем в общественных местах,,,,,,,,,,,,,,,"Редко, но не менее одного раза в полгода",Провожу в интернете более четырех часов ежедневно,Незаконченное высшее (с 3-го курса вуза) или законченное высшее,Среднее,"Работаю по договору, контракту в найме (за исключением находящихся в декретном отпуске, подрабатывающих студентов, пе...","Я работаю в КОММЕРЧЕСКОЙ организации, ее цель – получить прибыль (например, магазин, завод, фермерское хозяйство, АО/...",Другое (укажите),1.4437101116902256
07cfc0144f0cee4a,Женский,42.0,Сибирский федеральный округ,Село,Беспородная собака,,,,,,,,,,,,Ничего,,,,,,,,,,,,Нет,5- полностью удовлетворен,,,,,,,,,,,,,,"Редко, но не менее одного раза в полгода",Eжедневно менее четырех часов в день,Незаконченное высшее (с 3-го курса вуза) или законченное высшее,Среднее,"Работаю по договору, контракту в найме (за исключением находящихся в декретном отпуске, подрабатывающих студентов, пе...","Я работаю в КОММЕРЧЕСКОЙ организации, ее цель – получить прибыль (например, магазин, завод, фермерское хозяйство, АО/...","Промышленность, производство (в т.ч. добывающие, обрабатывающие отрасли, энергетика) Включает в том числе: Завод, ком...",1.5805521712701567
07cfd0a6d44cedd7,Женский,35.0,Дальневосточный федеральный округ,Село,Беспородная кошка,Беспородная собака,"Домашний скот (куры, коровы, козы и т.п.) (из другого)",,,,,,,,,,Ничего,,,,,,,,,,,,"Да, время от времени",3,,,,,,,,,,,,,,"Редко, но не менее одного раза в полгода",Провожу в интернете более четырех часов ежедневно,"Среднее профессиональное (техникум, колледж, ПТУ)",Среднее,"Работаю по договору, контракту в найме (за исключением находящихся в декретном отпуске, подрабатывающих студентов, пе...","Я работаю в КОММЕРЧЕСКОЙ организации, ее цель – получить прибыль (например, магазин, завод, фермерское хозяйство, АО/...","Транспортировка и хранение (складское хозяйство) Включает в том числе: Перевозка грузов, ж/д, авиа, водный, космическ...",1.4771271615562334
07cfd06c4a4ce02e,Женский,37.0,Дальневосточный федеральный округ,Село,"Домашний скот (куры, коровы, козы и т.п.) (из другого)",Беспородная собака,Беспородная кошка,,,,,,,,,,Ветеринарные клиники,,,,,,,,,,,,Нет,5- полностью удовлетворен,,,,,,,,,,,,,,Несколько раз в неделю,Eжедневно менее четырех часов в день,Среднее общее (10 или 11 классов школы с аттестатом),Среднее,"Работаю по договору, контракту в найме (за исключением находящихся в декретном отпуске, подрабатывающих студентов, пе...","Я работаю в БЮДЖЕТНОЙ организации, которая безвозмездно оказывает услуги населению (детский сад, общеобразовательная,...",Другое (укажите),1.4771271615562334
07cfebd3620ce713,Женский,43.0,Центральный федеральный округ,Город с численностью менее 50 тысяч,Беспородная кошка,,,,,,,,,,,,Зоомагазины,Ветеринарные клиники,,,,,,,,,,,Нет,,,,,,,,,,,,,,,Несколько раз в месяц,Провожу в интернете более четырех часов ежедневно,Незаконченное высшее (с 3-го курса вуза) или законченное высшее,Очень хорошее,"Предприниматель, собственник бизнеса",,"Торговля (оптовая, розничная, онлайн продажи; в т.ч. - недвижимость) Включает в том числе: Магазин, автосалон, аукцио...",1.2508671546898633
07d02400b08cee27,Женский,41.0,Центральный федеральный округ,Город с численностью от 50 тысяч до 100 тысяч," Мелкие животные (хомячки, морские свинки, черепашки и т.п.)",,,,,,,,,,,,Зоомагазины,Ветеринарные клиники,ГрУминг-салоны (уход за животными),Специально огороженные площадки для выгула или занятий домашних животных,,,,,,,,,Не бываю с питомцем в общественных местах,,,,,,,,,,,,,,,Ежедневно менее четырех часов в день,Eжедневно менее четырех часов в день,Незаконченное высшее (с 3-го курса вуза) или законченное высшее,Среднее,"Работаю по договору, контракту в найме (за исключением находящихся в декретном отпуске, подрабатывающих студентов, пе...","Я работаю в БЮДЖЕТНОЙ организации, которая безвозмездно оказывает услуги населению (детский сад, общеобразовательная,...","Образование, наука Включает в том числе: ясли, детский сад, школа, ССУЗ, вуз, научно-исследовательские институты, центры",1.2508671546898633
07d00dda7a4ce5b8,Женский,37.0,Центральный федеральный округ,Город с численностью от 50 тысяч до 100 тысяч,"Нет, домашних животных нет",,,,,,,,,,,,,,,,,,,,,,,,,,Выгул агрессивных собак без намордника,,,,,,,,,,,,,Не смотрю,Провожу в интернете более четырех часов ежедневно,Незаконченное высшее (с 3-го курса вуза) или законченное высшее,Среднее,Самозанятый,,Другое (укажите),1.2508671546898633
07cfd56f1f4ced43,Женский,37.0,Центральный федеральный округ,Город с численностью менее 50 тысяч,Беспородная собака,Беспородная кошка,,,,,,,,,,,Ничего,,,,,,,,,,,,Нет,5- полностью удовлетворен,,,,,,,,,,,,,,Смотрю более четырех часов ежедневно,Eжедневно менее четырех часов в день,Среднее общее (10 или 11 классов школы с аттестатом),Среднее,(НЕ ЗАЧИТЫВАТЬ) Затрудняюсь ответить,,,1.1182529474377971
07d01a02684ced4c,Женский,43.0,Центральный федеральный округ,Город с численностью менее 50 тысяч,Породистая кошка,Декоративные птицы,,,,,,,,,,,Зоомагазины,Ветеринарные клиники,,,,,,,,,,,Нет,,,,,,,,,,,,,,,Смотрю более четырех часов ежедневно,Eжедневно менее четырех часов в день,"Среднее профессиональное (техникум, колледж, ПТУ)",Среднее,"Нахожусь в декретном отпуске, отпуске по уходу за ребенком",,,1.1182529474377971
07cfe168894cef69,Женский,42.0,Центральный федеральный округ,Город с численностью от 50 тысяч до 100 тысяч,Породистая собака,Породистая кошка,,,,,,,,,,,ГрУминг-салоны (уход за животными),Зоомагазины,,,,,,,,,,,Нет,Затрудняюсь ответить,,,,,,,,,,,,,,"Редко, но не менее одного раза в полгода",Eжедневно менее четырех часов в день,Незаконченное высшее (с 3-го курса вуза) или законченное высшее,Затрудняюсь ответить,Работающий пенсионер,Затрудняюсь ответить/ отказ от ответа,"Общественное питание, ресторанный и гостиничный бизнес Включает в том числе: Кафе, ресторан, доставка продуктов питан...",1.0160350625309316
07cfe43d24cce615,Женский,40.0,Центральный федеральный округ,Город с численностью менее 50 тысяч,"Нет, домашних животных нет",,,,,,,,,,,,,,,,,,,,,,,,,,Большое количество бродячих собак (из другого),,,,,,,,,,,,,"Редко, но не менее одного раза в полгода",Eжедневно менее четырех часов в день,Незаконченное высшее (с 3-го курса вуза) или законченное высшее,Плохое,"Работаю по договору, контракту в найме (за исключением находящихся в декретном отпуске, подрабатывающих студентов, пе...","Я работаю в КОММЕРЧЕСКОЙ организации, ее цель – получить прибыль (например, магазин, завод, фермерское хозяйство, АО/...","Здравоохранение Включает в том числе: поликлиники, медицинские центры, больницы, стационары,  «Скорая помощь», санатории",1.0160350625309316
07cfff033f0cec34,Женский,40.0,Центральный федеральный округ,Поселок городского типа," Мелкие животные (хомячки, морские свинки, черепашки и т.п.)",,,,,,,,,,,,Ветеринарные клиники,,,,,,,,,,,,Не бываю с питомцем в общественных местах,,,,,,,,,,,,,,,"Редко, но не менее одного раза в полгода",Провожу в интернете более четырех часов ежедневно,Незаконченное высшее (с 3-го курса вуза) или законченное высшее,Хорошее,"Работаю по договору, контракту в найме (за исключением находящихся в декретном отпуске, подрабатывающих студентов, пе...","Я работаю в БЮДЖЕТНОЙ организации, которая безвозмездно оказывает услуги населению (детский сад, общеобразовательная,...","Сельское, лесное хозяйство, охота, рыболовство и рыбоводство Включает в том числе: Фермерское хозяйство, скотобойни, ...",1.0160350625309316
07d00424844cea86,Женский,35.0,Центральный федеральный округ,Город с численностью менее 50 тысяч,Беспородная кошка,,,,,,,,,,,,Ветеринарные клиники,,,,,,,,,,,,Не бываю с питомцем в общественных местах,,,,,,,,,,,,,,,Несколько раз в неделю,Провожу в интернете более четырех часов ежедневно,Незаконченное высшее (с 3-го курса вуза) или законченное высшее,Среднее,Самозанятый,,"Информационные технологии, связь, интернет Включает в том числе: Программирование /создание программного обеспечения,...",1.0160350625309316
07d023bf22cce85f,Женский,35.0,Центральный федеральный округ,Город с численностью от 50 тысяч до 100 тысяч,Беспородная собака,,,,,,,,,,,,Затрудняюсь ответить,,,,,,,,,,,,Нет,1 – совершенно не удовлетворен,,,,,,,,,,,,,,Смотрю более четырех часов ежедневно,Провожу в интернете более четырех часов ежедневно,Незаконченное высшее (с 3-го курса вуза) или законченное высшее,Среднее,Неработающий пенсионер (в том числе по инвалидности),,,1.0160350625309316
07cfe255b0cce4db,Женский,38.0,Северо-Западный федеральный округ,Город с численностью менее 50 тысяч,Породистая кошка,,,,,,,,,,,,Ветеринарные клиники,,,,,,,,,,,,Нет,,,,,,,,,,,,,,,Не смотрю,Eжедневно менее четырех часов в день,Незаконченное высшее (с 3-го курса вуза) или законченное высшее,Среднее,"Предприниматель, собственник бизнеса",,"Сфера услуг, сервиса, бытового обслуживания Включает в том числе: Прачечная/химчистка, ремонт мебели, часов, ювелирны...",0.9175252939430372
07cffe5beb4ceb2a,Женский,36.0,Северо-Западный федеральный округ,Город с численностью менее 50 тысяч,Беспородная собака,,,,,,,,,,,,Специально огороженные площадки для выгула или занятий домашних животных,Зоомагазины,Ветеринарные клиники,ГрУминг-салоны (уход за животными),"Магазины, в которых можно находиться с животными",,,,,,,,"Да, время от времени",5- полностью удовлетворен,,,,,,,,,,,,,,Ежедневно менее четырех часов в день,Eжедневно менее четырех часов в день,Незаконченное высшее (с 3-го курса вуза) или законченное высшее,Хорошее,"Работаю по договору, контракту в найме (за исключением находящихся в декретном отпуске, подрабатывающих студентов, пе...","Я работаю в КОММЕРЧЕСКОЙ организации, ее цель – получить прибыль (например, магазин, завод, фермерское хозяйство, АО/...","Промышленность, производство (в т.ч. добывающие, обрабатывающие отрасли, энергетика) Включает в том числе: Завод, ком...",0.9175252939430372
07d00c83834ce6c8,Женский,43.0,Северо-Западный федеральный округ,Город с численностью менее 50 тысяч,Породистая собака,,,,,,,,,,,,Зоомагазины,"Магазины, в которых можно находиться с животными",Специализированные урны для утилизации отходов жизнедеятельности собак,Ветеринарные клиники,,,,,,,,,Нет,1 – совершенно не удовлетворен,,,,,,,,,,,,,,Смотрю более четырех часов ежедневно,Провожу в интернете более четырех часов ежедневно,Незаконченное высшее (с 3-го курса вуза) или законченное высшее,Среднее,"Временно не работаю, безработный",,,0.9175252939430372
07cfd92faf0ce998,Женский,44.0,Южный федеральный округ,Город с численностью менее 50 тысяч,Беспородная собака,Беспородная кошка,,,,,,,,,,,Ветеринарные клиники,,,,,,,,,,,,Нет,5- полностью удовлетворен,,,,,,,,,,,,,,Несколько раз в неделю,Eжедневно менее четырех часов в день,Основное общее образование: окончил 9 (раньше 8) классов,Хорошее,"Работаю по договору, контракту в найме (за исключением находящихся в декретном отпуске, подрабатывающих студентов, пе...","Работаю в органах власти, управления, судебных органах","Государственное и муниципальное управление, в т.ч. - судебные органы Включает в том числе: Госслужба, администрации/п...",1.1008519580035137
07cfe246c7cce0b1,Женский,35.0,Южный федеральный округ,Город с численностью менее 50 тысяч,Беспородная кошка,,,,,,,,,,,,Зоомагазины,Ветеринарные клиники,ГрУминг-салоны (уход за животными),,,,,,,,,,Нет,,,,,,,,,,,,,,,Не смотрю,Провожу в интернете более четырех часов ежедневно,Среднее общее (10 или 11 классов школы с аттестатом),Плохое,"Работаю по договору, контракту в найме (за исключением находящихся в декретном отпуске, подрабатывающих студентов, пе...",Затрудняюсь ответить/ отказ от ответа,"Государственное и муниципальное управление, в т.ч. - судебные органы Включает в том числе: Госслужба, администрации/п...",1.1008519580035137
07cfe68bf88ce723,Женский,43.0,Северо-Кавказский федеральный округ,Город с численностью от 50 тысяч до 100 тысяч,Породистая собака,,,,,,,,,,,,Зоомагазины,Ветеринарные клиники,Специально огороженные площадки для выгула или занятий домашних животных,ГрУминг-салоны (уход за животными),"Магазины, в которых можно находиться с животными","Кафе, в которых можно находиться с животными",,,,,,,"Да, часто",5- полностью удовлетворен,,,,,,,,,,,,,,Не смотрю,Провожу в интернете более четырех часов ежедневно,"Среднее профессиональное (техникум, колледж, ПТУ)",Среднее,"Работаю по договору, контракту в найме (за исключением находящихся в декретном отпуске, подрабатывающих студентов, пе...","Я работаю в КОММЕРЧЕСКОЙ организации, ее цель – получить прибыль (например, магазин, завод, фермерское хозяйство, АО/...","Сфера услуг, сервиса, бытового обслуживания Включает в том числе: Прачечная/химчистка, ремонт мебели, часов, ювелирны...",1.2783307643146233
07cfddc85b4ce9a8,Женский,42.0,Приволжский федеральный округ,Город с численностью от 50 тысяч до 100 тысяч,Беспородная кошка,,,,,,,,,,,,Лапомойки в доме,Ветеринарные клиники,"Магазины, в которых можно находиться с животными",Зоомагазины,ГрУминг-салоны (уход за животными),Специализированные урны для утилизации отходов жизнедеятельности собак,Специально огороженные площадки для выгула или занятий домашних животных,Стойки с пакетами для уборки за собаками,,,,,"Да, часто",,,,,,,,,,,,,,,"Редко, но не менее одного раза в полгода",Не пользуюсь,(НЕ ЗАЧИТЫВАТЬ) Отказ от ответа,Затрудняюсь ответить,(НЕ ЗАЧИТЫВАТЬ) Затрудняюсь ответить,,,1.0761281174981157
07cfdf1214cce7be,Женский,44.0,Приволжский федеральный округ,Город с численностью менее 50 тысяч,Беспородная кошка,Беспородная собака,,,,,,,,,,,Зоомагазины,Ветеринарные клиники,,,,,,,,,,,"Да, время от времени","Животное не требует выгула, не могу оценить",,,,,,,,,,,,,,Не смотрю,Eжедневно менее четырех часов в день,"Среднее профессиональное (техникум, колледж, ПТУ)",Среднее,"Работаю по договору, контракту в найме (за исключением находящихся в декретном отпуске, подрабатывающих студентов, пе...","Я работаю в БЮДЖЕТНОЙ организации, которая безвозмездно оказывает услуги населению (детский сад, общеобразовательная,...","Здравоохранение Включает в том числе: поликлиники, медицинские центры, больницы, стационары,  «Скорая помощь», санатории",1.0761281174981157
07cfe6738e4cef77,Женский,36.0,Приволжский федеральный округ,Город с численностью от 50 тысяч до 100 тысяч,Аквариумные рыбки,,,,,,,,,,,,Ничего,,,,,,,,,,,,Не бываю с питомцем в общественных местах,,,,,,,,,,,,,,,Несколько раз в неделю,Провожу в интернете более четырех часов ежедневно,"Среднее профессиональное (техникум, колледж, ПТУ)",Среднее,"Работаю по договору, контракту в найме (за исключением находящихся в декретном отпуске, подрабатывающих студентов, пе...","Я работаю в КОММЕРЧЕСКОЙ организации, ее цель – получить прибыль (например, магазин, завод, фермерское хозяйство, АО/...","Промышленность, производство (в т.ч. добывающие, обрабатывающие отрасли, энергетика) Включает в том числе: Завод, ком...",1.0761281174981157
07cfec4ad50ce7e2,Женский,39.0,Приволжский федеральный округ,Город с численностью менее 50 тысяч,Беспородная кошка,,,,,,,,,,,,Ветеринарные клиники,Зоомагазины,,,,,,,,,,,Нет,,,,,,,,,,,,,,,Смотрю более четырех часов ежедневно,Несколько раз в неделю,"Среднее профессиональное (техникум, колледж, ПТУ)",Хорошее,Самозанятый,,"Сфера услуг, сервиса, бытового обслуживания Включает в том числе: Прачечная/химчистка, ремонт мебели, часов, ювелирны...",1.0761281174981157
07cfeb9616cce599,Женский,38.0,Приволжский федеральный округ,Город с численностью менее 50 тысяч,Породистая собака,,,,,,,,,,,,Зоомагазины,,,,,,,,,,,,Нет,3,,,,,,,,,,,,,,Ежедневно менее четырех часов в день,Eжедневно менее четырех часов в день,Незаконченное высшее (с 3-го курса вуза) или законченное высшее,Среднее,"Работаю по договору, контракту в найме (за исключением находящихся в декретном отпуске, подрабатывающих студентов, пе...","Я работаю в БЮДЖЕТНОЙ организации, которая безвозмездно оказывает услуги населению (детский сад, общеобразовательная,...","Государственное и муниципальное управление, в т.ч. - судебные органы Включает в том числе: Госслужба, администрации/п...",1.098565885132902
07cfefc42d0ceb4e,Женский,43.0,Приволжский федеральный округ,Город с численностью менее 50 тысяч,Беспородная кошка,,,,,,,,,,,,Зоомагазины,Специально огороженные площадки для выгула или занятий домашних животных,"Магазины, в которых можно находиться с животными",Ветеринарные клиники,ГрУминг-салоны (уход за животными),,,,,,,,Не бываю с питомцем в общественных местах,,,,,,,,,,,,,,,Смотрю более четырех часов ежедневно,Eжедневно менее четырех часов в день,Незаконченное высшее (с 3-го курса вуза) или законченное высшее,Среднее,"Работаю по договору, контракту в найме (за исключением находящихся в декретном отпуске, подрабатывающих студентов, пе...","Работаю в органах власти, управления, судебных органах","Государственное и муниципальное управление, в т.ч. - судебные органы Включает в том числе: Госслужба, администрации/п...",1.098565885132902
07cff537448ce203,Женский,36.0,Приволжский федеральный округ,Город с численностью от 50 тысяч до 100 тысяч,Беспородная собака,,,,,,,,,,,,Зоомагазины,Ветеринарные клиники,,,,,,,,,,,Не бываю с питомцем в общественных местах,1 – совершенно не удовлетворен,,,,,,,,,,,,,,Не смотрю,Провожу в интернете более четырех часов ежедневно,"Два и более высших образования, ученая степень кандидата или доктора наук",Среднее,"Работаю по договору, контракту в найме (за исключением находящихся в декретном отпуске, подрабатывающих студентов, пе...","Я работаю в БЮДЖЕТНОЙ организации, которая безвозмездно оказывает услуги населению (детский сад, общеобразовательная,...","Образование, наука Включает в том числе: ясли, детский сад, школа, ССУЗ, вуз, научно-исследовательские институты, центры",1.098565885132902
07cff93cf28cefc2,Женский,44.0,Приволжский федеральный округ,Поселок городского типа,"Домашний скот (куры, коровы, козы и т.п.) (из другого)",Породистая собака,Беспородная кошка,,,,,,,,,,Ветеринарные клиники,,,,,,,,,,,,Нет,5- полностью удовлетворен,,,,,,,,,,,,,,Смотрю более четырех часов ежедневно,Eжедневно менее четырех часов в день,Незаконченное высшее (с 3-го курса вуза) или законченное высшее,Хорошее,Самозанятый,,"Сельское, лесное хозяйство, охота, рыболовство и рыбоводство Включает в том числе: Фермерское хозяйство, скотобойни, ...",1.098565885132902
07cff965dccce8a4,Женский,43.0,Приволжский федеральный округ,Город с численностью менее 50 тысяч,"Домашний скот (куры, коровы, козы и т.п.) (из другого)",Беспородная кошка,Беспородная собака,,,,,,,,,,Зоомагазины,Ветеринарные клиники,,,,,,,,,,,Нет,1 – совершенно не удовлетворен,,,,,,,,,,,,,,Несколько раз в неделю,Несколько раз в неделю,Незаконченное высшее (с 3-го курса вуза) или законченное высшее,Среднее,"Нахожусь в декретном отпуске, отпуске по уходу за ребенком",,,1.098565885132902
07cfd18ecd4cea3b,Женский,42.0,Уральский федеральный округ,Город с численностью менее 50 тысяч,Беспородная кошка,,,,,,,,,,,,Ветеринарные клиники,,,,,,,,,,,,Нет,,,,,,,,,,,,,,,Ежедневно менее четырех часов в день,Eжедневно менее четырех часов в день,"Среднее профессиональное (техникум, колледж, ПТУ)",Среднее,"Работаю по договору, контракту в найме (за исключением находящихся в декретном отпуске, подрабатывающих студентов, пе...","Я работаю в КОММЕРЧЕСКОЙ организации, ее цель – получить прибыль (например, магазин, завод, фермерское хозяйство, АО/...","Промышленность, производство (в т.ч. добывающие, обрабатывающие отрасли, энергетика) Включает в том числе: Завод, ком...",1.1285773001780988
07d0127c1ecce288,Женский,44.0,Уральский федеральный округ,Город с численностью от 50 тысяч до 100 тысяч,Породистая кошка,,,,,,,,,,,,Зоомагазины,Ветеринарные клиники,"Магазины, в которых можно находиться с животными",,,,,,,,,,Нет,,,,,,,,,,,,,,,Ежедневно менее четырех часов в день,Не пользуюсь,(НЕ ЗАЧИТЫВАТЬ) Нет основного общего образования: не окончил 9 (раньше 8) классов,Очень плохое,Неработающий пенсионер (в том числе по инвалидности),,,1.1285773001780988
07cfcd0edc8ce368,Женский,38.0,Сибирский федеральный округ,Поселок городского типа,Беспородная собака,Породистая кошка,Породистая собака,,,,,,,,,,Зоомагазины,,,,,,,,,,,,"Да, часто",1 – совершенно не удовлетворен,,,,,,,,,,,,,,Не смотрю,Провожу в интернете более четырех часов ежедневно,Среднее общее (10 или 11 классов школы с аттестатом),Очень хорошее,Самозанятый,,"Сельское, лесное хозяйство, охота, рыболовство и рыбоводство Включает в том числе: Фермерское хозяйство, скотобойни, ...",1.1255431028898233
07cfe33c514ce7eb,Женский,40.0,Сибирский федеральный округ,Город с численностью от 50 тысяч до 100 тысяч,"Нет, домашних животных нет",,,,,,,,,,,,,,,,,,,,,,,,,,Самовыгул собак (без поводка),"Укусы, нападения собак на людей",Громкий лай в позднее или раннее время,Выгул собак на длинном поводке,Отсутствие уборки за собаками во дворе,,,,,,,,,Смотрю более четырех часов ежедневно,Eжедневно менее четырех часов в день,Среднее общее (10 или 11 классов школы с аттестатом),Среднее,"Временно не работаю, безработный",,,1.1255431028898233
07cfc855e2ccee20,Женский,36.0,Сибирский федеральный округ,Город с численностью от 50 тысяч до 100 тысяч,Беспородная кошка,Беспородная собака,,,,,,,,,,,Ничего,,,,,,,,,,,,Нет,5- полностью удовлетворен,,,,,,,,,,,,,,Несколько раз в неделю,Eжедневно менее четырех часов в день,Незаконченное высшее (с 3-го курса вуза) или законченное высшее,Хорошее,"Нахожусь в декретном отпуске, отпуске по уходу за ребенком",,,1.0937318752022374
07cfc87b5b0ce379,Женский,36.0,Сибирский федеральный округ,Город с численностью менее 50 тысяч,"Нет, домашних животных нет",,,,,,,,,,,,,,,,,,,,,,,,,,Ничего не беспокоило,,,,,,,,,,,,,Не смотрю,Eжедневно менее четырех часов в день,"Два и более высших образования, ученая степень кандидата или доктора наук",Плохое,"Нахожусь в декретном отпуске, отпуске по уходу за ребенком",,,1.0937318752022374
07cfcf1ca3cce454,Женский,36.0,Сибирский федеральный округ,Город с численностью менее 50 тысяч,Породистая кошка,,,,,,,,,,,,Зоомагазины,,,,,,,,,,,,Не бываю с питомцем в общественных местах,,,,,,,,,,,,,,,Не смотрю,Провожу в интернете более четырех часов ежедневно,"Два и более высших образования, ученая степень кандидата или доктора наук",Плохое,"Работаю по договору, контракту в найме (за исключением находящихся в декретном отпуске, подрабатывающих студентов, пе...","Я работаю в БЮДЖЕТНОЙ организации, которая безвозмездно оказывает услуги населению (детский сад, общеобразовательная,...","Образование, наука Включает в том числе: ясли, детский сад, школа, ССУЗ, вуз, научно-исследовательские институты, центры",1.0937318752022374
07cfd1ee0e0cee32,Женский,37.0,Сибирский федеральный округ,Город с численностью от 50 тысяч до 100 тысяч,Породистая собака,,,,,,,,,,,,Ветеринарные клиники,,,,,,,,,,,,"Да, время от времени",1 – совершенно не удовлетворен,,,,,,,,,,,,,,Не смотрю,"Редко, но не менее одного раза в полгода",Незаконченное высшее (с 3-го курса вуза) или законченное высшее,Среднее,"Работаю по договору, контракту в найме (за исключением находящихся в декретном отпуске, подрабатывающих студентов, пе...","Я работаю в КОММЕРЧЕСКОЙ организации, ее цель – получить прибыль (например, магазин, завод, фермерское хозяйство, АО/...","Торговля (оптовая, розничная, онлайн продажи; в т.ч. - недвижимость) Включает в том числе: Магазин, автосалон, аукцио...",1.0937318752022374
07cfb854364ce464,Женский,35.0,Дальневосточный федеральный округ,Город с численностью менее 50 тысяч," Мелкие животные (хомячки, морские свинки, черепашки и т.п.)",Породистая собака,,,,,,,,,,,Зоомагазины,ГрУминг-салоны (уход за животными),,,,,,,,,,,Нет,5- полностью удовлетворен,,,,,,,,,,,,,,Ежедневно менее четырех часов в день,Eжедневно менее четырех часов в день,"Среднее профессиональное (техникум, колледж, ПТУ)",Среднее,"Работаю по договору, контракту в найме (за исключением находящихся в декретном отпуске, подрабатывающих студентов, пе...","Я работаю в БЮДЖЕТНОЙ организации, которая безвозмездно оказывает услуги населению (детский сад, общеобразовательная,...","Образование, наука Включает в том числе: ясли, детский сад, школа, ССУЗ, вуз, научно-исследовательские институты, центры",1.0221624377148848
07d00e7e8acce449,Женский,37.0,Дальневосточный федеральный округ,Город с численностью от 50 тысяч до 100 тысяч,Породистая собака,Беспородная кошка,Декоративные птицы,,,,,,,,,,Ветеринарные клиники,ГрУминг-салоны (уход за животными),,,,,,,,,,,Нет,1 – совершенно не удовлетворен,,,,,,,,,,,,,,Несколько раз в месяц,Несколько раз в неделю,"Среднее профессиональное (техникум, колледж, ПТУ)",Среднее,"Работаю по договору, контракту в найме (за исключением находящихся в декретном отпуске, подрабатывающих студентов, пе...","Я работаю в КОММЕРЧЕСКОЙ организации, ее цель – получить прибыль (например, магазин, завод, фермерское хозяйство, АО/...","Промышленность, производство (в т.ч. добывающие, обрабатывающие отрасли, энергетика) Включает в том числе: Завод, ком...",1.0221624377148848
07cf979c6dcce76e,Женский,44.0,Дальневосточный федеральный округ,Город с численностью менее 50 тысяч,Породистая собака,,,,,,,,,,,,Зоомагазины,Ветеринарные клиники,,,,,,,,,,,Нет,1 – совершенно не удовлетворен,,,,,,,,,,,,,,Несколько раз в месяц,Eжедневно менее четырех часов в день,Незаконченное высшее (с 3-го курса вуза) или законченное высшее,Плохое,"Работаю по договору, контракту в найме (за исключением находящихся в декретном отпуске, подрабатывающих студентов, пе...","Я работаю в БЮДЖЕТНОЙ организации, которая безвозмездно оказывает услуги населению (детский сад, общеобразовательная,...","Промышленность, производство (в т.ч. добывающие, обрабатывающие отрасли, энергетика) Включает в том числе: Завод, ком...",1.3847050410793393
07cfc736ee0ce80f,Женский,37.0,Дальневосточный федеральный округ,Поселок городского типа,Беспородная собака,,,,,,,,,,,,Зоомагазины,Ветеринарные клиники,,,,,,,,,,,Не бываю с питомцем в общественных местах,1 – совершенно не удовлетворен,,,,,,,,,,,,,,Не смотрю,Eжедневно менее четырех часов в день,"Два и более высших образования, ученая степень кандидата или доктора наук",Среднее,"Работаю по договору, контракту в найме (за исключением находящихся в декретном отпуске, подрабатывающих студентов, пе...","Я работаю в БЮДЖЕТНОЙ организации, которая безвозмездно оказывает услуги населению (детский сад, общеобразовательная,...","Сфера услуг, сервиса, бытового обслуживания Включает в том числе: Прачечная/химчистка, ремонт мебели, часов, ювелирны...",1.3847050410793393
07cfefa4740ce1a5,Женский,43.0,Центральный федеральный округ,Город с численностью от 100 тысяч до 500 тысяч,Породистая собака,,,,,,,,,,,,"Магазины, в которых можно находиться с животными","Кафе, в которых можно находиться с животными",Зоомагазины,ГрУминг-салоны (уход за животными),Ветеринарные клиники,,,,,,,,"Да, время от времени",3,,,,,,,,,,,,,,Несколько раз в неделю,Eжедневно менее четырех часов в день,"Среднее профессиональное (техникум, колледж, ПТУ)",Плохое,Самозанятый,,"Торговля (оптовая, розничная, онлайн продажи; в т.ч. - недвижимость) Включает в том числе: Магазин, автосалон, аукцио...",1.023621637505356
07d0272b6d4ce247,Женский,36.0,Центральный федеральный округ,Город с численностью от 100 тысяч до 500 тысяч,Аквариумные рыбки,Породистая собака,,,,,,,,,,,Ветеринарные клиники,,,,,,,,,,,,Нет,1 – совершенно не удовлетворен,,,,,,,,,,,,,,Не смотрю,Провожу в интернете более четырех часов ежедневно,"Среднее профессиональное (техникум, колледж, ПТУ)",Среднее,"Нахожусь в декретном отпуске, отпуске по уходу за ребенком",,,1.023621637505356
07d0044bd10ce2ab,Женский,35.0,Центральный федеральный округ,Город с численностью от 100 тысяч до 500 тысяч,"Нет, домашних животных нет",,,,,,,,,,,,,,,,,,,,,,,,,,Выгул в неположенных местах,Агрессивное поведение собак по отношению к другим животным,Выгул агрессивных собак без намордника,Отсутствие уборки за собаками во дворе,"Отсутствие уборки за собаками в доме (в лифте, в подъезде)",Самовыгул собак (без поводка),Громкий лай в позднее или раннее время,Выгул собак на длинном поводке,,,,,,Не смотрю,Eжедневно менее четырех часов в день,Незаконченное высшее (с 3-го курса вуза) или законченное высшее,Среднее,"Нахожусь в декретном отпуске, отпуске по уходу за ребенком",,,1.0045058292293032
07d008d12b4ce2df,Женский,43.0,Центральный федеральный округ,Город с численностью от 100 тысяч до 500 тысяч,"Нет, домашних животных нет",,,,,,,,,,,,,,,,,,,,,,,,,,Отсутствие уборки за собаками во дворе,,,,,,,,,,,,,Несколько раз в неделю,Eжедневно менее четырех часов в день,Незаконченное высшее (с 3-го курса вуза) или законченное высшее,Среднее,"Работаю по договору, контракту в найме (за исключением находящихся в декретном отпуске, подрабатывающих студентов, пе...","Я работаю в БЮДЖЕТНОЙ организации, которая безвозмездно оказывает услуги населению (детский сад, общеобразовательная,...","Образование, наука Включает в том числе: ясли, детский сад, школа, ССУЗ, вуз, научно-исследовательские институты, центры",1.0045058292293032
07cff263c10ce408,Женский,35.0,Центральный федеральный округ,Город с численностью от 100 тысяч до 500 тысяч,Беспородная кошка,,,,,,,,,,,,ГрУминг-салоны (уход за животными),"Магазины, в которых можно находиться с животными",,,,,,,,,,,Нет,,,,,,,,,,,,,,,Не смотрю,Провожу в интернете более четырех часов ежедневно,"Среднее профессиональное (техникум, колледж, ПТУ)",Плохое,"Работаю по договору, контракту в найме (за исключением находящихся в декретном отпуске, подрабатывающих студентов, пе...","Я работаю в БЮДЖЕТНОЙ организации, которая безвозмездно оказывает услуги населению (детский сад, общеобразовательная,...","Социальные услуги, социальное обеспечение Включает в том числе: собес, пенсионный фонд, реабилитационный центр, центр...",0.898010312320194
07cfe55936cce19d,Женский,38.0,Центральный федеральный округ,Город с численностью от 100 тысяч до 500 тысяч,Беспородная собака,Беспородная кошка,,,,,,,,,,,Зоомагазины,Ветеринарные клиники,Специально огороженные площадки для выгула или занятий домашних животных,,,,,,,,,,"Да, часто",5- полностью удовлетворен,,,,,,,,,,,,,,"Редко, но не менее одного раза в полгода",Eжедневно менее четырех часов в день,Незаконченное высшее (с 3-го курса вуза) или законченное высшее,Среднее,"Работаю по договору, контракту в найме (за исключением находящихся в декретном отпуске, подрабатывающих студентов, пе...","Работаю в органах власти, управления, судебных органах","Государственное и муниципальное управление, в т.ч. - судебные органы Включает в том числе: Госслужба, администрации/п...",0.8159244882137213
07cffc91214cea1e,Женский,43.0,Центральный федеральный округ,Город с численностью от 100 тысяч до 500 тысяч,Породистая кошка,Беспородная кошка,Аквариумные рыбки,Породистая собака,"Экзотические животные (змеи, ящерицы, обезьяны, крокодилы и пр.)",,,,,,,,Ветеринарные клиники,Специально огороженные площадки для выгула или занятий домашних животных,"Магазины, в которых можно находиться с животными",,,,,,,,,,Нет,3,,,,,,,,,,,,,,Ежедневно менее четырех часов в день,Eжедневно менее четырех часов в день,Незаконченное высшее (с 3-го курса вуза) или законченное высшее,Среднее,"Работаю по договору, контракту в найме (за исключением находящихся в декретном отпуске, подрабатывающих студентов, пе...","Я работаю в КОММЕРЧЕСКОЙ организации, ее цель – получить прибыль (например, магазин, завод, фермерское хозяйство, АО/...","Промышленность, производство (в т.ч. добывающие, обрабатывающие отрасли, энергетика) Включает в том числе: Завод, ком...",0.8159244882137213
07cfff949d4ceb71,Женский,40.0,Центральный федеральный округ,Город с численностью от 100 тысяч до 500 тысяч,Породистая собака,,,,,,,,,,,,Специально огороженные площадки для выгула или занятий домашних животных,"Магазины, в которых можно находиться с животными",Зоомагазины,Ветеринарные клиники,"Кафе, в которых можно находиться с животными",ГрУминг-салоны (уход за животными),,,,,,,"Да, время от времени",5- полностью удовлетворен,,,,,,,,,,,,,,Ежедневно менее четырех часов в день,Eжедневно менее четырех часов в день,Незаконченное высшее (с 3-го курса вуза) или законченное высшее,Среднее,"Работаю по договору, контракту в найме (за исключением находящихся в декретном отпуске, подрабатывающих студентов, пе...","Работаю в органах власти, управления, судебных органах","Государственное и муниципальное управление, в т.ч. - судебные органы Включает в том числе: Госслужба, администрации/п...",0.8159244882137213
07d005d1be4cef7f,Женский,43.0,Центральный федеральный округ,Город с численностью от 100 тысяч до 500 тысяч,"Нет, домашних животных нет",,,,,,,,,,,,,,,,,,,,,,,,,,Выгул собак на длинном поводке,Отсутствие уборки за собаками во дворе,Самовыгул собак (без поводка),Выгул в неположенных местах,Выгул агрессивных собак без намордника,Громкий лай в позднее или раннее время,"Отсутствие уборки за собаками в доме (в лифте, в подъезде)",,,,,,,Ежедневно менее четырех часов в день,Eжедневно менее четырех часов в день,"Два и более высших образования, ученая степень кандидата или доктора наук",Среднее,"Работаю по договору, контракту в найме (за исключением находящихся в декретном отпуске, подрабатывающих студентов, пе...","Я работаю в КОММЕРЧЕСКОЙ организации, ее цель – получить прибыль (например, магазин, завод, фермерское хозяйство, АО/...","Промышленность, производство (в т.ч. добывающие, обрабатывающие отрасли, энергетика) Включает в том числе: Завод, ком...",0.8159244882137213
07d01ac8658ce9c0,Женский,40.0,Центральный федеральный округ,Город с численностью от 100 тысяч до 500 тысяч,"Нет, домашних животных нет",,,,,,,,,,,,,,,,,,,,,,,,,,Выгул в неположенных местах,Самовыгул собак (без поводка),Громкий лай в позднее или раннее время,,,,,,,,,,,Не смотрю,Провожу в интернете более четырех часов ежедневно,Незаконченное высшее (с 3-го курса вуза) или законченное высшее,Среднее,"Временно не работаю, безработный",,,0.8159244882137213
07cfe8dfea4ce36d,Женский,42.0,Северо-Западный федеральный округ,Город с численностью от 100 тысяч до 500 тысяч,Породистая собака,Беспородная кошка,,,,,,,,,,,Ветеринарные клиники,"Магазины, в которых можно находиться с животными",,,,,,,,,,,Нет,2,,,,,,,,,,,,,,Ежедневно менее четырех часов в день,Eжедневно менее четырех часов в день,Среднее общее (10 или 11 классов школы с аттестатом),Среднее,"Временно не работаю, безработный",,,0.8865749062222552
07cfe942b58cef30,Женский,35.0,Северо-Западный федеральный округ,Город с численностью от 100 тысяч до 500 тысяч,Беспородная собака,Беспородная кошка," Мелкие животные (хомячки, морские свинки, черепашки и т.п.)",,,,,,,,,,Специализированные урны для утилизации отходов жизнедеятельности собак,"Кафе, в которых можно находиться с животными",ГрУминг-салоны (уход за животными),Специально огороженные площадки для выгула или занятий домашних животных,Ветеринарные клиники,Стойки с пакетами для уборки за собаками,"Магазины, в которых можно находиться с животными",Зоомагазины,,,,,"Да, время от времени",5- полностью удовлетворен,,,,,,,,,,,,,,Несколько раз в месяц,Несколько раз в неделю,"Среднее профессиональное (техникум, колледж, ПТУ)",Среднее,Самозанятый,,Другое (укажите),0.8865749062222552
07cffd5aeccce685,Женский,44.0,Северо-Западный федеральный округ,Город с численностью от 100 тысяч до 500 тысяч,"Нет, домашних животных нет",,,,,,,,,,,,,,,,,,,,,,,,,,Ничего не беспокоило,,,,,,,,,,,,,Не смотрю,Eжедневно менее четырех часов в день,Незаконченное высшее (с 3-го курса вуза) или законченное высшее,Среднее,"Работаю по договору, контракту в найме (за исключением находящихся в декретном отпуске, подрабатывающих студентов, пе...","Я работаю в КОММЕРЧЕСКОЙ организации, ее цель – получить прибыль (например, магазин, завод, фермерское хозяйство, АО/...","Торговля (оптовая, розничная, онлайн продажи; в т.ч. - недвижимость) Включает в том числе: Магазин, автосалон, аукцио...",0.7368164579072544
07d0000e3fcce684,Женский,40.0,Северо-Западный федеральный округ,Город с численностью от 100 тысяч до 500 тысяч,Беспородная собака,Беспородная кошка,,,,,,,,,,,Ничего,,,,,,,,,,,,Не бываю с питомцем в общественных местах,5- полностью удовлетворен,,,,,,,,,,,,,,"Редко, но не менее одного раза в полгода",Провожу в интернете более четырех часов ежедневно,Незаконченное высшее (с 3-го курса вуза) или законченное высшее,Среднее,"Работаю по договору, контракту в найме (за исключением находящихся в декретном отпуске, подрабатывающих студентов, пе...","Я работаю в НЕКОММЕРЧЕСКОЙ организации, которая оказывает помощь населению (благотворительные фонды, центры поддержки...",,0.7368164579072544
07d00fb241cceeb7,Женский,40.0,Северо-Западный федеральный округ,Город с численностью от 100 тысяч до 500 тысяч,"Нет, домашних животных нет",,,,,,,,,,,,,,,,,,,,,,,,,,Ничего не беспокоило,,,,,,,,,,,,,Несколько раз в неделю,Провожу в интернете более четырех часов ежедневно,"Два и более высших образования, ученая степень кандидата или доктора наук",Среднее,"Работаю по договору, контракту в найме (за исключением находящихся в декретном отпуске, подрабатывающих студентов, пе...","Я работаю в КОММЕРЧЕСКОЙ организации, ее цель – получить прибыль (например, магазин, завод, фермерское хозяйство, АО/...","Строительство Включает в том числе: архитектура, проектирование, дизайн интерьера",0.7368164579072544
07d02b72070ce80e,Женский,36.0,Северо-Западный федеральный округ,Город с численностью от 100 тысяч до 500 тысяч,Породистая собака,,,,,,,,,,,,Специализированные урны для утилизации отходов жизнедеятельности собак,Ветеринарные клиники,ГрУминг-салоны (уход за животными),Зоомагазины,"Магазины, в которых можно находиться с животными",Специально огороженные площадки для выгула или занятий домашних животных,,,,,,,Нет,3,,,,,,,,,,,,,,Ежедневно менее четырех часов в день,Eжедневно менее четырех часов в день,Незаконченное высшее (с 3-го курса вуза) или законченное высшее,Хорошее,"Работаю по договору, контракту в найме (за исключением находящихся в декретном отпуске, подрабатывающих студентов, пе...","Работаю в правоохранительных органах, вооруженных силах, МЧС","Правоохранительные органы, силовые структуры, МЧС, военная служба Включает в том числе: Полиция, росгвардия, пожарно-...",0.7368164579072544
07cfd449744ceffe,Женский,36.0,Южный федеральный округ,Город с численностью от 100 тысяч до 500 тысяч," Мелкие животные (хомячки, морские свинки, черепашки и т.п.)",,,,,,,,,,,,Зоомагазины,Ветеринарные клиники,"Магазины, в которых можно находиться с животными",ГрУминг-салоны (уход за животными),,,,,,,,,"Да, время от времени",,,,,,,,,,,,,,,Несколько раз в неделю,Eжедневно менее четырех часов в день,"Среднее профессиональное (техникум, колледж, ПТУ)",Хорошее,"Работаю по договору, контракту в найме (за исключением находящихся в декретном отпуске, подрабатывающих студентов, пе...","Я работаю в КОММЕРЧЕСКОЙ организации, ее цель – получить прибыль (например, магазин, завод, фермерское хозяйство, АО/...","Здравоохранение Включает в том числе: поликлиники, медицинские центры, больницы, стационары,  «Скорая помощь», санатории",0.8840364900357411
07d00f35160ce528,Женский,39.0,Южный федеральный округ,Город с численностью от 100 тысяч до 500 тысяч,Беспородная собака,Беспородная кошка,,,,,,,,,,,Зоомагазины,,,,,,,,,,,,Затрудняюсь ответить,Затрудняюсь ответить,,,,,,,,,,,,,,Не смотрю,Не пользуюсь,(НЕ ЗАЧИТЫВАТЬ) Отказ от ответа,Затрудняюсь ответить,(НЕ ЗАЧИТЫВАТЬ) Затрудняюсь ответить,,,0.8840364900357411
07cfd8694b4cefa7,Женский,42.0,Южный федеральный округ,Город с численностью от 100 тысяч до 500 тысяч,"Нет, домашних животных нет",,,,,,,,,,,,,,,,,,,,,,,,,,Выгул агрессивных собак без намордника,,,,,,,,,,,,,Ежедневно менее четырех часов в день,Провожу в интернете более четырех часов ежедневно,Незаконченное высшее (с 3-го курса вуза) или законченное высшее,Хорошее,"Нахожусь в декретном отпуске, отпуске по уходу за ребенком",,,0.8497181944069472
07cfe53c040ce76c,Женский,39.0,Южный федеральный округ,Город с численностью от 100 тысяч до 500 тысяч,"Экзотические животные (змеи, ящерицы, обезьяны, крокодилы и пр.)",,,,,,,,,,,,Ничего,,,,,,,,,,,,Нет,,,,,,,,,,,,,,,Не смотрю,Провожу в интернете более четырех часов ежедневно,Незаконченное высшее (с 3-го курса вуза) или законченное высшее,Очень хорошее,"Работаю по договору, контракту в найме (за исключением находящихся в декретном отпуске, подрабатывающих студентов, пе...","Я работаю в БЮДЖЕТНОЙ организации, которая безвозмездно оказывает услуги населению (детский сад, общеобразовательная,...","Социальные услуги, социальное обеспечение Включает в том числе: собес, пенсионный фонд, реабилитационный центр, центр...",0.8497181944069472
07d011c3498ce2e1,Женский,44.0,Южный федеральный округ,Город с численностью от 100 тысяч до 500 тысяч,"Нет, домашних животных нет",,,,,,,,,,,,,,,,,,,,,,,,,,Громкий лай в позднее или раннее время,Отсутствие уборки за собаками во дворе,Выгул агрессивных собак без намордника,,,,,,,,,,,Не смотрю,Провожу в интернете более четырех часов ежедневно,"Два и более высших образования, ученая степень кандидата или доктора наук",Среднее,"Временно не работаю, безработный",,,0.8497181944069472
07d01768fa8ced4d,Женский,40.0,Южный федеральный округ,Город с численностью от 100 тысяч до 500 тысяч,"Нет, домашних животных нет",,,,,,,,,,,,,,,,,,,,,,,,,,Ничего не беспокоило,,,,,,,,,,,,,Смотрю более четырех часов ежедневно,Eжедневно менее четырех часов в день,Незаконченное высшее (с 3-го курса вуза) или законченное высшее,Среднее,Неработающий пенсионер (в том числе по инвалидности),,,0.8497181944069472
07cff6d93f8ce979,Женский,40.0,Северо-Кавказский федеральный округ,Город с численностью от 100 тысяч до 500 тысяч,Беспородная собака,,,,,,,,,,,,ГрУминг-салоны (уход за животными),Ветеринарные клиники,"Магазины, в которых можно находиться с животными",Специально огороженные площадки для выгула или занятий домашних животных,Зоомагазины,,,,,,,,Нет,3,,,,,,,,,,,,,,Ежедневно менее четырех часов в день,Eжедневно менее четырех часов в день,"Среднее профессиональное (техникум, колледж, ПТУ)",Среднее,"Работаю по договору, контракту в найме (за исключением находящихся в декретном отпуске, подрабатывающих студентов, пе...","Я работаю в БЮДЖЕТНОЙ организации, которая безвозмездно оказывает услуги населению (детский сад, общеобразовательная,...","Образование, наука Включает в том числе: ясли, детский сад, школа, ССУЗ, вуз, научно-исследовательские институты, центры",1.0265604142076648
07d04cc632cce788,Женский,37.0,Северо-Кавказский федеральный округ,Город с численностью от 100 тысяч до 500 тысяч,"Нет, домашних животных нет",,,,,,,,,,,,,,,,,,,,,,,,,,Ничего не беспокоило,,,,,,,,,,,,,Не смотрю,Провожу в интернете более четырех часов ежедневно,Основное общее образование: окончил 9 (раньше 8) классов,Плохое,"Нахожусь в декретном отпуске, отпуске по уходу за ребенком",,,1.0265604142076648
07d00bb4a14cee87,Женский,37.0,Северо-Кавказский федеральный округ,Город с численностью от 100 тысяч до 500 тысяч,Породистая собака,,,,,,,,,,,,Зоомагазины,"Кафе, в которых можно находиться с животными","Магазины, в которых можно находиться с животными",,,,,,,,,,Нет,4,,,,,,,,,,,,,,Несколько раз в месяц,Провожу в интернете более четырех часов ежедневно,Незаконченное высшее (с 3-го курса вуза) или законченное высшее,Среднее,"Работаю по договору, контракту в найме (за исключением находящихся в декретном отпуске, подрабатывающих студентов, пе...","Я работаю в БЮДЖЕТНОЙ организации, которая безвозмездно оказывает услуги населению (детский сад, общеобразовательная,...",Другое (укажите),0.8230541698639959
07cfe0fdb18ce031,Женский,36.0,Северо-Кавказский федеральный округ,Город с численностью от 100 тысяч до 500 тысяч,Беспородная кошка,Беспородная собака,,,,,,,,,,,Зоомагазины,Ветеринарные клиники,,,,,,,,,,,Не бываю с питомцем в общественных местах,4,,,,,,,,,,,,,,Несколько раз в неделю,Провожу в интернете более четырех часов ежедневно,Незаконченное высшее (с 3-го курса вуза) или законченное высшее,Среднее,"Работаю по договору, контракту в найме (за исключением находящихся в декретном отпуске, подрабатывающих студентов, пе...","Я работаю в БЮДЖЕТНОЙ организации, которая безвозмездно оказывает услуги населению (детский сад, общеобразовательная,...","Образование, наука Включает в том числе: ясли, детский сад, школа, ССУЗ, вуз, научно-исследовательские институты, центры",0.8230541698639959
07cfe104b18ce19d,Женский,39.0,Приволжский федеральный округ,Город с численностью от 100 тысяч до 500 тысяч,Породистая собака,,,,,,,,,,,,Ветеринарные клиники,Зоомагазины,,,,,,,,,,,Не бываю с питомцем в общественных местах,5- полностью удовлетворен,,,,,,,,,,,,,,Несколько раз в месяц,Eжедневно менее четырех часов в день,"Среднее профессиональное (техникум, колледж, ПТУ)",Хорошее,"Работаю по договору, контракту в найме (за исключением находящихся в декретном отпуске, подрабатывающих студентов, пе...","Я работаю в КОММЕРЧЕСКОЙ организации, ее цель – получить прибыль (например, магазин, завод, фермерское хозяйство, АО/...","Здравоохранение Включает в том числе: поликлиники, медицинские центры, больницы, стационары,  «Скорая помощь», санатории",0.8641820699916196
07cfee18738ced29,Женский,35.0,Приволжский федеральный округ,Город с численностью от 100 тысяч до 500 тысяч,"Нет, домашних животных нет",,,,,,,,,,,,,,,,,,,,,,,,,,Ничего не беспокоило,,,,,,,,,,,,,Несколько раз в неделю,Eжедневно менее четырех часов в день,Среднее общее (10 или 11 классов школы с аттестатом),Хорошее,"Работаю по договору, контракту в найме (за исключением находящихся в декретном отпуске, подрабатывающих студентов, пе...","Я работаю в КОММЕРЧЕСКОЙ организации, ее цель – получить прибыль (например, магазин, завод, фермерское хозяйство, АО/...","Промышленность, производство (в т.ч. добывающие, обрабатывающие отрасли, энергетика) Включает в том числе: Завод, ком...",0.8641820699916196
07cff01cb24cef08,Женский,40.0,Приволжский федеральный округ,Город с численностью от 100 тысяч до 500 тысяч," Мелкие животные (хомячки, морские свинки, черепашки и т.п.)",,,,,,,,,,,,Ничего,,,,,,,,,,,,Нет,,,,,,,,,,,,,,,Ежедневно менее четырех часов в день,Eжедневно менее четырех часов в день,"Среднее профессиональное (техникум, колледж, ПТУ)",Среднее,"Работаю по договору, контракту в найме (за исключением находящихся в декретном отпуске, подрабатывающих студентов, пе...","Я работаю в КОММЕРЧЕСКОЙ организации, ее цель – получить прибыль (например, магазин, завод, фермерское хозяйство, АО/...",Другое (укажите),0.8641820699916196
07cfd3f08e8ce890,Женский,40.0,Приволжский федеральный округ,Город с численностью от 100 тысяч до 500 тысяч,Другое,,,,,,,,,,,,Ничего,,,,,,,,,,,,Нет,,,,,,,,,,,,,,,Ежедневно менее четырех часов в день,Провожу в интернете более четырех часов ежедневно,"Два и более высших образования, ученая степень кандидата или доктора наук",Хорошее,"Временно не работаю, безработный",,,0.8822006647716732
07cfe015578ce65c,Женский,35.0,Приволжский федеральный округ,Город с численностью от 100 тысяч до 500 тысяч,Беспородная кошка,"Домашний скот (куры, коровы, козы и т.п.) (из другого)",Беспородная собака,,,,,,,,,,Специально огороженные площадки для выгула или занятий домашних животных,,,,,,,,,,,,Нет,"Животное не требует выгула, не могу оценить",,,,,,,,,,,,,,"Редко, но не менее одного раза в полгода",Eжедневно менее четырех часов в день,Незаконченное высшее (с 3-го курса вуза) или законченное высшее,Среднее,"Работаю по договору, контракту в найме (за исключением находящихся в декретном отпуске, подрабатывающих студентов, пе...","Я работаю в КОММЕРЧЕСКОЙ организации, ее цель – получить прибыль (например, магазин, завод, фермерское хозяйство, АО/...","Промышленность, производство (в т.ч. добывающие, обрабатывающие отрасли, энергетика) Включает в том числе: Завод, ком...",0.8822006647716732
07cffe0e824cecb6,Женский,42.0,Приволжский федеральный округ,Город с численностью от 100 тысяч до 500 тысяч,"Нет, домашних животных нет",,,,,,,,,,,,,,,,,,,,,,,,,,Ничего не беспокоило,,,,,,,,,,,,,Ежедневно менее четырех часов в день,Eжедневно менее четырех часов в день,"Два и более высших образования, ученая степень кандидата или доктора наук",Среднее,"Работаю по договору, контракту в найме (за исключением находящихся в декретном отпуске, подрабатывающих студентов, пе...",Затрудняюсь ответить/ отказ от ответа,Другое (укажите),0.8822006647716732
07cffd7f36ccef44,Женский,35.0,Приволжский федеральный округ,Город с численностью от 100 тысяч до 500 тысяч,Породистая собака,,,,,,,,,,,,ГрУминг-салоны (уход за животными),"Магазины, в которых можно находиться с животными",Зоомагазины,Ветеринарные клиники,,,,,,,,,Нет,5- полностью удовлетворен,,,,,,,,,,,,,,Не смотрю,Провожу в интернете более четырех часов ежедневно,Незаконченное высшее (с 3-го курса вуза) или законченное высшее,Плохое,"Предприниматель, собственник бизнеса",,"Торговля (оптовая, розничная, онлайн продажи; в т.ч. - недвижимость) Включает в том числе: Магазин, автосалон, аукцио...",0.8822006647716732
07d004ec760ce1c5,Женский,36.0,Приволжский федеральный округ,Город с численностью от 100 тысяч до 500 тысяч,Беспородная кошка,Породистая собака,Аквариумные рыбки,,,,,,,,,,Ничего,,,,,,,,,,,,Нет,1 – совершенно не удовлетворен,,,,,,,,,,,,,,Не смотрю,Провожу в интернете более четырех часов ежедневно,Незаконченное высшее (с 3-го курса вуза) или законченное высшее,Плохое,"Нахожусь в декретном отпуске, отпуске по уходу за ребенком",,,0.8822006647716732
07cfb9930fcceb63,Женский,40.0,Уральский федеральный округ,Город с численностью от 100 тысяч до 500 тысяч,Породистая кошка,,,,,,,,,,,,Зоомагазины,,,,,,,,,,,,Нет,,,,,,,,,,,,,,,Ежедневно менее четырех часов в день,Провожу в интернете более четырех часов ежедневно,Незаконченное высшее (с 3-го курса вуза) или законченное высшее,Среднее,"Работаю по договору, контракту в найме (за исключением находящихся в декретном отпуске, подрабатывающих студентов, пе...","Я работаю в БЮДЖЕТНОЙ организации, которая безвозмездно оказывает услуги населению (детский сад, общеобразовательная,...","Образование, наука Включает в том числе: ясли, детский сад, школа, ССУЗ, вуз, научно-исследовательские институты, центры",0.8022750829685938
07cf91de390ce235,Женский,42.0,Дальневосточный федеральный округ,Город с численностью от 100 тысяч до 500 тысяч,Породистая кошка,,,,,,,,,,,,"Магазины, в которых можно находиться с животными",ГрУминг-салоны (уход за животными),Ветеринарные клиники,Зоомагазины,,,,,,,,,Не бываю с питомцем в общественных местах,,,,,,,,,,,,,,,Несколько раз в неделю,Провожу в интернете более четырех часов ежедневно,"Два и более высших образования, ученая степень кандидата или доктора наук",Хорошее,"Работаю по договору, контракту в найме (за исключением находящихся в декретном отпуске, подрабатывающих студентов, пе...","Работаю в органах власти, управления, судебных органах","Государственное и муниципальное управление, в т.ч. - судебные органы Включает в том числе: Госслужба, администрации/п...",1.1119840186964254
07cfc16ccb8ce579,Женский,42.0,Дальневосточный федеральный округ,Город с численностью от 100 тысяч до 500 тысяч,"Нет, домашних животных нет",,,,,,,,,,,,,,,,,,,,,,,,,,"Укусы, нападения собак на людей",Выгул в неположенных местах,Агрессивное поведение собак по отношению к другим животным,Отсутствие уборки за собаками во дворе,Выгул агрессивных собак без намордника,Самовыгул собак (без поводка),Громкий лай в позднее или раннее время,,,,,,,Ежедневно менее четырех часов в день,Провожу в интернете более четырех часов ежедневно,Незаконченное высшее (с 3-го курса вуза) или законченное высшее,Среднее,"Работаю по договору, контракту в найме (за исключением находящихся в декретном отпуске, подрабатывающих студентов, пе...","Я работаю в КОММЕРЧЕСКОЙ организации, ее цель – получить прибыль (например, магазин, завод, фермерское хозяйство, АО/...","Транспортировка и хранение (складское хозяйство) Включает в том числе: Перевозка грузов, ж/д, авиа, водный, космическ...",1.1119840186964254
07d00ab5048ce337,Женский,35.0,Центральный федеральный округ,Город с численностью от 500 тысяч до 950 тысяч,Породистая кошка,,,,,,,,,,,,Зоомагазины,"Магазины, в которых можно находиться с животными",Ветеринарные клиники,Стойки с пакетами для уборки за собаками,ГрУминг-салоны (уход за животными),,,,,,,,Нет,,,,,,,,,,,,,,,Не смотрю,Eжедневно менее четырех часов в день,Незаконченное высшее (с 3-го курса вуза) или законченное высшее,Среднее,Самозанятый,,"Образование, наука Включает в том числе: ясли, детский сад, школа, ССУЗ, вуз, научно-исследовательские институты, центры",0.876113448492602
07d00214928ce5dc,Женский,35.0,Центральный федеральный округ,Город с численностью от 500 тысяч до 950 тысяч,Беспородная собака,,,,,,,,,,,,Зоомагазины,Ветеринарные клиники,,,,,,,,,,,"Да, время от времени",1 – совершенно не удовлетворен,,,,,,,,,,,,,,Не смотрю,Eжедневно менее четырех часов в день,Незаконченное высшее (с 3-го курса вуза) или законченное высшее,Среднее,"Работаю по договору, контракту в найме (за исключением находящихся в декретном отпуске, подрабатывающих студентов, пе...","Я работаю в КОММЕРЧЕСКОЙ организации, ее цель – получить прибыль (например, магазин, завод, фермерское хозяйство, АО/...","Торговля (оптовая, розничная, онлайн продажи; в т.ч. - недвижимость) Включает в том числе: Магазин, автосалон, аукцио...",0.7116359072071686
07d009ae0fcce0f4,Женский,36.0,Центральный федеральный округ,Город с численностью от 500 тысяч до 950 тысяч,Породистая кошка,,,,,,,,,,,,Ничего,,,,,,,,,,,,Не бываю с питомцем в общественных местах,,,,,,,,,,,,,,,Несколько раз в месяц,Eжедневно менее четырех часов в день,Незаконченное высшее (с 3-го курса вуза) или законченное высшее,Среднее,Самозанятый,,"Сфера услуг, сервиса, бытового обслуживания Включает в том числе: Прачечная/химчистка, ремонт мебели, часов, ювелирны...",0.7116359072071686
07cfd1c4350ce582,Женский,41.0,Южный федеральный округ,Город с численностью от 500 тысяч до 950 тысяч," Мелкие животные (хомячки, морские свинки, черепашки и т.п.)",,,,,,,,,,,,ГрУминг-салоны (уход за животными),Специализированные урны для утилизации отходов жизнедеятельности собак,Зоомагазины,,,,,,,,,,Нет,,,,,,,,,,,,,,,Несколько раз в месяц,Eжедневно менее четырех часов в день,Незаконченное высшее (с 3-го курса вуза) или законченное высшее,Плохое,"Нахожусь в декретном отпуске, отпуске по уходу за ребенком",,,0.7411102214508289
07cfd3bd500ce9eb,Женский,40.0,Южный федеральный округ,Город с численностью от 500 тысяч до 950 тысяч,Породистая собака,,,,,,,,,,,,Зоомагазины,Ветеринарные клиники,ГрУминг-салоны (уход за животными),"Магазины, в которых можно находиться с животными",Специализированные урны для утилизации отходов жизнедеятельности собак,,,,,,,,Нет,5- полностью удовлетворен,,,,,,,,,,,,,,Несколько раз в месяц,Провожу в интернете более четырех часов ежедневно,Незаконченное высшее (с 3-го курса вуза) или законченное высшее,Хорошее,Самозанятый,,"Здравоохранение Включает в том числе: поликлиники, медицинские центры, больницы, стационары,  «Скорая помощь», санатории",0.7411102214508289
07cfd7e0284ce581,Женский,39.0,Южный федеральный округ,Город с численностью от 500 тысяч до 950 тысяч," Мелкие животные (хомячки, морские свинки, черепашки и т.п.)",Беспородная собака,,,,,,,,,,,Ничего,,,,,,,,,,,,Не бываю с питомцем в общественных местах,1 – совершенно не удовлетворен,,,,,,,,,,,,,,Ежедневно менее четырех часов в день,Eжедневно менее четырех часов в день,Незаконченное высшее (с 3-го курса вуза) или законченное высшее,Среднее,"Нахожусь в декретном отпуске, отпуске по уходу за ребенком",,,0.7411102214508289
07cfd706a6cce6c6,Женский,35.0,Южный федеральный округ,Город с численностью от 500 тысяч до 950 тысяч,Породистая собака,,,,,,,,,,,,"Магазины, в которых можно находиться с животными","Кафе, в которых можно находиться с животными",Зоомагазины,ГрУминг-салоны (уход за животными),Специально огороженные площадки для выгула или занятий домашних животных,,,,,,,,Нет,4,,,,,,,,,,,,,,Не смотрю,Провожу в интернете более четырех часов ежедневно,Незаконченное высшее (с 3-го курса вуза) или законченное высшее,Среднее,"Работаю по договору, контракту в найме (за исключением находящихся в декретном отпуске, подрабатывающих студентов, пе...","Я работаю в БЮДЖЕТНОЙ организации, которая безвозмездно оказывает услуги населению (детский сад, общеобразовательная,...","Социальные услуги, социальное обеспечение Включает в том числе: собес, пенсионный фонд, реабилитационный центр, центр...",0.7411102214508289
07cfdce9aa0ce9ff,Женский,40.0,Южный федеральный округ,Город с численностью от 500 тысяч до 950 тысяч,"Нет, домашних животных нет",,,,,,,,,,,,,,,,,,,,,,,,,,Ничего не беспокоило,,,,,,,,,,,,,Смотрю более четырех часов ежедневно,Провожу в интернете более четырех часов ежедневно,Незаконченное высшее (с 3-го курса вуза) или законченное высшее,Среднее,"Временно не работаю, безработный",,,0.7411102214508289
07cfdf39084ce444,Женский,41.0,Южный федеральный округ,Город с численностью от 500 тысяч до 950 тысяч,"Нет, домашних животных нет",,,,,,,,,,,,,,,,,,,,,,,,,,Отсутствие уборки за собаками во дворе,Выгул собак на длинном поводке,Выгул в неположенных местах,,,,,,,,,,,Несколько раз в неделю,Eжедневно менее четырех часов в день,Незаконченное высшее (с 3-го курса вуза) или законченное высшее,Среднее,"Работаю по договору, контракту в найме (за исключением находящихся в декретном отпуске, подрабатывающих студентов, пе...","Я работаю в КОММЕРЧЕСКОЙ организации, ее цель – получить прибыль (например, магазин, завод, фермерское хозяйство, АО/...",Другое (укажите),0.7411102214508289
07cfcee11c4ce73c,Женский,39.0,Южный федеральный округ,Город с численностью от 500 тысяч до 950 тысяч,Затрудняюсь ответить,,,,,,,,,,,,,,,,,,,,,,,,,,Выгул собак на длинном поводке,Самовыгул собак (без поводка),,,,,,,,,,,,Ежедневно менее четырех часов в день,Eжедневно менее четырех часов в день,"Два и более высших образования, ученая степень кандидата или доктора наук",Среднее,Самозанятый,,"Образование, наука Включает в том числе: ясли, детский сад, школа, ССУЗ, вуз, научно-исследовательские институты, центры",0.7411102214508289
07d0208d728cefb7,Женский,36.0,Северо-Кавказский федеральный округ,Город с численностью от 500 тысяч до 950 тысяч,"Нет, домашних животных нет",,,,,,,,,,,,,,,,,,,,,,,,,,Большое количество бродячих собак (из другого),,,,,,,,,,,,,Не смотрю,Провожу в интернете более четырех часов ежедневно,Среднее общее (10 или 11 классов школы с аттестатом),Среднее,"Нахожусь в декретном отпуске, отпуске по уходу за ребенком",,,0.8953490944572354
07cfe88f6b4ced81,Женский,35.0,Северо-Кавказский федеральный округ,Город с численностью от 500 тысяч до 950 тысяч,"Нет, домашних животных нет",,,,,,,,,,,,,,,,,,,,,,,,,,"Отсутствие уборки за собаками в доме (в лифте, в подъезде)",Агрессивное поведение собак по отношению к другим животным,"Укусы, нападения собак на людей",,,,,,,,,,,Ежедневно менее четырех часов в день,Провожу в интернете более четырех часов ежедневно,Незаконченное высшее (с 3-го курса вуза) или законченное высшее,Среднее,Работающий пенсионер,"Я работаю в КОММЕРЧЕСКОЙ организации, ее цель – получить прибыль (например, магазин, завод, фермерское хозяйство, АО/...","Торговля (оптовая, розничная, онлайн продажи; в т.ч. - недвижимость) Включает в том числе: Магазин, автосалон, аукцио...",0.7178542981766558
07cfe2cdb2cce763,Женский,44.0,Приволжский федеральный округ,Город с численностью от 500 тысяч до 950 тысяч,"Нет, домашних животных нет",,,,,,,,,,,,,,,,,,,,,,,,,,Ничего не беспокоило,,,,,,,,,,,,,Не смотрю,Eжедневно менее четырех часов в день,"Среднее профессиональное (техникум, колледж, ПТУ)",Среднее,"Работаю по договору, контракту в найме (за исключением находящихся в декретном отпуске, подрабатывающих студентов, пе...","Я работаю в БЮДЖЕТНОЙ организации, которая безвозмездно оказывает услуги населению (детский сад, общеобразовательная,...","Образование, наука Включает в том числе: ясли, детский сад, школа, ССУЗ, вуз, научно-исследовательские институты, центры",0.7537253756374179
07cfe4d92b8ce72d,Женский,40.0,Приволжский федеральный округ,Город с численностью от 500 тысяч до 950 тысяч,Породистая собака,,,,,,,,,,,,Зоомагазины,Ветеринарные клиники,"Магазины, в которых можно находиться с животными",ГрУминг-салоны (уход за животными),"Кафе, в которых можно находиться с животными",,,,,,,,Нет,1 – совершенно не удовлетворен,,,,,,,,,,,,,,Несколько раз в неделю,Провожу в интернете более четырех часов ежедневно,"Два и более высших образования, ученая степень кандидата или доктора наук",Среднее,"Работаю по договору, контракту в найме (за исключением находящихся в декретном отпуске, подрабатывающих студентов, пе...","Работаю в органах власти, управления, судебных органах","Государственное и муниципальное управление, в т.ч. - судебные органы Включает в том числе: Госслужба, администрации/п...",0.769440897389896
07cfc941190ce0fb,Женский,40.0,Уральский федеральный округ,Город с численностью от 500 тысяч до 950 тысяч,"Нет, домашних животных нет",,,,,,,,,,,,,,,,,,,,,,,,,,Ничего не беспокоило,,,,,,,,,,,,,Несколько раз в месяц,Eжедневно менее четырех часов в день,"Два и более высших образования, ученая степень кандидата или доктора наук",Хорошее,Самозанятый,,"Промышленность, производство (в т.ч. добывающие, обрабатывающие отрасли, энергетика) Включает в том числе: Завод, ком...",0.6997311206432555
07cfaae3dfccee5d,Женский,38.0,Сибирский федеральный округ,Город с численностью от 500 тысяч до 950 тысяч,Беспородная кошка,,,,,,,,,,,,ГрУминг-салоны (уход за животными),Зоомагазины,Ветеринарные клиники,,,,,,,,,,Не бываю с питомцем в общественных местах,,,,,,,,,,,,,,,Ежедневно менее четырех часов в день,Несколько раз в неделю,Незаконченное высшее (с 3-го курса вуза) или законченное высшее,Среднее,"Работаю по договору, контракту в найме (за исключением находящихся в декретном отпуске, подрабатывающих студентов, пе...","Я работаю в КОММЕРЧЕСКОЙ организации, ее цель – получить прибыль (например, магазин, завод, фермерское хозяйство, АО/...","Сельское, лесное хозяйство, охота, рыболовство и рыбоводство Включает в том числе: Фермерское хозяйство, скотобойни, ...",0.7660551332865511
07cfc9480dcce2d6,Женский,40.0,Сибирский федеральный округ,Город с численностью от 500 тысяч до 950 тысяч," Мелкие животные (хомячки, морские свинки, черепашки и т.п.)",,,,,,,,,,,,Специально огороженные площадки для выгула или занятий домашних животных,Зоомагазины,,,,,,,,,,,Нет,,,,,,,,,,,,,,,Ежедневно менее четырех часов в день,Eжедневно менее четырех часов в день,Незаконченное высшее (с 3-го курса вуза) или законченное высшее,Среднее,"Работаю по договору, контракту в найме (за исключением находящихся в декретном отпуске, подрабатывающих студентов, пе...","Я работаю в КОММЕРЧЕСКОЙ организации, ее цель – получить прибыль (например, магазин, завод, фермерское хозяйство, АО/...","Промышленность, производство (в т.ч. добывающие, обрабатывающие отрасли, энергетика) Включает в том числе: Завод, ком...",0.7660551332865511
07cfa252984ce817,Женский,43.0,Дальневосточный федеральный округ,Город с численностью от 500 тысяч до 950 тысяч," Мелкие животные (хомячки, морские свинки, черепашки и т.п.)",,,,,,,,,,,,Зоомагазины,,,,,,,,,,,,Не бываю с питомцем в общественных местах,,,,,,,,,,,,,,,Несколько раз в неделю,Провожу в интернете более четырех часов ежедневно,"Среднее профессиональное (техникум, колледж, ПТУ)",Среднее,"Временно не работаю, безработный",,,0.715927550634286
07d02389530ce1a9,Женский,38.0,Центральный федеральный округ,Город с численностью жителей миллион и более человек,"Нет, домашних животных нет",,,,,,,,,,,,,,,,,,,,,,,,,,Выгул агрессивных собак без намордника,Другое,,,,,,,,,,,,Ежедневно менее четырех часов в день,Eжедневно менее четырех часов в день,"Среднее профессиональное (техникум, колледж, ПТУ)",Среднее,"Работаю по договору, контракту в найме (за исключением находящихся в декретном отпуске, подрабатывающих студентов, пе...","Я работаю в КОММЕРЧЕСКОЙ организации, ее цель – получить прибыль (например, магазин, завод, фермерское хозяйство, АО/...","Торговля (оптовая, розничная, онлайн продажи; в т.ч. - недвижимость) Включает в том числе: Магазин, автосалон, аукцио...",1.0724619937247362
07cfe4e3f40ceb5c,Женский,35.0,Центральный федеральный округ,Город с численностью жителей миллион и более человек,Породистая собака,,,,,,,,,,,,Зоомагазины,"Магазины, в которых можно находиться с животными","Кафе, в которых можно находиться с животными",Специально огороженные площадки для выгула или занятий домашних животных,Ветеринарные клиники,,,,,,,,Нет,4,,,,,,,,,,,,,,Не смотрю,Eжедневно менее четырех часов в день,Незаконченное высшее (с 3-го курса вуза) или законченное высшее,Среднее,"Работаю по договору, контракту в найме (за исключением находящихся в декретном отпуске, подрабатывающих студентов, пе...","Я работаю в КОММЕРЧЕСКОЙ организации, ее цель – получить прибыль (например, магазин, завод, фермерское хозяйство, АО/...","Промышленность, производство (в т.ч. добывающие, обрабатывающие отрасли, энергетика) Включает в том числе: Завод, ком...",1.0524341073414842
07cfe9519acce2c5,Женский,35.0,Центральный федеральный округ,Город с численностью жителей миллион и более человек,Породистая кошка,,,,,,,,,,,,Ветеринарные клиники,Зоомагазины,"Магазины, в которых можно находиться с животными",Специально огороженные площадки для выгула или занятий домашних животных,,,,,,,,,Нет,,,,,,,,,,,,,,,Не смотрю,Eжедневно менее четырех часов в день,Незаконченное высшее (с 3-го курса вуза) или законченное высшее,Среднее,Неработающий пенсионер (в том числе по инвалидности),,,1.0524341073414842
07cfebd0adcce5e9,Женский,37.0,Центральный федеральный округ,Город с численностью жителей миллион и более человек,Породистая кошка,,,,,,,,,,,,"Магазины, в которых можно находиться с животными",ГрУминг-салоны (уход за животными),Ветеринарные клиники,"Кафе, в которых можно находиться с животными",Лапомойки в доме,Стойки с пакетами для уборки за собаками,Специализированные урны для утилизации отходов жизнедеятельности собак,Специально огороженные площадки для выгула или занятий домашних животных,Зоомагазины,,,,Нет,,,,,,,,,,,,,,,Не смотрю,Провожу в интернете более четырех часов ежедневно,Незаконченное высшее (с 3-го курса вуза) или законченное высшее,Хорошее,"Работаю по договору, контракту в найме (за исключением находящихся в декретном отпуске, подрабатывающих студентов, пе...","Я работаю в КОММЕРЧЕСКОЙ организации, ее цель – получить прибыль (например, магазин, завод, фермерское хозяйство, АО/...","Информационные технологии, связь, интернет Включает в том числе: Программирование /создание программного обеспечения,...",1.0524341073414842
07cfeb7c374ced94,Женский,44.0,Центральный федеральный округ,Город с численностью жителей миллион и более человек,"Нет, домашних животных нет",,,,,,,,,,,,,,,,,,,,,,,,,,Громкий лай в позднее или раннее время,,,,,,,,,,,,,Не смотрю,Eжедневно менее четырех часов в день,Незаконченное высшее (с 3-го курса вуза) или законченное высшее,Плохое,"Работаю по договору, контракту в найме (за исключением находящихся в декретном отпуске, подрабатывающих студентов, пе...","Я работаю в БЮДЖЕТНОЙ организации, которая безвозмездно оказывает услуги населению (детский сад, общеобразовательная,...","Здравоохранение Включает в том числе: поликлиники, медицинские центры, больницы, стационары,  «Скорая помощь», санатории",1.0524341073414842
07cfec0d58cce9df,Женский,41.0,Центральный федеральный округ,Город с численностью жителей миллион и более человек,Породистая собака,Беспородная кошка,,,,,,,,,,,"Магазины, в которых можно находиться с животными",Ветеринарные клиники,Зоомагазины,,,,,,,,,,"Да, часто",1 – совершенно не удовлетворен,,,,,,,,,,,,,,Несколько раз в неделю,Провожу в интернете более четырех часов ежедневно,Незаконченное высшее (с 3-го курса вуза) или законченное высшее,Среднее,"Работаю по договору, контракту в найме (за исключением находящихся в декретном отпуске, подрабатывающих студентов, пе...","Я работаю в КОММЕРЧЕСКОЙ организации, ее цель – получить прибыль (например, магазин, завод, фермерское хозяйство, АО/...","Строительство Включает в том числе: архитектура, проектирование, дизайн интерьера",1.0524341073414842
07cfeda2860cef88,Женский,40.0,Центральный федеральный округ,Город с численностью жителей миллион и более человек,Аквариумные рыбки,,,,,,,,,,,,Специально огороженные площадки для выгула или занятий домашних животных,ГрУминг-салоны (уход за животными),Зоомагазины,Стойки с пакетами для уборки за собаками,Специализированные урны для утилизации отходов жизнедеятельности собак,Ветеринарные клиники,,,,,,,Не бываю с питомцем в общественных местах,,,,,,,,,,,,,,,Несколько раз в неделю,Eжедневно менее четырех часов в день,"Два и более высших образования, ученая степень кандидата или доктора наук",Плохое,"Нахожусь в декретном отпуске, отпуске по уходу за ребенком",,,1.0524341073414842
07cfed9c90cced4d,Женский,40.0,Центральный федеральный округ,Город с численностью жителей миллион и более человек,Породистая собака,Беспородная кошка,,,,,,,,,,,Специально огороженные площадки для выгула или занятий домашних животных,Стойки с пакетами для уборки за собаками,ГрУминг-салоны (уход за животными),Ветеринарные клиники,"Кафе, в которых можно находиться с животными",,,,,,,,"Да, время от времени",2,,,,,,,,,,,,,,Ежедневно менее четырех часов в день,Провожу в интернете более четырех часов ежедневно,Незаконченное высшее (с 3-го курса вуза) или законченное высшее,Хорошее,"Временно не работаю, безработный",,,1.0524341073414842
07cff09af80cecc7,Женский,35.0,Центральный федеральный округ,Город с численностью жителей миллион и более человек,Беспородная кошка,,,,,,,,,,,,"Кафе, в которых можно находиться с животными","Магазины, в которых можно находиться с животными",ГрУминг-салоны (уход за животными),Специально огороженные площадки для выгула или занятий домашних животных,Ветеринарные клиники,Зоомагазины,,,,,,,Нет,,,,,,,,,,,,,,,Не смотрю,Провожу в интернете более четырех часов ежедневно,Незаконченное высшее (с 3-го курса вуза) или законченное высшее,Хорошее,Самозанятый,,Другое (укажите),1.0524341073414842
07cff8a0040cec63,Женский,41.0,Центральный федеральный округ,Город с численностью жителей миллион и более человек,Беспородная собака,,,,,,,,,,,,Зоомагазины,Ветеринарные клиники,,,,,,,,,,,Нет,3,,,,,,,,,,,,,,Не смотрю,Провожу в интернете более четырех часов ежедневно,Незаконченное высшее (с 3-го курса вуза) или законченное высшее,Среднее,"Работаю по договору, контракту в найме (за исключением находящихся в декретном отпуске, подрабатывающих студентов, пе...","Я работаю в КОММЕРЧЕСКОЙ организации, ее цель – получить прибыль (например, магазин, завод, фермерское хозяйство, АО/...","Культура, искусство, спорт Включает в том числе: дома культуры, дома народного творчества, музеи, библиотеки,  концер...",1.0524341073414842
07d000d05d0ce25c,Женский,36.0,Центральный федеральный округ,Город с численностью жителей миллион и более человек,"Нет, домашних животных нет",,,,,,,,,,,,,,,,,,,,,,,,,,Ничего не беспокоило,,,,,,,,,,,,,Ежедневно менее четырех часов в день,Провожу в интернете более четырех часов ежедневно,Незаконченное высшее (с 3-го курса вуза) или законченное высшее,Среднее,"Работаю по договору, контракту в найме (за исключением находящихся в декретном отпуске, подрабатывающих студентов, пе...","Я работаю в КОММЕРЧЕСКОЙ организации, ее цель – получить прибыль (например, магазин, завод, фермерское хозяйство, АО/...","Промышленность, производство (в т.ч. добывающие, обрабатывающие отрасли, энергетика) Включает в том числе: Завод, ком...",1.0524341073414842
07d01202814cee3f,Женский,43.0,Центральный федеральный округ,Город с численностью жителей миллион и более человек,Породистая собака,Беспородная собака,Беспородная кошка,Породистая кошка,,,,,,,,,Зоомагазины,ГрУминг-салоны (уход за животными),Специально огороженные площадки для выгула или занятий домашних животных,,,,,,,,,,Нет,5- полностью удовлетворен,,,,,,,,,,,,,,Не смотрю,Несколько раз в неделю,Незаконченное высшее (с 3-го курса вуза) или законченное высшее,Среднее,"Временно не работаю, безработный",,,1.0524341073414842
07d013e365cce8ad,Женский,40.0,Центральный федеральный округ,Город с численностью жителей миллион и более человек,Беспородная кошка,,,,,,,,,,,,Ветеринарные клиники,,,,,,,,,,,,Не бываю с питомцем в общественных местах,,,,,,,,,,,,,,,Не смотрю,Несколько раз в неделю,Незаконченное высшее (с 3-го курса вуза) или законченное высшее,Среднее,"Работаю по договору, контракту в найме (за исключением находящихся в декретном отпуске, подрабатывающих студентов, пе...","Я работаю в БЮДЖЕТНОЙ организации, которая безвозмездно оказывает услуги населению (детский сад, общеобразовательная,...","Образование, наука Включает в том числе: ясли, детский сад, школа, ССУЗ, вуз, научно-исследовательские институты, центры",1.0524341073414842
07d01e424d4ce4d6,Женский,40.0,Центральный федеральный округ,Город с численностью жителей миллион и более человек,Породистая собака,,,,,,,,,,,,Стойки с пакетами для уборки за собаками,Специально огороженные площадки для выгула или занятий домашних животных,Ветеринарные клиники,ГрУминг-салоны (уход за животными),Зоомагазины,"Магазины, в которых можно находиться с животными",Специализированные урны для утилизации отходов жизнедеятельности собак,,,,,,Нет,5- полностью удовлетворен,,,,,,,,,,,,,,Несколько раз в неделю,Eжедневно менее четырех часов в день,Незаконченное высшее (с 3-го курса вуза) или законченное высшее,Среднее,"Предприниматель, собственник бизнеса",,"Промышленность, производство (в т.ч. добывающие, обрабатывающие отрасли, энергетика) Включает в том числе: Завод, ком...",1.0524341073414842
07d03892dacce9c9,Женский,44.0,Центральный федеральный округ,Город с численностью жителей миллион и более человек,Породистая собака,Беспородная кошка,,,,,,,,,,,Зоомагазины,Ветеринарные клиники,ГрУминг-салоны (уход за животными),"Кафе, в которых можно находиться с животными",Специально огороженные площадки для выгула или занятий домашних животных,"Магазины, в которых можно находиться с животными",Специализированные урны для утилизации отходов жизнедеятельности собак,,,,,,"Да, время от времени",4,,,,,,,,,,,,,,Несколько раз в неделю,Провожу в интернете более четырех часов ежедневно,Незаконченное высшее (с 3-го курса вуза) или законченное высшее,Хорошее,"Работаю по договору, контракту в найме (за исключением находящихся в декретном отпуске, подрабатывающих студентов, пе...","Я работаю в БЮДЖЕТНОЙ организации, которая безвозмездно оказывает услуги населению (детский сад, общеобразовательная,...","Образование, наука Включает в том числе: ясли, детский сад, школа, ССУЗ, вуз, научно-исследовательские институты, центры",1.0524341073414842
07cfe011a84ce4cc,Женский,35.0,Центральный федеральный округ,Город с численностью жителей миллион и более человек,Породистая собака,Беспородная кошка,,,,,,,,,,,Стойки с пакетами для уборки за собаками,ГрУминг-салоны (уход за животными),Лапомойки в доме,"Магазины, в которых можно находиться с животными","Кафе, в которых можно находиться с животными",Специализированные урны для утилизации отходов жизнедеятельности собак,Зоомагазины,Специально огороженные площадки для выгула или занятий домашних животных,Ветеринарные клиники,,,,"Да, часто",3,,,,,,,,,,,,,,Не смотрю,Провожу в интернете более четырех часов ежедневно,Незаконченное высшее (с 3-го курса вуза) или законченное высшее,Хорошее,"Нахожусь в декретном отпуске, отпуске по уходу за ребенком",,,0.8548549300804946
07d0006a878cea0a,Женский,44.0,Центральный федеральный округ,Город с численностью жителей миллион и более человек,Породистая кошка,,,,,,,,,,,,Зоомагазины,Ветеринарные клиники,Специально огороженные площадки для выгула или занятий домашних животных,,,,,,,,,,Нет,,,,,,,,,,,,,,,"Редко, но не менее одного раза в полгода",Провожу в интернете более четырех часов ежедневно,Незаконченное высшее (с 3-го курса вуза) или законченное высшее,Среднее,Самозанятый,,"Сфера услуг, сервиса, бытового обслуживания Включает в том числе: Прачечная/химчистка, ремонт мебели, часов, ювелирны...",0.8548549300804946
07cff90ce64ce5b0,Женский,41.0,Северо-Западный федеральный округ,Город с численностью жителей миллион и более человек,Беспородная кошка,,,,,,,,,,,,ГрУминг-салоны (уход за животными),Ветеринарные клиники,Зоомагазины,"Кафе, в которых можно находиться с животными","Магазины, в которых можно находиться с животными",,,,,,,,Нет,,,,,,,,,,,,,,,Несколько раз в месяц,Eжедневно менее четырех часов в день,Незаконченное высшее (с 3-го курса вуза) или законченное высшее,Среднее,"Работаю по договору, контракту в найме (за исключением находящихся в декретном отпуске, подрабатывающих студентов, пе...","Я работаю в КОММЕРЧЕСКОЙ организации, ее цель – получить прибыль (например, магазин, завод, фермерское хозяйство, АО/...","Строительство Включает в том числе: архитектура, проектирование, дизайн интерьера",0.8645949980923628
07d0096b2a0ce236,Женский,36.0,Северо-Западный федеральный округ,Город с численностью жителей миллион и более человек,Затрудняюсь ответить,,,,,,,,,,,,,,,,,,,,,,,,,,Отсутствие уборки за собаками во дворе,,,,,,,,,,,,,Не смотрю,Провожу в интернете более четырех часов ежедневно,Незаконченное высшее (с 3-го курса вуза) или законченное высшее,Среднее,"Работаю по договору, контракту в найме (за исключением находящихся в декретном отпуске, подрабатывающих студентов, пе...","Я работаю в КОММЕРЧЕСКОЙ организации, ее цель – получить прибыль (например, магазин, завод, фермерское хозяйство, АО/...","Строительство Включает в том числе: архитектура, проектирование, дизайн интерьера",0.8645949980923628
07d00da5334ceb8a,Женский,35.0,Северо-Западный федеральный округ,Город с численностью жителей миллион и более человек,Беспородная кошка,,,,,,,,,,,,Ветеринарные клиники,Зоомагазины,,,,,,,,,,,Нет,,,,,,,,,,,,,,,Несколько раз в неделю,Eжедневно менее четырех часов в день,"Два и более высших образования, ученая степень кандидата или доктора наук",Хорошее,"Работаю по договору, контракту в найме (за исключением находящихся в декретном отпуске, подрабатывающих студентов, пе...","Я работаю в КОММЕРЧЕСКОЙ организации, ее цель – получить прибыль (например, магазин, завод, фермерское хозяйство, АО/...","Информационные технологии, связь, интернет Включает в том числе: Программирование /создание программного обеспечения,...",0.8645949980923628
07d01d153e8cea0a,Женский,44.0,Северо-Западный федеральный округ,Город с численностью жителей миллион и более человек,"Нет, домашних животных нет",,,,,,,,,,,,,,,,,,,,,,,,,,Выгул агрессивных собак без намордника,Отсутствие уборки за собаками во дворе,Самовыгул собак (без поводка),"Отсутствие уборки за собаками в доме (в лифте, в подъезде)",Выгул собак на длинном поводке,Выгул в неположенных местах,Агрессивное поведение собак по отношению к другим животным,,,,,,,Несколько раз в неделю,Провожу в интернете более четырех часов ежедневно,Незаконченное высшее (с 3-го курса вуза) или законченное высшее,Хорошее,"Предприниматель, собственник бизнеса",,"Социальные услуги, социальное обеспечение Включает в том числе: собес, пенсионный фонд, реабилитационный центр, центр...",0.8645949980923628
07d02c9d620cedc9,Женский,39.0,Северо-Западный федеральный округ,Город с численностью жителей миллион и более человек,Беспородная кошка,,,,,,,,,,,,"Магазины, в которых можно находиться с животными",Ветеринарные клиники,Лапомойки в доме,Стойки с пакетами для уборки за собаками,"Кафе, в которых можно находиться с животными",Специально огороженные площадки для выгула или занятий домашних животных,Зоомагазины,ГрУминг-салоны (уход за животными),,,,,Не бываю с питомцем в общественных местах,,,,,,,,,,,,,,,Не смотрю,Провожу в интернете более четырех часов ежедневно,Незаконченное высшее (с 3-го курса вуза) или законченное высшее,Среднее,"Работаю по договору, контракту в найме (за исключением находящихся в декретном отпуске, подрабатывающих студентов, пе...","Я работаю в КОММЕРЧЕСКОЙ организации, ее цель – получить прибыль (например, магазин, завод, фермерское хозяйство, АО/...",Другое (укажите),0.8645949980923628
07d00f61198cef09,Женский,42.0,Южный федеральный округ,Город с численностью жителей миллион и более человек,Беспородная кошка,,,,,,,,,,,,Ветеринарные клиники,,,,,,,,,,,,Не бываю с питомцем в общественных местах,,,,,,,,,,,,,,,Несколько раз в месяц,Несколько раз в неделю,"Два и более высших образования, ученая степень кандидата или доктора наук",Среднее,"Нахожусь в декретном отпуске, отпуске по уходу за ребенком",,,0.8902610451833961
07d030836e8ce021,Женский,40.0,Южный федеральный округ,Город с численностью жителей миллион и более человек,Беспородная кошка,,,,,,,,,,,,Зоомагазины,"Магазины, в которых можно находиться с животными",,,,,,,,,,,Нет,,,,,,,,,,,,,,,Не смотрю,Провожу в интернете более четырех часов ежедневно,Незаконченное высшее (с 3-го курса вуза) или законченное высшее,Среднее,Самозанятый,,Другое (укажите),0.8902610451833961
07cfd8a2720ceed4,Женский,43.0,Приволжский федеральный округ,Город с численностью жителей миллион и более человек,"Нет, домашних животных нет",,,,,,,,,,,,,,,,,,,,,,,,,,Самовыгул собак (без поводка),Выгул агрессивных собак без намордника,Большое количество бродячих собак (из другого),Громкий лай в позднее или раннее время,Выгул в неположенных местах,,,,,,,,,Не смотрю,Eжедневно менее четырех часов в день,Среднее общее (10 или 11 классов школы с аттестатом),Среднее,"Работаю по договору, контракту в найме (за исключением находящихся в декретном отпуске, подрабатывающих студентов, пе...","Я работаю в КОММЕРЧЕСКОЙ организации, ее цель – получить прибыль (например, магазин, завод, фермерское хозяйство, АО/...",Другое (укажите),0.9054150398608903
07d001154b8ce187,Женский,39.0,Приволжский федеральный округ,Город с численностью жителей миллион и более человек,Породистая собака,,,,,,,,,,,,Ветеринарные клиники,ГрУминг-салоны (уход за животными),"Магазины, в которых можно находиться с животными",Зоомагазины,,,,,,,,,Нет,2,,,,,,,,,,,,,,Несколько раз в неделю,Eжедневно менее четырех часов в день,"Два и более высших образования, ученая степень кандидата или доктора наук",Среднее,"Работаю по договору, контракту в найме (за исключением находящихся в декретном отпуске, подрабатывающих студентов, пе...","Я работаю в КОММЕРЧЕСКОЙ организации, ее цель – получить прибыль (например, магазин, завод, фермерское хозяйство, АО/...","Финансовая и страховая деятельность, банковские услуги Включает в том числе: Банк, инвестиционный фонд, финансовая ар...",0.924293361082225
07d00c54964cec77,Женский,41.0,Приволжский федеральный округ,Город с численностью жителей миллион и более человек,Породистая кошка,,,,,,,,,,,,"Магазины, в которых можно находиться с животными",ГрУминг-салоны (уход за животными),Ветеринарные клиники,Зоомагазины,,,,,,,,,Не бываю с питомцем в общественных местах,,,,,,,,,,,,,,,Несколько раз в неделю,Провожу в интернете более четырех часов ежедневно,Незаконченное высшее (с 3-го курса вуза) или законченное высшее,Хорошее,(НЕ ЗАЧИТЫВАТЬ) Затрудняюсь ответить,,,0.924293361082225
07cfdcbfbb8cecca,Женский,43.0,Уральский федеральный округ,Город с численностью жителей миллион и более человек,Беспородная кошка,Породистая собака,,,,,,,,,,,ГрУминг-салоны (уход за животными),"Магазины, в которых можно находиться с животными",Специализированные урны для утилизации отходов жизнедеятельности собак,Зоомагазины,"Кафе, в которых можно находиться с животными",Ветеринарные клиники,,,,,,,Нет,5- полностью удовлетворен,,,,,,,,,,,,,,Ежедневно менее четырех часов в день,Eжедневно менее четырех часов в день,Среднее общее (10 или 11 классов школы с аттестатом),Среднее,"Работаю по договору, контракту в найме (за исключением находящихся в декретном отпуске, подрабатывающих студентов, пе...","Я работаю в КОММЕРЧЕСКОЙ организации, ее цель – получить прибыль (например, магазин, завод, фермерское хозяйство, АО/...","Промышленность, производство (в т.ч. добывающие, обрабатывающие отрасли, энергетика) Включает в том числе: Завод, ком...",0.9495438736444305
07cfcea7738ce837,Женский,44.0,Уральский федеральный округ,Город с численностью жителей миллион и более человек,Беспородная собака,,,,,,,,,,,,"Магазины, в которых можно находиться с животными",Зоомагазины,,,,,,,,,,,Нет,1 – совершенно не удовлетворен,,,,,,,,,,,,,,Несколько раз в месяц,Eжедневно менее четырех часов в день,"Два и более высших образования, ученая степень кандидата или доктора наук",Среднее,Самозанятый,,"Здравоохранение Включает в том числе: поликлиники, медицинские центры, больницы, стационары,  «Скорая помощь», санатории",0.8405542668021949
07cfdadcab0ce469,Женский,36.0,Уральский федеральный округ,Город с численностью жителей миллион и более человек,Породистая собака,Беспородная кошка,,,,,,,,,,,"Кафе, в которых можно находиться с животными",Ветеринарные клиники,ГрУминг-салоны (уход за животными),"Магазины, в которых можно находиться с животными",Зоомагазины,,,,,,,,Не бываю с питомцем в общественных местах,3,,,,,,,,,,,,,,Несколько раз в неделю,Провожу в интернете более четырех часов ежедневно,Незаконченное высшее (с 3-го курса вуза) или законченное высшее,Плохое,"Работаю по договору, контракту в найме (за исключением находящихся в декретном отпуске, подрабатывающих студентов, пе...","Я работаю в КОММЕРЧЕСКОЙ организации, ее цель – получить прибыль (например, магазин, завод, фермерское хозяйство, АО/...","Промышленность, производство (в т.ч. добывающие, обрабатывающие отрасли, энергетика) Включает в том числе: Завод, ком...",0.8405542668021949
07cfdc65950ce12b,Женский,35.0,Уральский федеральный округ,Город с численностью жителей миллион и более человек,"Нет, домашних животных нет",,,,,,,,,,,,,,,,,,,,,,,,,,"Отсутствие уборки за собаками в доме (в лифте, в подъезде)",Выгул агрессивных собак без намордника,,,,,,,,,,,,Ежедневно менее четырех часов в день,Eжедневно менее четырех часов в день,Незаконченное высшее (с 3-го курса вуза) или законченное высшее,Среднее,"Временно не работаю, безработный",,,0.8405542668021949
07cfbbaa218cea3f,Женский,42.0,Уральский федеральный округ,Город с численностью жителей миллион и более человек,"Нет, домашних животных нет",,,,,,,,,,,,,,,,,,,,,,,,,,Отсутствие уборки за собаками во дворе,,,,,,,,,,,,,Не смотрю,Провожу в интернете более четырех часов ежедневно,"Два и более высших образования, ученая степень кандидата или доктора наук",Хорошее,Самозанятый,,"Образование, наука Включает в том числе: ясли, детский сад, школа, ССУЗ, вуз, научно-исследовательские институты, центры",0.8405542668021949
07cfc6e4000ce9d1,Женский,39.0,Уральский федеральный округ,Город с численностью жителей миллион и более человек,Породистая кошка,,,,,,,,,,,,"Магазины, в которых можно находиться с животными",Зоомагазины,Ветеринарные клиники,,,,,,,,,,Нет,,,,,,,,,,,,,,,Ежедневно менее четырех часов в день,Eжедневно менее четырех часов в день,Незаконченное высшее (с 3-го курса вуза) или законченное высшее,Среднее,"Работаю по договору, контракту в найме (за исключением находящихся в декретном отпуске, подрабатывающих студентов, пе...","Я работаю в КОММЕРЧЕСКОЙ организации, ее цель – получить прибыль (например, магазин, завод, фермерское хозяйство, АО/...","Финансовая и страховая деятельность, банковские услуги Включает в том числе: Банк, инвестиционный фонд, финансовая ар...",0.8405542668021949
07cfba21dbcce6bc,Женский,40.0,Сибирский федеральный округ,Город с численностью жителей миллион и более человек,Беспородная кошка,,,,,,,,,,,,Зоомагазины,"Магазины, в которых можно находиться с животными",Ветеринарные клиники,,,,,,,,,,Нет,,,,,,,,,,,,,,,Несколько раз в неделю,Провожу в интернете более четырех часов ежедневно,Незаконченное высшее (с 3-го курса вуза) или законченное высшее,Плохое,"Работаю по договору, контракту в найме (за исключением находящихся в декретном отпуске, подрабатывающих студентов, пе...","Я работаю в КОММЕРЧЕСКОЙ организации, ее цель – получить прибыль (например, магазин, завод, фермерское хозяйство, АО/...","Торговля (оптовая, розничная, онлайн продажи; в т.ч. - недвижимость) Включает в том числе: Магазин, автосалон, аукцио...",0.9202262010267513
07cfbafe130cea2b,Женский,35.0,Сибирский федеральный округ,Город с численностью жителей миллион и более человек,Беспородная кошка,,,,,,,,,,,,Ветеринарные клиники,Зоомагазины,,,,,,,,,,,Нет,,,,,,,,,,,,,,,Несколько раз в неделю,Несколько раз в неделю,Незаконченное высшее (с 3-го курса вуза) или законченное высшее,Среднее,"Работаю по договору, контракту в найме (за исключением находящихся в декретном отпуске, подрабатывающих студентов, пе...","Я работаю в БЮДЖЕТНОЙ организации, которая безвозмездно оказывает услуги населению (детский сад, общеобразовательная,...","Государственное и муниципальное управление, в т.ч. - судебные органы Включает в том числе: Госслужба, администрации/п...",0.9202262010267513
07cfc0b5e74ce7ef,Женский,35.0,Сибирский федеральный округ,Город с численностью жителей миллион и более человек,Породистая собака,,,,,,,,,,,,ГрУминг-салоны (уход за животными),Ветеринарные клиники,,,,,,,,,,,"Да, время от времени",3,,,,,,,,,,,,,,Ежедневно менее четырех часов в день,Провожу в интернете более четырех часов ежедневно,"Два и более высших образования, ученая степень кандидата или доктора наук",Среднее,"Предприниматель, собственник бизнеса",,"Сфера услуг, сервиса, бытового обслуживания Включает в том числе: Прачечная/химчистка, ремонт мебели, часов, ювелирны...",0.9202262010267513
07cfd13701cce9b2,Женский,39.0,Сибирский федеральный округ,Город с численностью жителей миллион и более человек,Беспородная собака,Беспородная кошка,,,,,,,,,,,Зоомагазины,,,,,,,,,,,,Не бываю с питомцем в общественных местах,3,,,,,,,,,,,,,,Не смотрю,Eжедневно менее четырех часов в день,Незаконченное высшее (с 3-го курса вуза) или законченное высшее,Среднее,"Нахожусь в декретном отпуске, отпуске по уходу за ребенком",,,0.9202262010267513
07d01d10828ce7d2,Женский,55.0,Центральный федеральный округ,Село,Беспородная кошка,Беспородная собака,,,,,,,,,,,Ничего,,,,,,,,,,,,Нет,5- полностью удовлетворен,,,,,,,,,,,,,,Смотрю более четырех часов ежедневно,Eжедневно менее четырех часов в день,"Среднее профессиональное (техникум, колледж, ПТУ)",Среднее,Неработающий пенсионер (в том числе по инвалидности),,,1.7347339418009238
07cfd4fb004ceeb3,Женский,50.0,Центральный федеральный округ,Село,"Нет, домашних животных нет",,,,,,,,,,,,,,,,,,,,,,,,,,Ничего не беспокоило,,,,,,,,,,,,,Несколько раз в неделю,Eжедневно менее четырех часов в день,Незаконченное высшее (с 3-го курса вуза) или законченное высшее,Хорошее,"Работаю по договору, контракту в найме (за исключением находящихся в декретном отпуске, подрабатывающих студентов, пе...","Я работаю в КОММЕРЧЕСКОЙ организации, ее цель – получить прибыль (например, магазин, завод, фермерское хозяйство, АО/...","Торговля (оптовая, розничная, онлайн продажи; в т.ч. - недвижимость) Включает в том числе: Магазин, автосалон, аукцио...",1.7023383375791887
07d00624de4ce0d5,Женский,49.0,Центральный федеральный округ,Село,Породистая собака,Беспородная кошка,,,,,,,,,,,Зоомагазины,Ветеринарные клиники,,,,,,,,,,,Нет,3,,,,,,,,,,,,,,Ежедневно менее четырех часов в день,Eжедневно менее четырех часов в день,"Два и более высших образования, ученая степень кандидата или доктора наук",Среднее,"Работаю по договору, контракту в найме (за исключением находящихся в декретном отпуске, подрабатывающих студентов, пе...","Я работаю в КОММЕРЧЕСКОЙ организации, ее цель – получить прибыль (например, магазин, завод, фермерское хозяйство, АО/...","Строительство Включает в том числе: архитектура, проектирование, дизайн интерьера",1.7023383375791887
07d00b23294ce6eb,Женский,49.0,Центральный федеральный округ,Село,Беспородная собака,Породистая кошка,,,,,,,,,,,Зоомагазины,Ветеринарные клиники,Специализированные урны для утилизации отходов жизнедеятельности собак,"Магазины, в которых можно находиться с животными",ГрУминг-салоны (уход за животными),Стойки с пакетами для уборки за собаками,,,,,,,"Да, время от времени",5- полностью удовлетворен,,,,,,,,,,,,,,Ежедневно менее четырех часов в день,Не пользуюсь,Среднее общее (10 или 11 классов школы с аттестатом),Среднее,Самозанятый,,"Сельское, лесное хозяйство, охота, рыболовство и рыбоводство Включает в том числе: Фермерское хозяйство, скотобойни, ...",1.521860140301047
07d00c30614ce5d7,Женский,58.0,Центральный федеральный округ,Село,"Нет, домашних животных нет",,,,,,,,,,,,,,,,,,,,,,,,,,Ничего не беспокоило,,,,,,,,,,,,,Несколько раз в неделю,Не пользуюсь,"Среднее профессиональное (техникум, колледж, ПТУ)",Среднее,Неработающий пенсионер (в том числе по инвалидности),,,1.521860140301047
07cfd3c0594ceb01,Женский,54.0,Центральный федеральный округ,Село,Беспородная кошка,,,,,,,,,,,,Лапомойки в доме,"Магазины, в которых можно находиться с животными",,,,,,,,,,,Нет,,,,,,,,,,,,,,,Несколько раз в неделю,Eжедневно менее четырех часов в день,Незаконченное высшее (с 3-го курса вуза) или законченное высшее,Среднее,Работающий пенсионер,"Я работаю в БЮДЖЕТНОЙ организации, которая безвозмездно оказывает услуги населению (детский сад, общеобразовательная,...","Здравоохранение Включает в том числе: поликлиники, медицинские центры, больницы, стационары,  «Скорая помощь», санатории",1.3827491055194538
07d0049b2f0ce257,Женский,48.0,Центральный федеральный округ,Село,Беспородная кошка,,,,,,,,,,,,Ветеринарные клиники,"Магазины, в которых можно находиться с животными",ГрУминг-салоны (уход за животными),Специально огороженные площадки для выгула или занятий домашних животных,Зоомагазины,,,,,,,,Нет,,,,,,,,,,,,,,,Смотрю более четырех часов ежедневно,Провожу в интернете более четырех часов ежедневно,Незаконченное высшее (с 3-го курса вуза) или законченное высшее,Среднее,"Работаю по договору, контракту в найме (за исключением находящихся в декретном отпуске, подрабатывающих студентов, пе...","Я работаю в КОММЕРЧЕСКОЙ организации, ее цель – получить прибыль (например, магазин, завод, фермерское хозяйство, АО/...","Сельское, лесное хозяйство, охота, рыболовство и рыбоводство Включает в том числе: Фермерское хозяйство, скотобойни, ...",1.3827491055194538
07cfd541944cefd0,Женский,46.0,Южный федеральный округ,Село,Породистая кошка,,,,,,,,,,,,Ветеринарные клиники,Зоомагазины,ГрУминг-салоны (уход за животными),"Магазины, в которых можно находиться с животными",,,,,,,,,Нет,,,,,,,,,,,,,,,Ежедневно менее четырех часов в день,Eжедневно менее четырех часов в день,Основное общее образование: окончил 9 (раньше 8) классов,Среднее,"Работаю по договору, контракту в найме (за исключением находящихся в декретном отпуске, подрабатывающих студентов, пе...","Я работаю в КОММЕРЧЕСКОЙ организации, ее цель – получить прибыль (например, магазин, завод, фермерское хозяйство, АО/...","Торговля (оптовая, розничная, онлайн продажи; в т.ч. - недвижимость) Включает в том числе: Магазин, автосалон, аукцио...",1.4981786715577605
07cfd5e3e88ceb4f,Женский,58.0,Южный федеральный округ,Село,Беспородная собака,Беспородная кошка,,,,,,,,,,,Ничего,,,,,,,,,,,,Не бываю с питомцем в общественных местах,"Животное не требует выгула, не могу оценить",,,,,,,,,,,,,,Ежедневно менее четырех часов в день,Не пользуюсь,Среднее общее (10 или 11 классов школы с аттестатом),Среднее,Неработающий пенсионер (в том числе по инвалидности),,,1.4981786715577605
07cfd86568ccee21,Женский,52.0,Южный федеральный округ,Село,Беспородная собака,Беспородная кошка,,,,,,,,,,,Ничего,,,,,,,,,,,,Нет,5- полностью удовлетворен,,,,,,,,,,,,,,Смотрю более четырех часов ежедневно,Eжедневно менее четырех часов в день,"Среднее профессиональное (техникум, колледж, ПТУ)",Плохое,"Работаю по договору, контракту в найме (за исключением находящихся в декретном отпуске, подрабатывающих студентов, пе...","Я работаю в КОММЕРЧЕСКОЙ организации, ее цель – получить прибыль (например, магазин, завод, фермерское хозяйство, АО/...","Торговля (оптовая, розничная, онлайн продажи; в т.ч. - недвижимость) Включает в том числе: Магазин, автосалон, аукцио...",1.4981786715577605
07d01893704ce9a4,Женский,50.0,Южный федеральный округ,Село,Беспородная кошка,Беспородная собака,"Домашний скот (куры, коровы, козы и т.п.) (из другого)",Породистая кошка," Мелкие животные (хомячки, морские свинки, черепашки и т.п.)",,,,,,,,Ничего,,,,,,,,,,,,Нет,Затрудняюсь ответить,,,,,,,,,,,,,,Ежедневно менее четырех часов в день,Провожу в интернете более четырех часов ежедневно,Среднее общее (10 или 11 классов школы с аттестатом),Среднее,"Временно не работаю, безработный",,,1.4981786715577605
07d020496ecce77f,Женский,49.0,Южный федеральный округ,Село,Беспородная собака,Беспородная кошка,,,,,,,,,,,Зоомагазины,,,,,,,,,,,,Нет,5- полностью удовлетворен,,,,,,,,,,,,,,Не смотрю,Несколько раз в месяц,"Среднее профессиональное (техникум, колледж, ПТУ)",Хорошее,"Работаю по договору, контракту в найме (за исключением находящихся в декретном отпуске, подрабатывающих студентов, пе...","Я работаю в КОММЕРЧЕСКОЙ организации, ее цель – получить прибыль (например, магазин, завод, фермерское хозяйство, АО/...","Торговля (оптовая, розничная, онлайн продажи; в т.ч. - недвижимость) Включает в том числе: Магазин, автосалон, аукцио...",1.4981786715577605
07cfd7b9298cebab,Женский,52.0,Южный федеральный округ,Село,Беспородная собака,Беспородная кошка,,,,,,,,,,,Ничего,,,,,,,,,,,,Не бываю с питомцем в общественных местах,"Животное не требует выгула, не могу оценить",,,,,,,,,,,,,,Несколько раз в неделю,Провожу в интернете более четырех часов ежедневно,"Два и более высших образования, ученая степень кандидата или доктора наук",Среднее,"Работаю по договору, контракту в найме (за исключением находящихся в декретном отпуске, подрабатывающих студентов, пе...","Я работаю в БЮДЖЕТНОЙ организации, которая безвозмездно оказывает услуги населению (детский сад, общеобразовательная,...","Образование, наука Включает в том числе: ясли, детский сад, школа, ССУЗ, вуз, научно-исследовательские институты, центры",1.4400193770775138
07cfdc1e824cedff,Женский,48.0,Южный федеральный округ,Село,Беспородная собака,Беспородная кошка,,,,,,,,,,,Ветеринарные клиники,"Кафе, в которых можно находиться с животными",Специально огороженные площадки для выгула или занятий домашних животных,,,,,,,,,,Нет,4,,,,,,,,,,,,,,Несколько раз в неделю,Несколько раз в неделю,Незаконченное высшее (с 3-го курса вуза) или законченное высшее,Среднее,"Работаю по договору, контракту в найме (за исключением находящихся в декретном отпуске, подрабатывающих студентов, пе...","Я работаю в КОММЕРЧЕСКОЙ организации, ее цель – получить прибыль (например, магазин, завод, фермерское хозяйство, АО/...","Промышленность, производство (в т.ч. добывающие, обрабатывающие отрасли, энергетика) Включает в том числе: Завод, ком...",1.4400193770775138
07d00aad808ce129,Женский,49.0,Южный федеральный округ,Село,Беспородная кошка,Беспородная собака,,,,,,,,,,,Ветеринарные клиники,Зоомагазины,,,,,,,,,,,"Да, время от времени",1 – совершенно не удовлетворен,,,,,,,,,,,,,,Смотрю более четырех часов ежедневно,Eжедневно менее четырех часов в день,Незаконченное высшее (с 3-го курса вуза) или законченное высшее,Среднее,"Предприниматель, собственник бизнеса",,"Сельское, лесное хозяйство, охота, рыболовство и рыбоводство Включает в том числе: Фермерское хозяйство, скотобойни, ...",1.4400193770775138
07cfd4c5528ce01a,Женский,54.0,Северо-Кавказский федеральный округ,Село,Беспородная собака,Беспородная кошка,,,,,,,,,,,Ничего,,,,,,,,,,,,Не бываю с питомцем в общественных местах,"Животное не требует выгула, не могу оценить",,,,,,,,,,,,,,Ежедневно менее четырех часов в день,Eжедневно менее четырех часов в день,"Среднее профессиональное (техникум, колледж, ПТУ)",Среднее,"Работаю по договору, контракту в найме (за исключением находящихся в декретном отпуске, подрабатывающих студентов, пе...","Я работаю в БЮДЖЕТНОЙ организации, которая безвозмездно оказывает услуги населению (детский сад, общеобразовательная,...","Культура, искусство, спорт Включает в том числе: дома культуры, дома народного творчества, музеи, библиотеки,  концер...",1.739714293432892
07d024779f8cead0,Женский,50.0,Северо-Кавказский федеральный округ,Село,"Домашний скот (куры, коровы, козы и т.п.) (из другого)",Декоративные птицы," Мелкие животные (хомячки, морские свинки, черепашки и т.п.)",,,,,,,,,,Ничего,,,,,,,,,,,,"Да, время от времени",,,,,,,,,,,,,,,Ежедневно менее четырех часов в день,Провожу в интернете более четырех часов ежедневно,Основное общее образование: окончил 9 (раньше 8) классов,Среднее,"Работаю по договору, контракту в найме (за исключением находящихся в декретном отпуске, подрабатывающих студентов, пе...","Я работаю в БЮДЖЕТНОЙ организации, которая безвозмездно оказывает услуги населению (детский сад, общеобразовательная,...","Здравоохранение Включает в том числе: поликлиники, медицинские центры, больницы, стационары,  «Скорая помощь», санатории",1.739714293432892
07d02717c74cef5a,Женский,57.0,Северо-Кавказский федеральный округ,Село,Породистая кошка,,,,,,,,,,,,Зоомагазины,Ветеринарные клиники,ГрУминг-салоны (уход за животными),,,,,,,,,,Не бываю с питомцем в общественных местах,,,,,,,,,,,,,,,Ежедневно менее четырех часов в день,Несколько раз в неделю,"Среднее профессиональное (техникум, колледж, ПТУ)",Среднее,"Работаю по договору, контракту в найме (за исключением находящихся в декретном отпуске, подрабатывающих студентов, пе...","Я работаю в КОММЕРЧЕСКОЙ организации, ее цель – получить прибыль (например, магазин, завод, фермерское хозяйство, АО/...",Другое (укажите),1.739714293432892
07cff22e824ce738,Женский,49.0,Северо-Кавказский федеральный округ,Село,Беспородная кошка,,,,,,,,,,,,Зоомагазины,Специально огороженные площадки для выгула или занятий домашних животных,,,,,,,,,,,Нет,,,,,,,,,,,,,,,Не смотрю,Eжедневно менее четырех часов в день,Незаконченное высшее (с 3-го курса вуза) или законченное высшее,Плохое,"Работаю по договору, контракту в найме (за исключением находящихся в декретном отпуске, подрабатывающих студентов, пе...","Я работаю в КОММЕРЧЕСКОЙ организации, ее цель – получить прибыль (например, магазин, завод, фермерское хозяйство, АО/...","Промышленность, производство (в т.ч. добывающие, обрабатывающие отрасли, энергетика) Включает в том числе: Завод, ком...",1.3948317933992351
07cfe0ba1e8ceb42,Женский,52.0,Приволжский федеральный округ,Село,"Домашний скот (куры, коровы, козы и т.п.) (из другого)",,,,,,,,,,,,Ничего,,,,,,,,,,,,Нет,,,,,,,,,,,,,,,Несколько раз в месяц,Несколько раз в неделю,"Среднее профессиональное (техникум, колледж, ПТУ)",Среднее,"Работаю по договору, контракту в найме (за исключением находящихся в декретном отпуске, подрабатывающих студентов, пе...","Я работаю в КОММЕРЧЕСКОЙ организации, ее цель – получить прибыль (например, магазин, завод, фермерское хозяйство, АО/...","Торговля (оптовая, розничная, онлайн продажи; в т.ч. - недвижимость) Включает в том числе: Магазин, автосалон, аукцио...",1.4645313402750337
07cfe8dad54ce19d,Женский,57.0,Приволжский федеральный округ,Село,"Нет, домашних животных нет",,,,,,,,,,,,,,,,,,,,,,,,,,"Укусы, нападения собак на людей",,,,,,,,,,,,,Не смотрю,Провожу в интернете более четырех часов ежедневно,"Среднее профессиональное (техникум, колледж, ПТУ)",Среднее,Неработающий пенсионер (в том числе по инвалидности),,,1.4645313402750337
07cfe95df54ce7c0,Женский,47.0,Приволжский федеральный округ,Село,"Нет, домашних животных нет",,,,,,,,,,,,,,,,,,,,,,,,,,Ничего не беспокоило,,,,,,,,,,,,,Несколько раз в месяц,Eжедневно менее четырех часов в день,"Среднее профессиональное (техникум, колледж, ПТУ)",Плохое,"Работаю по договору, контракту в найме (за исключением находящихся в декретном отпуске, подрабатывающих студентов, пе...","Я работаю в БЮДЖЕТНОЙ организации, которая безвозмездно оказывает услуги населению (детский сад, общеобразовательная,...","Здравоохранение Включает в том числе: поликлиники, медицинские центры, больницы, стационары,  «Скорая помощь», санатории",1.4645313402750337
07cff30aad8ce947,Женский,53.0,Приволжский федеральный округ,Село,Беспородная кошка,,,,,,,,,,,,Ветеринарные клиники,Зоомагазины,,,,,,,,,,,Не бываю с питомцем в общественных местах,,,,,,,,,,,,,,,Смотрю более четырех часов ежедневно,Провожу в интернете более четырех часов ежедневно,"Среднее профессиональное (техникум, колледж, ПТУ)",Среднее,"Работаю по договору, контракту в найме (за исключением находящихся в декретном отпуске, подрабатывающих студентов, пе...","Я работаю в БЮДЖЕТНОЙ организации, которая безвозмездно оказывает услуги населению (детский сад, общеобразовательная,...","Культура, искусство, спорт Включает в том числе: дома культуры, дома народного творчества, музеи, библиотеки,  концер...",1.4645313402750337
07d01211350ce1d2,Женский,58.0,Приволжский федеральный округ,Село,"Нет, домашних животных нет",,,,,,,,,,,,,,,,,,,,,,,,,,Ничего не беспокоило,,,,,,,,,,,,,Смотрю более четырех часов ежедневно,Eжедневно менее четырех часов в день,"Среднее профессиональное (техникум, колледж, ПТУ)",Хорошее,Работающий пенсионер,"Я работаю в БЮДЖЕТНОЙ организации, которая безвозмездно оказывает услуги населению (детский сад, общеобразовательная,...",Другое (укажите),1.4645313402750337
07cfe1eb074ce699,Женский,56.0,Приволжский федеральный округ,Село,"Нет, домашних животных нет",,,,,,,,,,,,,,,,,,,,,,,,,,Громкий лай в позднее или раннее время,,,,,,,,,,,,,Смотрю более четырех часов ежедневно,Eжедневно менее четырех часов в день,Незаконченное высшее (с 3-го курса вуза) или законченное высшее,Среднее,Работающий пенсионер,"Я работаю в БЮДЖЕТНОЙ организации, которая безвозмездно оказывает услуги населению (детский сад, общеобразовательная,...","Здравоохранение Включает в том числе: поликлиники, медицинские центры, больницы, стационары,  «Скорая помощь», санатории",1.495067494263233
07cfc6defb4ce895,Женский,53.0,Уральский федеральный округ,Село,Породистая собака,Беспородная кошка,"Домашний скот (куры, коровы, козы и т.п.) (из другого)",,,,,,,,,,Ветеринарные клиники,,,,,,,,,,,,Не бываю с питомцем в общественных местах,5- полностью удовлетворен,,,,,,,,,,,,,,"Редко, но не менее одного раза в полгода",Провожу в интернете более четырех часов ежедневно,"Среднее профессиональное (техникум, колледж, ПТУ)",Среднее,Работающий пенсионер,"Я работаю в БЮДЖЕТНОЙ организации, которая безвозмездно оказывает услуги населению (детский сад, общеобразовательная,...","Образование, наука Включает в том числе: ясли, детский сад, школа, ССУЗ, вуз, научно-исследовательские институты, центры",1.53591082619092
07cfd34d874ceaa7,Женский,51.0,Уральский федеральный округ,Село,Породистая собака,Беспородная кошка,,,,,,,,,,,Ничего,,,,,,,,,,,,Не бываю с питомцем в общественных местах,1 – совершенно не удовлетворен,,,,,,,,,,,,,,"Редко, но не менее одного раза в полгода",Eжедневно менее четырех часов в день,"Среднее профессиональное (техникум, колледж, ПТУ)",Плохое,Неработающий пенсионер (в том числе по инвалидности),,,1.53591082619092
07cfc3b688cce2f8,Женский,57.0,Сибирский федеральный округ,Село,Беспородная собака,Беспородная кошка,,,,,,,,,,,Зоомагазины,Ветеринарные клиники,,,,,,,,,,,Нет,1 – совершенно не удовлетворен,,,,,,,,,,,,,,Ежедневно менее четырех часов в день,Eжедневно менее четырех часов в день,Основное общее образование: окончил 9 (раньше 8) классов,Среднее,"Временно не работаю, безработный",,,1.5317815065039777
07cfc9ab198ce460,Женский,57.0,Сибирский федеральный округ,Село,Породистая собака,"Домашний скот (куры, коровы, козы и т.п.) (из другого)",,,,,,,,,,,Ничего,,,,,,,,,,,,Нет,"Животное не требует выгула, не могу оценить",,,,,,,,,,,,,,Смотрю более четырех часов ежедневно,Eжедневно менее четырех часов в день,"Среднее профессиональное (техникум, колледж, ПТУ)",Плохое,"Временно не работаю, безработный",,,1.5317815065039777
07cfd30a608ce8fd,Женский,46.0,Сибирский федеральный округ,Село,"Домашний скот (куры, коровы, козы и т.п.) (из другого)",,,,,,,,,,,,Ничего,,,,,,,,,,,,Не бываю с питомцем в общественных местах,,,,,,,,,,,,,,,Ежедневно менее четырех часов в день,Несколько раз в неделю,Основное общее образование: окончил 9 (раньше 8) классов,Среднее,Неработающий пенсионер (в том числе по инвалидности),,,1.5317815065039777
07cfd517a3cce5c1,Женский,46.0,Сибирский федеральный округ,Село,Беспородная собака,Беспородная кошка,,,,,,,,,,,Ничего,,,,,,,,,,,,Не бываю с питомцем в общественных местах,1 – совершенно не удовлетворен,,,,,,,,,,,,,,"Редко, но не менее одного раза в полгода",Eжедневно менее четырех часов в день,Незаконченное высшее (с 3-го курса вуза) или законченное высшее,Среднее,Самозанятый,,"Сельское, лесное хозяйство, охота, рыболовство и рыбоводство Включает в том числе: Фермерское хозяйство, скотобойни, ...",1.4884887617428728
07cfac26ff8ce1a1,Женский,46.0,Дальневосточный федеральный округ,Село,Беспородная собака,Беспородная кошка,,,,,,,,,,,Специально огороженные площадки для выгула или занятий домашних животных,,,,,,,,,,,,"Да, время от времени",4,,,,,,,,,,,,,,Ежедневно менее четырех часов в день,Eжедневно менее четырех часов в день,Среднее общее (10 или 11 классов школы с аттестатом),Среднее,"Работаю по договору, контракту в найме (за исключением находящихся в декретном отпуске, подрабатывающих студентов, пе...","Я работаю в КОММЕРЧЕСКОЙ организации, ее цель – получить прибыль (например, магазин, завод, фермерское хозяйство, АО/...","Промышленность, производство (в т.ч. добывающие, обрабатывающие отрасли, энергетика) Включает в том числе: Завод, ком...",1.391088013168653
07cfbbc9da4ced19,Женский,58.0,Дальневосточный федеральный округ,Село,Беспородная собака,Беспородная кошка,,,,,,,,,,,ГрУминг-салоны (уход за животными),Ветеринарные клиники,,,,,,,,,,,Нет,3,,,,,,,,,,,,,,Смотрю более четырех часов ежедневно,Eжедневно менее четырех часов в день,"Среднее профессиональное (техникум, колледж, ПТУ)",Среднее,Неработающий пенсионер (в том числе по инвалидности),,,1.391088013168653
07cfc5bda08cea57,Женский,57.0,Дальневосточный федеральный округ,Село,Породистая собака,Беспородная кошка,Породистая кошка,,,,,,,,,,Лапомойки в доме,Специально огороженные площадки для выгула или занятий домашних животных,Ветеринарные клиники,,,,,,,,,,"Да, время от времени",1 – совершенно не удовлетворен,,,,,,,,,,,,,,Несколько раз в неделю,Не пользуюсь,"Среднее профессиональное (техникум, колледж, ПТУ)",Среднее,"Временно не работаю, безработный",,,1.391088013168653
07cfd457640ce363,Женский,47.0,Дальневосточный федеральный округ,Село,Породистая кошка,,,,,,,,,,,,Зоомагазины,,,,,,,,,,,,Нет,,,,,,,,,,,,,,,Ежедневно менее четырех часов в день,Провожу в интернете более четырех часов ежедневно,Незаконченное высшее (с 3-го курса вуза) или законченное высшее,Хорошее,"Работаю по договору, контракту в найме (за исключением находящихся в декретном отпуске, подрабатывающих студентов, пе...","Я работаю в КОММЕРЧЕСКОЙ организации, ее цель – получить прибыль (например, магазин, завод, фермерское хозяйство, АО/...","Финансовая и страховая деятельность, банковские услуги Включает в том числе: Банк, инвестиционный фонд, финансовая ар...",1.8844818722999979
07cfd49ea1cce52b,Женский,59.0,Центральный федеральный округ,Город с численностью от 50 тысяч до 100 тысяч,"Нет, домашних животных нет",,,,,,,,,,,,,,,,,,,,,,,,,,Отсутствие уборки за собаками во дворе,Выгул агрессивных собак без намордника,,,,,,,,,,,,Ежедневно менее четырех часов в день,Несколько раз в месяц,"Среднее профессиональное (техникум, колледж, ПТУ)",Среднее,Работающий пенсионер,"Я работаю в БЮДЖЕТНОЙ организации, которая безвозмездно оказывает услуги населению (детский сад, общеобразовательная,...","Транспортировка и хранение (складское хозяйство) Включает в том числе: Перевозка грузов, ж/д, авиа, водный, космическ...",1.2004246627418615
07cff1d1b3cce39f,Женский,53.0,Центральный федеральный округ,Город с численностью менее 50 тысяч,Породистая кошка,,,,,,,,,,,,ГрУминг-салоны (уход за животными),Ветеринарные клиники,Зоомагазины,,,,,,,,,,Не бываю с питомцем в общественных местах,,,,,,,,,,,,,,,Ежедневно менее четырех часов в день,Eжедневно менее четырех часов в день,Незаконченное высшее (с 3-го курса вуза) или законченное высшее,Среднее,"Работаю по договору, контракту в найме (за исключением находящихся в декретном отпуске, подрабатывающих студентов, пе...","Я работаю в БЮДЖЕТНОЙ организации, которая безвозмездно оказывает услуги населению (детский сад, общеобразовательная,...","Жилищно-коммунальное хозяйство Включает в том числе: водоканал, горгаз, вывоз мусора, котельная,  сортировка и перера...",1.1780071142434307
07d0078d1c8cef58,Женский,53.0,Центральный федеральный округ,Город с численностью менее 50 тысяч,Породистая кошка,,,,,,,,,,,,Ветеринарные клиники,Зоомагазины,ГрУминг-салоны (уход за животными),,,,,,,,,,Нет,,,,,,,,,,,,,,,Смотрю более четырех часов ежедневно,Провожу в интернете более четырех часов ежедневно,Незаконченное высшее (с 3-го курса вуза) или законченное высшее,Хорошее,"Работаю по договору, контракту в найме (за исключением находящихся в декретном отпуске, подрабатывающих студентов, пе...","Я работаю в БЮДЖЕТНОЙ организации, которая безвозмездно оказывает услуги населению (детский сад, общеобразовательная,...","Культура, искусство, спорт Включает в том числе: дома культуры, дома народного творчества, музеи, библиотеки,  концер...",1.1780071142434307
07d00207084ce304,Женский,54.0,Центральный федеральный округ,Поселок городского типа,Породистая собака,,,,,,,,,,,,Зоомагазины,Ветеринарные клиники,Специально огороженные площадки для выгула или занятий домашних животных,"Магазины, в которых можно находиться с животными",,,,,,,,,"Да, время от времени",5- полностью удовлетворен,,,,,,,,,,,,,,Не смотрю,Eжедневно менее четырех часов в день,Незаконченное высшее (с 3-го курса вуза) или законченное высшее,Среднее,"Работаю по договору, контракту в найме (за исключением находящихся в декретном отпуске, подрабатывающих студентов, пе...","Я работаю в КОММЕРЧЕСКОЙ организации, ее цель – получить прибыль (например, магазин, завод, фермерское хозяйство, АО/...","Промышленность, производство (в т.ч. добывающие, обрабатывающие отрасли, энергетика) Включает в том числе: Завод, ком...",1.1780071142434307
07d00c24ec8ce336,Женский,46.0,Центральный федеральный округ,Город с численностью от 50 тысяч до 100 тысяч,Породистая кошка,,,,,,,,,,,,Зоомагазины,,,,,,,,,,,,Не бываю с питомцем в общественных местах,,,,,,,,,,,,,,,Ежедневно менее четырех часов в день,Провожу в интернете более четырех часов ежедневно,"Два и более высших образования, ученая степень кандидата или доктора наук",Среднее,"Работаю по договору, контракту в найме (за исключением находящихся в декретном отпуске, подрабатывающих студентов, пе...","Я работаю в КОММЕРЧЕСКОЙ организации, ее цель – получить прибыль (например, магазин, завод, фермерское хозяйство, АО/...","Промышленность, производство (в т.ч. добывающие, обрабатывающие отрасли, энергетика) Включает в том числе: Завод, ком...",1.1780071142434307
07d02586884ce3f5,Женский,56.0,Центральный федеральный округ,Город с численностью от 50 тысяч до 100 тысяч,Породистая кошка,,,,,,,,,,,,Ветеринарные клиники,Специально огороженные площадки для выгула или занятий домашних животных,,,,,,,,,,,Не бываю с питомцем в общественных местах,,,,,,,,,,,,,,,Несколько раз в неделю,Eжедневно менее четырех часов в день,Незаконченное высшее (с 3-го курса вуза) или законченное высшее,Среднее,"Работаю по договору, контракту в найме (за исключением находящихся в декретном отпуске, подрабатывающих студентов, пе...","Я работаю в КОММЕРЧЕСКОЙ организации, ее цель – получить прибыль (например, магазин, завод, фермерское хозяйство, АО/...","Промышленность, производство (в т.ч. добывающие, обрабатывающие отрасли, энергетика) Включает в том числе: Завод, ком...",1.1780071142434307
07cfd70d260ce96b,Женский,52.0,Центральный федеральный округ,Поселок городского типа,Беспородная кошка,,,,,,,,,,,,Ветеринарные клиники,Зоомагазины,,,,,,,,,,,Не бываю с питомцем в общественных местах,,,,,,,,,,,,,,,Несколько раз в неделю,Несколько раз в неделю,"Среднее профессиональное (техникум, колледж, ПТУ)",Среднее,Работающий пенсионер,"Я работаю в БЮДЖЕТНОЙ организации, которая безвозмездно оказывает услуги населению (детский сад, общеобразовательная,...","Здравоохранение Включает в том числе: поликлиники, медицинские центры, больницы, стационары,  «Скорая помощь», санатории",1.0531173695515417
07cfd9af0bcceee2,Женский,55.0,Центральный федеральный округ,Поселок городского типа,Беспородная кошка,Беспородная собака,,,,,,,,,,,Ничего,,,,,,,,,,,,Не бываю с питомцем в общественных местах,1 – совершенно не удовлетворен,,,,,,,,,,,,,,Ежедневно менее четырех часов в день,Провожу в интернете более четырех часов ежедневно,"Среднее профессиональное (техникум, колледж, ПТУ)",Среднее,Работающий пенсионер,"Я работаю в КОММЕРЧЕСКОЙ организации, ее цель – получить прибыль (например, магазин, завод, фермерское хозяйство, АО/...","Промышленность, производство (в т.ч. добывающие, обрабатывающие отрасли, энергетика) Включает в том числе: Завод, ком...",1.0531173695515417
07d007e3978ce1c7,Женский,50.0,Центральный федеральный округ,Поселок городского типа,Породистая собака,Декоративные птицы,,,,,,,,,,,Ветеринарные клиники,,,,,,,,,,,,Нет,5- полностью удовлетворен,,,,,,,,,,,,,,Несколько раз в неделю,Eжедневно менее четырех часов в день,"Среднее профессиональное (техникум, колледж, ПТУ)",Среднее,"Работаю по договору, контракту в найме (за исключением находящихся в декретном отпуске, подрабатывающих студентов, пе...","Я работаю в БЮДЖЕТНОЙ организации, которая безвозмездно оказывает услуги населению (детский сад, общеобразовательная,...",Другое (укажите),1.0531173695515417
07cfeb3b3c8ceccd,Женский,47.0,Центральный федеральный округ,Поселок городского типа," Мелкие животные (хомячки, морские свинки, черепашки и т.п.)",Декоративные птицы,Породистая собака,Беспородная кошка,,,,,,,,,"Магазины, в которых можно находиться с животными",Ветеринарные клиники,Стойки с пакетами для уборки за собаками,Специализированные урны для утилизации отходов жизнедеятельности собак,Зоомагазины,Специально огороженные площадки для выгула или занятий домашних животных,,,,,,,"Да, время от времени",3,,,,,,,,,,,,,,Несколько раз в месяц,Провожу в интернете более четырех часов ежедневно,Незаконченное высшее (с 3-го курса вуза) или законченное высшее,Среднее,"Работаю по договору, контракту в найме (за исключением находящихся в декретном отпуске, подрабатывающих студентов, пе...","Я работаю в БЮДЖЕТНОЙ организации, которая безвозмездно оказывает услуги населению (детский сад, общеобразовательная,...","Торговля (оптовая, розничная, онлайн продажи; в т.ч. - недвижимость) Включает в том числе: Магазин, автосалон, аукцио...",0.9568534336317766
07cffcf326cce0e0,Женский,57.0,Центральный федеральный округ,Город с численностью менее 50 тысяч,Беспородная собака,Породистая кошка,,,,,,,,,,,ГрУминг-салоны (уход за животными),Зоомагазины,Ветеринарные клиники,,,,,,,,,,Нет,1 – совершенно не удовлетворен,,,,,,,,,,,,,,Несколько раз в неделю,Eжедневно менее четырех часов в день,Незаконченное высшее (с 3-го курса вуза) или законченное высшее,Хорошее,Работающий пенсионер,"Я работаю в КОММЕРЧЕСКОЙ организации, ее цель – получить прибыль (например, магазин, завод, фермерское хозяйство, АО/...","Строительство Включает в том числе: архитектура, проектирование, дизайн интерьера",0.9568534336317766
07d00f9ff10cea77,Женский,59.0,Центральный федеральный округ,Город с численностью от 50 тысяч до 100 тысяч,Породистая кошка,,,,,,,,,,,,Ветеринарные клиники,Зоомагазины,,,,,,,,,,,Нет,,,,,,,,,,,,,,,Ежедневно менее четырех часов в день,Провожу в интернете более четырех часов ежедневно,Незаконченное высшее (с 3-го курса вуза) или законченное высшее,Очень хорошее,Работающий пенсионер,"Я работаю в КОММЕРЧЕСКОЙ организации, ее цель – получить прибыль (например, магазин, завод, фермерское хозяйство, АО/...","Финансовая и страховая деятельность, банковские услуги Включает в том числе: Банк, инвестиционный фонд, финансовая ар...",0.9568534336317766
07cfe283c2cce32a,Женский,45.0,Северо-Западный федеральный округ,Город с численностью менее 50 тысяч,Беспородная кошка,,,,,,,,,,,,Зоомагазины,,,,,,,,,,,,Нет,,,,,,,,,,,,,,,Смотрю более четырех часов ежедневно,Не пользуюсь,"Среднее профессиональное (техникум, колледж, ПТУ)",Среднее,Неработающий пенсионер (в том числе по инвалидности),,,1.0397068055252776
07cff50b7c0ce69a,Женский,49.0,Северо-Западный федеральный округ,Город с численностью менее 50 тысяч,Беспородная кошка,,,,,,,,,,,,"Магазины, в которых можно находиться с животными",Ветеринарные клиники,,,,,,,,,,,Не бываю с питомцем в общественных местах,,,,,,,,,,,,,,,Несколько раз в неделю,Провожу в интернете более четырех часов ежедневно,"Среднее профессиональное (техникум, колледж, ПТУ)",Среднее,"Работаю по договору, контракту в найме (за исключением находящихся в декретном отпуске, подрабатывающих студентов, пе...","Я работаю в КОММЕРЧЕСКОЙ организации, ее цель – получить прибыль (например, магазин, завод, фермерское хозяйство, АО/...","Торговля (оптовая, розничная, онлайн продажи; в т.ч. - недвижимость) Включает в том числе: Магазин, автосалон, аукцио...",1.0397068055252776
07cfdf0ab94ce5dd,Женский,45.0,Северо-Западный федеральный округ,Город с численностью менее 50 тысяч,"Нет, домашних животных нет",,,,,,,,,,,,,,,,,,,,,,,,,,"Отсутствие уборки за собаками в доме (в лифте, в подъезде)",Отсутствие уборки за собаками во дворе,,,,,,,,,,,,Несколько раз в неделю,Eжедневно менее четырех часов в день,Незаконченное высшее (с 3-го курса вуза) или законченное высшее,Среднее,"Работаю по договору, контракту в найме (за исключением находящихся в декретном отпуске, подрабатывающих студентов, пе...","Я работаю в БЮДЖЕТНОЙ организации, которая безвозмездно оказывает услуги населению (детский сад, общеобразовательная,...","Образование, наука Включает в том числе: ясли, детский сад, школа, ССУЗ, вуз, научно-исследовательские институты, центры",0.8640816250636751
07cfd5adae8cecd7,Женский,47.0,Южный федеральный округ,Город с численностью менее 50 тысяч,"Нет, домашних животных нет",,,,,,,,,,,,,,,,,,,,,,,,,,Ничего не беспокоило,,,,,,,,,,,,,Ежедневно менее четырех часов в день,Несколько раз в неделю,"Среднее профессиональное (техникум, колледж, ПТУ)",Хорошее,"Временно не работаю, безработный",,,1.0367299464174335
07cfea75790ce99e,Женский,55.0,Южный федеральный округ,Город с численностью менее 50 тысяч,Беспородная кошка,,,,,,,,,,,,Зоомагазины,Ветеринарные клиники,Специально огороженные площадки для выгула или занятий домашних животных,,,,,,,,,,"Да, время от времени",,,,,,,,,,,,,,,Ежедневно менее четырех часов в день,Провожу в интернете более четырех часов ежедневно,"Среднее профессиональное (техникум, колледж, ПТУ)",Плохое,"Работаю по договору, контракту в найме (за исключением находящихся в декретном отпуске, подрабатывающих студентов, пе...","Я работаю в КОММЕРЧЕСКОЙ организации, ее цель – получить прибыль (например, магазин, завод, фермерское хозяйство, АО/...",Другое (укажите),1.0367299464174335
07cfd31d320cee8a,Женский,46.0,Южный федеральный округ,Город с численностью от 50 тысяч до 100 тысяч,"Нет, домашних животных нет",,,,,,,,,,,,,,,,,,,,,,,,,,Ничего не беспокоило,,,,,,,,,,,,,Не смотрю,Провожу в интернете более четырех часов ежедневно,Незаконченное высшее (с 3-го курса вуза) или законченное высшее,Хорошее,"Предприниматель, собственник бизнеса",,"Торговля (оптовая, розничная, онлайн продажи; в т.ч. - недвижимость) Включает в том числе: Магазин, автосалон, аукцио...",0.9964840909698389
07cfe05a9fccee09,Женский,50.0,Южный федеральный округ,Город с численностью от 50 тысяч до 100 тысяч,"Нет, домашних животных нет",,,,,,,,,,,,,,,,,,,,,,,,,,Ничего не беспокоило,,,,,,,,,,,,,Не смотрю,Провожу в интернете более четырех часов ежедневно,Незаконченное высшее (с 3-го курса вуза) или законченное высшее,Хорошее,"Работаю по договору, контракту в найме (за исключением находящихся в декретном отпуске, подрабатывающих студентов, пе...","Я работаю в БЮДЖЕТНОЙ организации, которая безвозмездно оказывает услуги населению (детский сад, общеобразовательная,...","Образование, наука Включает в том числе: ясли, детский сад, школа, ССУЗ, вуз, научно-исследовательские институты, центры",0.9964840909698389
07d0098cc34ceab4,Женский,46.0,Южный федеральный округ,Город с численностью от 50 тысяч до 100 тысяч,Беспородная кошка,,,,,,,,,,,,Ветеринарные клиники,Зоомагазины,,,,,,,,,,,Не бываю с питомцем в общественных местах,,,,,,,,,,,,,,,Ежедневно менее четырех часов в день,Провожу в интернете более четырех часов ежедневно,Незаконченное высшее (с 3-го курса вуза) или законченное высшее,Среднее,"Временно не работаю, безработный",,,0.9964840909698389
07cfd924f14ce656,Женский,47.0,Северо-Кавказский федеральный округ,Город с численностью от 50 тысяч до 100 тысяч,Беспородная собака,Беспородная кошка,,,,,,,,,,,Специализированные урны для утилизации отходов жизнедеятельности собак,Ветеринарные клиники,Специально огороженные площадки для выгула или занятий домашних животных,ГрУминг-салоны (уход за животными),Зоомагазины,,,,,,,,Не бываю с питомцем в общественных местах,"Животное не требует выгула, не могу оценить",,,,,,,,,,,,,,Несколько раз в неделю,Несколько раз в неделю,"Среднее профессиональное (техникум, колледж, ПТУ)",Среднее,"Работаю по договору, контракту в найме (за исключением находящихся в декретном отпуске, подрабатывающих студентов, пе...","Я работаю в БЮДЖЕТНОЙ организации, которая безвозмездно оказывает услуги населению (детский сад, общеобразовательная,...","Образование, наука Включает в том числе: ясли, детский сад, школа, ССУЗ, вуз, научно-исследовательские институты, центры",1.2038710338447034
07cff6cd3acce6d4,Женский,50.0,Северо-Кавказский федеральный округ,Город с численностью менее 50 тысяч,Породистая собака,,,,,,,,,,,,Зоомагазины,,,,,,,,,,,,Не бываю с питомцем в общественных местах,1 – совершенно не удовлетворен,,,,,,,,,,,,,,Не смотрю,Провожу в интернете более четырех часов ежедневно,Незаконченное высшее (с 3-го курса вуза) или законченное высшее,Хорошее,"Работаю по договору, контракту в найме (за исключением находящихся в декретном отпуске, подрабатывающих студентов, пе...","Я работаю в БЮДЖЕТНОЙ организации, которая безвозмездно оказывает услуги населению (детский сад, общеобразовательная,...","Образование, наука Включает в том числе: ясли, детский сад, школа, ССУЗ, вуз, научно-исследовательские институты, центры",0.9652145754608479
07cfe77bf70cea64,Женский,46.0,Приволжский федеральный округ,Поселок городского типа,"Нет, домашних животных нет",,,,,,,,,,,,,,,,,,,,,,,,,,Самовыгул собак (без поводка),,,,,,,,,,,,,Ежедневно менее четырех часов в день,Eжедневно менее четырех часов в день,"Среднее профессиональное (техникум, колледж, ПТУ)",Среднее,"Временно не работаю, безработный",,,1.0134462108923772
07d00293bccce1fc,Женский,52.0,Приволжский федеральный округ,Поселок городского типа," Мелкие животные (хомячки, морские свинки, черепашки и т.п.)",Декоративные птицы,Породистая собака,Беспородная собака,Породистая кошка,Беспородная кошка,,,,,,,Ветеринарные клиники,,,,,,,,,,,,Не бываю с питомцем в общественных местах,3,,,,,,,,,,,,,,Ежедневно менее четырех часов в день,Несколько раз в месяц,"Среднее профессиональное (техникум, колледж, ПТУ)",Хорошее,"Работаю по договору, контракту в найме (за исключением находящихся в декретном отпуске, подрабатывающих студентов, пе...","Работаю в правоохранительных органах, вооруженных силах, МЧС","Правоохранительные органы, силовые структуры, МЧС, военная служба Включает в том числе: Полиция, росгвардия, пожарно-...",1.0134462108923772
07d0040b3ecce5d1,Женский,46.0,Приволжский федеральный округ,Город с численностью менее 50 тысяч,Беспородная собака,Беспородная кошка,,,,,,,,,,,Ничего,,,,,,,,,,,,Не бываю с питомцем в общественных местах,1 – совершенно не удовлетворен,,,,,,,,,,,,,,Несколько раз в неделю,Не пользуюсь,"Среднее профессиональное (техникум, колледж, ПТУ)",Среднее,"Работаю по договору, контракту в найме (за исключением находящихся в декретном отпуске, подрабатывающих студентов, пе...","Я работаю в БЮДЖЕТНОЙ организации, которая безвозмездно оказывает услуги населению (детский сад, общеобразовательная,...","Здравоохранение Включает в том числе: поликлиники, медицинские центры, больницы, стационары,  «Скорая помощь», санатории",1.0134462108923772
07d006282a8ce27d,Женский,48.0,Приволжский федеральный округ,Город с численностью менее 50 тысяч,Породистая собака,Беспородная кошка,,,,,,,,,,,Ничего,,,,,,,,,,,,Нет,1 – совершенно не удовлетворен,,,,,,,,,,,,,,Не смотрю,Провожу в интернете более четырех часов ежедневно,"Среднее профессиональное (техникум, колледж, ПТУ)",Среднее,"Работаю по договору, контракту в найме (за исключением находящихся в декретном отпуске, подрабатывающих студентов, пе...","Я работаю в КОММЕРЧЕСКОЙ организации, ее цель – получить прибыль (например, магазин, завод, фермерское хозяйство, АО/...","Торговля (оптовая, розничная, онлайн продажи; в т.ч. - недвижимость) Включает в том числе: Магазин, автосалон, аукцио...",1.0134462108923772
07cfe6559f0ce8a4,Женский,46.0,Приволжский федеральный округ,Поселок городского типа,Другое,,,,,,,,,,,,Ветеринарные клиники,,,,,,,,,,,,Не бываю с питомцем в общественных местах,,,,,,,,,,,,,,,Несколько раз в неделю,Провожу в интернете более четырех часов ежедневно,"Среднее профессиональное (техникум, колледж, ПТУ)",Среднее,"Нахожусь в декретном отпуске, отпуске по уходу за ребенком",,,1.0134462108923772
07cfeb191c8ce450,Женский,53.0,Приволжский федеральный округ,Город с численностью менее 50 тысяч,"Домашний скот (куры, коровы, козы и т.п.) (из другого)",Беспородная кошка,Беспородная собака,,,,,,,,,,Ветеринарные клиники,,,,,,,,,,,,Не бываю с питомцем в общественных местах,"Животное не требует выгула, не могу оценить",,,,,,,,,,,,,,Несколько раз в неделю,Eжедневно менее четырех часов в день,Незаконченное высшее (с 3-го курса вуза) или законченное высшее,Очень плохое,Работающий пенсионер,"Я работаю в БЮДЖЕТНОЙ организации, которая безвозмездно оказывает услуги населению (детский сад, общеобразовательная,...","Образование, наука Включает в том числе: ясли, детский сад, школа, ССУЗ, вуз, научно-исследовательские институты, центры",1.0345770318611893
07cfe9e93c4ce973,Женский,45.0,Приволжский федеральный округ,Город с численностью от 50 тысяч до 100 тысяч,Породистая собака,,,,,,,,,,,,Ветеринарные клиники,Стойки с пакетами для уборки за собаками,Зоомагазины,,,,,,,,,,Нет,1 – совершенно не удовлетворен,,,,,,,,,,,,,,Несколько раз в месяц,Провожу в интернете более четырех часов ежедневно,Незаконченное высшее (с 3-го курса вуза) или законченное высшее,Хорошее,Неработающий пенсионер (в том числе по инвалидности),,,1.0345770318611893
07cfeda844cce17d,Женский,48.0,Приволжский федеральный округ,Город с численностью от 50 тысяч до 100 тысяч,Породистая кошка,,,,,,,,,,,,Зоомагазины,,,,,,,,,,,,Не бываю с питомцем в общественных местах,,,,,,,,,,,,,,,Несколько раз в неделю,Провожу в интернете более четырех часов ежедневно,"Два и более высших образования, ученая степень кандидата или доктора наук",Плохое,"Работаю по договору, контракту в найме (за исключением находящихся в декретном отпуске, подрабатывающих студентов, пе...","Я работаю в БЮДЖЕТНОЙ организации, которая безвозмездно оказывает услуги населению (детский сад, общеобразовательная,...","Образование, наука Включает в том числе: ясли, детский сад, школа, ССУЗ, вуз, научно-исследовательские институты, центры",1.0345770318611893
07cff8ffa74ce28f,Женский,47.0,Приволжский федеральный округ,Город с численностью менее 50 тысяч," Мелкие животные (хомячки, морские свинки, черепашки и т.п.)",,,,,,,,,,,,Зоомагазины,Ветеринарные клиники,"Магазины, в которых можно находиться с животными",,,,,,,,,,Не бываю с питомцем в общественных местах,,,,,,,,,,,,,,,Несколько раз в месяц,Провожу в интернете более четырех часов ежедневно,"Два и более высших образования, ученая степень кандидата или доктора наук",Среднее,"Работаю по договору, контракту в найме (за исключением находящихся в декретном отпуске, подрабатывающих студентов, пе...","Я работаю в БЮДЖЕТНОЙ организации, которая безвозмездно оказывает услуги населению (детский сад, общеобразовательная,...","Образование, наука Включает в том числе: ясли, детский сад, школа, ССУЗ, вуз, научно-исследовательские институты, центры",1.0345770318611893
07cfeb715ecce985,Женский,50.0,Приволжский федеральный округ,Город с численностью менее 50 тысяч,Породистая кошка,Беспородная кошка,,,,,,,,,,,"Кафе, в которых можно находиться с животными",Специально огороженные площадки для выгула или занятий домашних животных,Ветеринарные клиники,ГрУминг-салоны (уход за животными),Зоомагазины,"Магазины, в которых можно находиться с животными",,,,,,,Нет,,,,,,,,,,,,,,,Несколько раз в неделю,Провожу в интернете более четырех часов ежедневно,Незаконченное высшее (с 3-го курса вуза) или законченное высшее,Среднее,"Работаю по договору, контракту в найме (за исключением находящихся в декретном отпуске, подрабатывающих студентов, пе...","Я работаю в БЮДЖЕТНОЙ организации, которая безвозмездно оказывает услуги населению (детский сад, общеобразовательная,...","Государственное и муниципальное управление, в т.ч. - судебные органы Включает в том числе: Госслужба, администрации/п...",1.0345770318611893
07cfd8218acce8e7,Женский,48.0,Уральский федеральный округ,Город с численностью менее 50 тысяч,Породистая собака,,,,,,,,,,,,Ничего,,,,,,,,,,,,Нет,"Животное не требует выгула, не могу оценить",,,,,,,,,,,,,,Ежедневно менее четырех часов в день,Провожу в интернете более четырех часов ежедневно,Среднее общее (10 или 11 классов школы с аттестатом),Очень плохое,"Работаю по договору, контракту в найме (за исключением находящихся в декретном отпуске, подрабатывающих студентов, пе...","Я работаю в КОММЕРЧЕСКОЙ организации, ее цель – получить прибыль (например, магазин, завод, фермерское хозяйство, АО/...","Торговля (оптовая, розничная, онлайн продажи; в т.ч. - недвижимость) Включает в том числе: Магазин, автосалон, аукцио...",1.062840353269225
07cfdeb3e80cebfc,Женский,48.0,Уральский федеральный округ,Город с численностью от 50 тысяч до 100 тысяч,Породистая собака,,,,,,,,,,,,"Магазины, в которых можно находиться с животными",Специально огороженные площадки для выгула или занятий домашних животных,,,,,,,,,,,Нет,5- полностью удовлетворен,,,,,,,,,,,,,,Ежедневно менее четырех часов в день,Провожу в интернете более четырех часов ежедневно,Основное общее образование: окончил 9 (раньше 8) классов,Хорошее,Неработающий пенсионер (в том числе по инвалидности),,,1.062840353269225
07cfbd426a0cefa8,Женский,54.0,Уральский федеральный округ,Город с численностью менее 50 тысяч,Беспородная собака,Беспородная кошка,,,,,,,,,,,Ветеринарные клиники,Специализированные урны для утилизации отходов жизнедеятельности собак,Специально огороженные площадки для выгула или занятий домашних животных,Зоомагазины,,,,,,,,,Нет,4,,,,,,,,,,,,,,Ежедневно менее четырех часов в день,Несколько раз в неделю,Незаконченное высшее (с 3-го курса вуза) или законченное высшее,Среднее,"Работаю по договору, контракту в найме (за исключением находящихся в декретном отпуске, подрабатывающих студентов, пе...","Я работаю в КОММЕРЧЕСКОЙ организации, ее цель – получить прибыль (например, магазин, завод, фермерское хозяйство, АО/...","Промышленность, производство (в т.ч. добывающие, обрабатывающие отрасли, энергетика) Включает в том числе: Завод, ком...",0.9408464618292457
07cfc269348cee41,Женский,50.0,Уральский федеральный округ,Город с численностью от 50 тысяч до 100 тысяч,"Нет, домашних животных нет",,,,,,,,,,,,,,,,,,,,,,,,,,Ничего не беспокоило,,,,,,,,,,,,,Не смотрю,Несколько раз в месяц,"Два и более высших образования, ученая степень кандидата или доктора наук",Плохое,Неработающий пенсионер (в том числе по инвалидности),,,0.9408464618292457
07cfccdccecceac8,Женский,50.0,Уральский федеральный округ,Город с численностью от 50 тысяч до 100 тысяч,Беспородная кошка,,,,,,,,,,,,Ветеринарные клиники,Зоомагазины,Специально огороженные площадки для выгула или занятий домашних животных,,,,,,,,,,Нет,,,,,,,,,,,,,,,Несколько раз в неделю,Провожу в интернете более четырех часов ежедневно,Незаконченное высшее (с 3-го курса вуза) или законченное высшее,Плохое,"Работаю по договору, контракту в найме (за исключением находящихся в декретном отпуске, подрабатывающих студентов, пе...","Я работаю в БЮДЖЕТНОЙ организации, которая безвозмездно оказывает услуги населению (детский сад, общеобразовательная,...","Образование, наука Включает в том числе: ясли, детский сад, школа, ССУЗ, вуз, научно-исследовательские институты, центры",0.9408464618292457
07cfb8fd758ceedd,Женский,51.0,Уральский федеральный округ,Город с численностью менее 50 тысяч,"Нет, домашних животных нет",,,,,,,,,,,,,,,,,,,,,,,,,,Ничего не беспокоило,,,,,,,,,,,,,Несколько раз в неделю,Eжедневно менее четырех часов в день,"Два и более высших образования, ученая степень кандидата или доктора наук",Среднее,Самозанятый,,"Сфера услуг, сервиса, бытового обслуживания Включает в том числе: Прачечная/химчистка, ремонт мебели, часов, ювелирны...",0.9408464618292457
07cfff05248ced0b,Женский,59.0,Уральский федеральный округ,Город с численностью менее 50 тысяч,Беспородная кошка,Беспородная собака,,,,,,,,,,,"Магазины, в которых можно находиться с животными",Зоомагазины,ГрУминг-салоны (уход за животными),Ветеринарные клиники,,,,,,,,,Нет,Затрудняюсь ответить,,,,,,,,,,,,,,Ежедневно менее четырех часов в день,Провожу в интернете более четырех часов ежедневно,Незаконченное высшее (с 3-го курса вуза) или законченное высшее,Среднее,Работающий пенсионер,"Я работаю в КОММЕРЧЕСКОЙ организации, ее цель – получить прибыль (например, магазин, завод, фермерское хозяйство, АО/...","Транспортировка и хранение (складское хозяйство) Включает в том числе: Перевозка грузов, ж/д, авиа, водный, космическ...",0.9408464618292457
07cfbe82a08ced7a,Женский,59.0,Сибирский федеральный округ,Город с численностью от 50 тысяч до 100 тысяч,"Нет, домашних животных нет",,,,,,,,,,,,,,,,,,,,,,,,,,Отсутствие уборки за собаками во дворе,Выгул в неположенных местах,,,,,,,,,,,,Ежедневно менее четырех часов в день,Eжедневно менее четырех часов в день,"Среднее профессиональное (техникум, колледж, ПТУ)",Плохое,Неработающий пенсионер (в том числе по инвалидности),,,1.0599828907655489
07cfc714428ce257,Женский,59.0,Сибирский федеральный округ,Город с численностью от 50 тысяч до 100 тысяч,Беспородная кошка,,,,,,,,,,,,"Магазины, в которых можно находиться с животными",Ветеринарные клиники,,,,,,,,,,,"Да, время от времени",,,,,,,,,,,,,,,Ежедневно менее четырех часов в день,Провожу в интернете более четырех часов ежедневно,"Среднее профессиональное (техникум, колледж, ПТУ)",Очень хорошее,Работающий пенсионер,"Я работаю в КОММЕРЧЕСКОЙ организации, ее цель – получить прибыль (например, магазин, завод, фермерское хозяйство, АО/...","Промышленность, производство (в т.ч. добывающие, обрабатывающие отрасли, энергетика) Включает в том числе: Завод, ком...",1.0599828907655489
07cfc8ffb00ce49c,Женский,50.0,Сибирский федеральный округ,Поселок городского типа,"Нет, домашних животных нет",,,,,,,,,,,,,,,,,,,,,,,,,,Выгул агрессивных собак без намордника,Громкий лай в позднее или раннее время,Агрессивное поведение собак по отношению к другим животным,Другое,,,,,,,,,,Несколько раз в неделю,Несколько раз в неделю,"Среднее профессиональное (техникум, колледж, ПТУ)",Среднее,Неработающий пенсионер (в том числе по инвалидности),,,1.0599828907655489
07cfdb1bf20ce761,Женский,52.0,Сибирский федеральный округ,Город с численностью от 50 тысяч до 100 тысяч,Породистая собака,Породистая кошка,,,,,,,,,,,Ничего,,,,,,,,,,,,Нет,5- полностью удовлетворен,,,,,,,,,,,,,,Несколько раз в неделю,Несколько раз в неделю,"Среднее профессиональное (техникум, колледж, ПТУ)",Среднее,Работающий пенсионер,"Я работаю в КОММЕРЧЕСКОЙ организации, ее цель – получить прибыль (например, магазин, завод, фермерское хозяйство, АО/...","Жилищно-коммунальное хозяйство Включает в том числе: водоканал, горгаз, вывоз мусора, котельная,  сортировка и перера...",1.0599828907655489
07cfdd9f2c8cede2,Женский,48.0,Сибирский федеральный округ,Город с численностью менее 50 тысяч,Беспородная кошка,Беспородная собака," Мелкие животные (хомячки, морские свинки, черепашки и т.п.)","Экзотические животные (змеи, ящерицы, обезьяны, крокодилы и пр.)",,,,,,,,,Зоомагазины,,,,,,,,,,,,"Да, время от времени",1 – совершенно не удовлетворен,,,,,,,,,,,,,,Несколько раз в неделю,Eжедневно менее четырех часов в день,Среднее общее (10 или 11 классов школы с аттестатом),Среднее,Неработающий пенсионер (в том числе по инвалидности),,,1.0599828907655489
07cfe25cb80ce708,Женский,47.0,Сибирский федеральный округ,Поселок городского типа,Породистая собака,Беспородная собака,Породистая кошка,Беспородная кошка,,,,,,,,,Специально огороженные площадки для выгула или занятий домашних животных,Специализированные урны для утилизации отходов жизнедеятельности собак,Стойки с пакетами для уборки за собаками,Ветеринарные клиники,Лапомойки в доме,,,,,,,,Не бываю с питомцем в общественных местах,5- полностью удовлетворен,,,,,,,,,,,,,,Несколько раз в неделю,Не пользуюсь,"Среднее профессиональное (техникум, колледж, ПТУ)",Хорошее,(НЕ ЗАЧИТЫВАТЬ) Затрудняюсь ответить,,,1.0599828907655489
07cfe7901ccce19e,Женский,59.0,Сибирский федеральный округ,Город с численностью от 50 тысяч до 100 тысяч,Беспородная кошка,,,,,,,,,,,,Зоомагазины,Ветеринарные клиники,,,,,,,,,,,Не бываю с питомцем в общественных местах,,,,,,,,,,,,,,,Ежедневно менее четырех часов в день,Провожу в интернете более четырех часов ежедневно,"Среднее профессиональное (техникум, колледж, ПТУ)",Среднее,Неработающий пенсионер (в том числе по инвалидности),,,1.0599828907655489
07cfba89c3ccef51,Женский,55.0,Сибирский федеральный округ,Город с численностью от 50 тысяч до 100 тысяч,"Нет, домашних животных нет",,,,,,,,,,,,,,,,,,,,,,,,,,Громкий лай в позднее или раннее время,Выгул агрессивных собак без намордника,Самовыгул собак (без поводка),Выгул в неположенных местах,,,,,,,,,,Смотрю более четырех часов ежедневно,Не пользуюсь,Незаконченное высшее (с 3-го курса вуза) или законченное высшее,Среднее,Неработающий пенсионер (в том числе по инвалидности),,,1.0300245915262616
07cfd65daa8ce9c8,Женский,53.0,Сибирский федеральный округ,Город с численностью от 50 тысяч до 100 тысяч,Породистая кошка,,,,,,,,,,,,Ветеринарные клиники,"Магазины, в которых можно находиться с животными",,,,,,,,,,,Нет,,,,,,,,,,,,,,,Не смотрю,Провожу в интернете более четырех часов ежедневно,Незаконченное высшее (с 3-го курса вуза) или законченное высшее,Среднее,"Работаю по договору, контракту в найме (за исключением находящихся в декретном отпуске, подрабатывающих студентов, пе...","Я работаю в КОММЕРЧЕСКОЙ организации, ее цель – получить прибыль (например, магазин, завод, фермерское хозяйство, АО/...","Сфера услуг, сервиса, бытового обслуживания Включает в том числе: Прачечная/химчистка, ремонт мебели, часов, ювелирны...",1.0300245915262616
07cfe80d3c4ce72f,Женский,50.0,Сибирский федеральный округ,Поселок городского типа,"Нет, домашних животных нет",,,,,,,,,,,,,,,,,,,,,,,,,,Ничего не беспокоило,,,,,,,,,,,,,Не смотрю,Eжедневно менее четырех часов в день,Незаконченное высшее (с 3-го курса вуза) или законченное высшее,Плохое,"Работаю по договору, контракту в найме (за исключением находящихся в декретном отпуске, подрабатывающих студентов, пе...","Я работаю в КОММЕРЧЕСКОЙ организации, ее цель – получить прибыль (например, магазин, завод, фермерское хозяйство, АО/...","Строительство Включает в том числе: архитектура, проектирование, дизайн интерьера",1.0300245915262616
07cff00d438cea25,Женский,52.0,Сибирский федеральный округ,Город с численностью менее 50 тысяч,Беспородная кошка,,,,,,,,,,,,Зоомагазины,,,,,,,,,,,,Не бываю с питомцем в общественных местах,,,,,,,,,,,,,,,Не смотрю,Провожу в интернете более четырех часов ежедневно,Незаконченное высшее (с 3-го курса вуза) или законченное высшее,Плохое,Неработающий пенсионер (в том числе по инвалидности),,,1.0300245915262616
07d0064f80cceaac,Женский,50.0,Центральный федеральный округ,Город с численностью от 100 тысяч до 500 тысяч,Беспородная кошка,,,,,,,,,,,,ГрУминг-салоны (уход за животными),"Магазины, в которых можно находиться с животными",Зоомагазины,Ветеринарные клиники,,,,,,,,,Не бываю с питомцем в общественных местах,,,,,,,,,,,,,,,Ежедневно менее четырех часов в день,Провожу в интернете более четырех часов ежедневно,"Среднее профессиональное (техникум, колледж, ПТУ)",Плохое,Работающий пенсионер,"Я работаю в БЮДЖЕТНОЙ организации, которая безвозмездно оказывает услуги населению (детский сад, общеобразовательная,...","Образование, наука Включает в том числе: ясли, детский сад, школа, ССУЗ, вуз, научно-исследовательские институты, центры",0.9639981086351175
07cff7f10acce799,Женский,52.0,Центральный федеральный округ,Город с численностью от 100 тысяч до 500 тысяч,Породистая собака,,,,,,,,,,,,ГрУминг-салоны (уход за животными),Лапомойки в доме,"Магазины, в которых можно находиться с животными",Ветеринарные клиники,Специализированные урны для утилизации отходов жизнедеятельности собак,Стойки с пакетами для уборки за собаками,Специально огороженные площадки для выгула или занятий домашних животных,"Кафе, в которых можно находиться с животными",Зоомагазины,,,,Не бываю с питомцем в общественных местах,5- полностью удовлетворен,,,,,,,,,,,,,,Не смотрю,Несколько раз в месяц,Незаконченное высшее (с 3-го курса вуза) или законченное высшее,Среднее,"Работаю по договору, контракту в найме (за исключением находящихся в декретном отпуске, подрабатывающих студентов, пе...","Я работаю в КОММЕРЧЕСКОЙ организации, ее цель – получить прибыль (например, магазин, завод, фермерское хозяйство, АО/...","Торговля (оптовая, розничная, онлайн продажи; в т.ч. - недвижимость) Включает в том числе: Магазин, автосалон, аукцио...",0.9459957507833868
07cfe207e28cef01,Женский,50.0,Центральный федеральный округ,Город с численностью от 100 тысяч до 500 тысяч,Породистая собака,Породистая кошка,Беспородная кошка,,,,,,,,,,Ветеринарные клиники,"Магазины, в которых можно находиться с животными",ГрУминг-салоны (уход за животными),Зоомагазины,,,,,,,,,Нет,1 – совершенно не удовлетворен,,,,,,,,,,,,,,"Редко, но не менее одного раза в полгода",Eжедневно менее четырех часов в день,Незаконченное высшее (с 3-го курса вуза) или законченное высшее,Среднее,"Временно не работаю, безработный",,,0.9459957507833868
07d024eea38ce518,Женский,55.0,Центральный федеральный округ,Город с численностью от 100 тысяч до 500 тысяч,"Нет, домашних животных нет",,,,,,,,,,,,,,,,,,,,,,,,,,Громкий лай в позднее или раннее время,,,,,,,,,,,,,Не смотрю,Eжедневно менее четырех часов в день,"Два и более высших образования, ученая степень кандидата или доктора наук",Очень плохое,"Работаю по договору, контракту в найме (за исключением находящихся в декретном отпуске, подрабатывающих студентов, пе...","Я работаю в КОММЕРЧЕСКОЙ организации, ее цель – получить прибыль (например, магазин, завод, фермерское хозяйство, АО/...","Транспортировка и хранение (складское хозяйство) Включает в том числе: Перевозка грузов, ж/д, авиа, водный, космическ...",0.9459957507833868
07d026b9288ce343,Женский,51.0,Центральный федеральный округ,Город с численностью от 100 тысяч до 500 тысяч,Породистая собака,,,,,,,,,,,,Ветеринарные клиники,Зоомагазины,ГрУминг-салоны (уход за животными),,,,,,,,,,"Да, время от времени",1 – совершенно не удовлетворен,,,,,,,,,,,,,,Несколько раз в месяц,Eжедневно менее четырех часов в день,Незаконченное высшее (с 3-го курса вуза) или законченное высшее,Хорошее,"Предприниматель, собственник бизнеса",,"Сфера услуг, сервиса, бытового обслуживания Включает в том числе: Прачечная/химчистка, ремонт мебели, часов, ювелирны...",0.9459957507833868
07cfd737e0cce5a5,Женский,50.0,Центральный федеральный округ,Город с численностью от 100 тысяч до 500 тысяч,Беспородная кошка,,,,,,,,,,,,Ветеринарные клиники,ГрУминг-салоны (уход за животными),"Кафе, в которых можно находиться с животными",Зоомагазины,,,,,,,,,Нет,,,,,,,,,,,,,,,Не смотрю,Провожу в интернете более четырех часов ежедневно,"Среднее профессиональное (техникум, колледж, ПТУ)",Хорошее,"Работаю по договору, контракту в найме (за исключением находящихся в декретном отпуске, подрабатывающих студентов, пе...","Я работаю в КОММЕРЧЕСКОЙ организации, ее цель – получить прибыль (например, магазин, завод, фермерское хозяйство, АО/...","Промышленность, производство (в т.ч. добывающие, обрабатывающие отрасли, энергетика) Включает в том числе: Завод, ком...",0.8457033447644061
07cfd935b7cceb9e,Женский,50.0,Центральный федеральный округ,Город с численностью от 100 тысяч до 500 тысяч,Беспородная кошка,,,,,,,,,,,,ГрУминг-салоны (уход за животными),Зоомагазины,Ветеринарные клиники,,,,,,,,,,Не бываю с питомцем в общественных местах,,,,,,,,,,,,,,,Не смотрю,Провожу в интернете более четырех часов ежедневно,"Среднее профессиональное (техникум, колледж, ПТУ)",Хорошее,Работающий пенсионер,Затрудняюсь ответить/ отказ от ответа,"Правоохранительные органы, силовые структуры, МЧС, военная служба Включает в том числе: Полиция, росгвардия, пожарно-...",0.8457033447644061
07cfdb113c8ce393,Женский,48.0,Центральный федеральный округ,Город с численностью от 100 тысяч до 500 тысяч,Породистая кошка,Аквариумные рыбки,,,,,,,,,,,ГрУминг-салоны (уход за животными),Зоомагазины,Ветеринарные клиники,,,,,,,,,,Не бываю с питомцем в общественных местах,,,,,,,,,,,,,,,Несколько раз в неделю,Провожу в интернете более четырех часов ежедневно,"Среднее профессиональное (техникум, колледж, ПТУ)",Среднее,"Временно не работаю, безработный",,,0.8457033447644061
07cfe4bc168cef10,Женский,51.0,Центральный федеральный округ,Город с численностью от 100 тысяч до 500 тысяч,Беспородная кошка,Аквариумные рыбки,,,,,,,,,,,Зоомагазины,Ветеринарные клиники,,,,,,,,,,,Не бываю с питомцем в общественных местах,,,,,,,,,,,,,,,Ежедневно менее четырех часов в день,Несколько раз в неделю,"Среднее профессиональное (техникум, колледж, ПТУ)",Среднее,"Работаю по договору, контракту в найме (за исключением находящихся в декретном отпуске, подрабатывающих студентов, пе...","Я работаю в КОММЕРЧЕСКОЙ организации, ее цель – получить прибыль (например, магазин, завод, фермерское хозяйство, АО/...","Промышленность, производство (в т.ч. добывающие, обрабатывающие отрасли, энергетика) Включает в том числе: Завод, ком...",0.8457033447644061
07cfe96b0b4ceb71,Женский,46.0,Центральный федеральный округ,Город с численностью от 100 тысяч до 500 тысяч,Породистая кошка,Беспородная кошка,,,,,,,,,,,"Магазины, в которых можно находиться с животными",,,,,,,,,,,,Нет,,,,,,,,,,,,,,,Несколько раз в неделю,Провожу в интернете более четырех часов ежедневно,Среднее общее (10 или 11 классов школы с аттестатом),Среднее,"Работаю по договору, контракту в найме (за исключением находящихся в декретном отпуске, подрабатывающих студентов, пе...","Я работаю в НЕКОММЕРЧЕСКОЙ организации, которая оказывает помощь населению (благотворительные фонды, центры поддержки...",,0.8457033447644061
07d01c32358ce923,Женский,46.0,Центральный федеральный округ,Город с численностью от 100 тысяч до 500 тысяч,Беспородная кошка,,,,,,,,,,,,"Магазины, в которых можно находиться с животными",ГрУминг-салоны (уход за животными),,,,,,,,,,,Не бываю с питомцем в общественных местах,,,,,,,,,,,,,,,Несколько раз в неделю,Несколько раз в неделю,"Среднее профессиональное (техникум, колледж, ПТУ)",Среднее,"Работаю по договору, контракту в найме (за исключением находящихся в декретном отпуске, подрабатывающих студентов, пе...","Я работаю в КОММЕРЧЕСКОЙ организации, ее цель – получить прибыль (например, магазин, завод, фермерское хозяйство, АО/...","Промышленность, производство (в т.ч. добывающие, обрабатывающие отрасли, энергетика) Включает в том числе: Завод, ком...",0.8457033447644061
07cff242fc0cebf8,Женский,50.0,Центральный федеральный округ,Город с численностью от 100 тысяч до 500 тысяч,Породистая собака,,,,,,,,,,,,Зоомагазины,Ветеринарные клиники,,,,,,,,,,,Не бываю с питомцем в общественных местах,5- полностью удовлетворен,,,,,,,,,,,,,,Не смотрю,Eжедневно менее четырех часов в день,Незаконченное высшее (с 3-го курса вуза) или законченное высшее,Среднее,Работающий пенсионер,"Я работаю в НЕКОММЕРЧЕСКОЙ организации, которая оказывает помощь населению (благотворительные фонды, центры поддержки...",,0.7683988249251797
07cff4400fcceb13,Женский,45.0,Центральный федеральный округ,Город с численностью от 100 тысяч до 500 тысяч,Породистая собака,Беспородная кошка,,,,,,,,,,,Ветеринарные клиники,Зоомагазины,ГрУминг-салоны (уход за животными),,,,,,,,,,"Да, часто",5- полностью удовлетворен,,,,,,,,,,,,,,Не смотрю,Провожу в интернете более четырех часов ежедневно,"Два и более высших образования, ученая степень кандидата или доктора наук",Хорошее,"Работаю по договору, контракту в найме (за исключением находящихся в декретном отпуске, подрабатывающих студентов, пе...","Я работаю в КОММЕРЧЕСКОЙ организации, ее цель – получить прибыль (например, магазин, завод, фермерское хозяйство, АО/...","Общественное питание, ресторанный и гостиничный бизнес Включает в том числе: Кафе, ресторан, доставка продуктов питан...",0.7683988249251797
07cffb91778ce423,Женский,50.0,Центральный федеральный округ,Город с численностью от 100 тысяч до 500 тысяч,Породистая собака,Породистая кошка,,,,,,,,,,,"Магазины, в которых можно находиться с животными","Кафе, в которых можно находиться с животными",,,,,,,,,,,Нет,"Животное не требует выгула, не могу оценить",,,,,,,,,,,,,,Ежедневно менее четырех часов в день,Eжедневно менее четырех часов в день,Незаконченное высшее (с 3-го курса вуза) или законченное высшее,Среднее,Неработающий пенсионер (в том числе по инвалидности),,,0.7683988249251797
07d00e6c064ce01b,Женский,45.0,Центральный федеральный округ,Город с численностью от 100 тысяч до 500 тысяч,Другое,,,,,,,,,,,,Специально огороженные площадки для выгула или занятий домашних животных,ГрУминг-салоны (уход за животными),Зоомагазины,,,,,,,,,,Нет,,,,,,,,,,,,,,,Не смотрю,Провожу в интернете более четырех часов ежедневно,Незаконченное высшее (с 3-го курса вуза) или законченное высшее,Среднее,"Работаю по договору, контракту в найме (за исключением находящихся в декретном отпуске, подрабатывающих студентов, пе...","Я работаю в КОММЕРЧЕСКОЙ организации, ее цель – получить прибыль (например, магазин, завод, фермерское хозяйство, АО/...","Транспортировка и хранение (складское хозяйство) Включает в том числе: Перевозка грузов, ж/д, авиа, водный, космическ...",0.7683988249251797
07d02386660ce0d9,Женский,55.0,Центральный федеральный округ,Город с численностью от 100 тысяч до 500 тысяч,Беспородная кошка,Породистая кошка,,,,,,,,,,,Ничего,,,,,,,,,,,,Нет,,,,,,,,,,,,,,,Ежедневно менее четырех часов в день,Eжедневно менее четырех часов в день,Незаконченное высшее (с 3-го курса вуза) или законченное высшее,Среднее,"Работаю по договору, контракту в найме (за исключением находящихся в декретном отпуске, подрабатывающих студентов, пе...","Я работаю в КОММЕРЧЕСКОЙ организации, ее цель – получить прибыль (например, магазин, завод, фермерское хозяйство, АО/...","Промышленность, производство (в т.ч. добывающие, обрабатывающие отрасли, энергетика) Включает в том числе: Завод, ком...",0.7683988249251797
07cffb4cbacce56f,Женский,50.0,Северо-Западный федеральный округ,Город с численностью от 100 тысяч до 500 тысяч,Беспородная кошка,,,,,,,,,,,,Зоомагазины,,,,,,,,,,,,Нет,,,,,,,,,,,,,,,Ежедневно менее четырех часов в день,Провожу в интернете более четырех часов ежедневно,"Среднее профессиональное (техникум, колледж, ПТУ)",Хорошее,Работающий пенсионер,"Я работаю в БЮДЖЕТНОЙ организации, которая безвозмездно оказывает услуги населению (детский сад, общеобразовательная,...","Здравоохранение Включает в том числе: поликлиники, медицинские центры, больницы, стационары,  «Скорая помощь», санатории",0.8349340239079683
07cfd7977a4ce0c2,Женский,53.0,Северо-Западный федеральный округ,Город с численностью от 100 тысяч до 500 тысяч,"Нет, домашних животных нет",,,,,,,,,,,,,,,,,,,,,,,,,,Выгул в неположенных местах,,,,,,,,,,,,,Ежедневно менее четырех часов в день,Eжедневно менее четырех часов в день,"Два и более высших образования, ученая степень кандидата или доктора наук",Среднее,Работающий пенсионер,"Я работаю в БЮДЖЕТНОЙ организации, которая безвозмездно оказывает услуги населению (детский сад, общеобразовательная,...","Образование, наука Включает в том числе: ясли, детский сад, школа, ССУЗ, вуз, научно-исследовательские институты, центры",0.69389864947057
07cffcaef78ce126,Женский,45.0,Северо-Западный федеральный округ,Город с численностью от 100 тысяч до 500 тысяч,"Нет, домашних животных нет",,,,,,,,,,,,,,,,,,,,,,,,,,Отсутствие уборки за собаками во дворе,,,,,,,,,,,,,Ежедневно менее четырех часов в день,Eжедневно менее четырех часов в день,Незаконченное высшее (с 3-го курса вуза) или законченное высшее,Плохое,"Нахожусь в декретном отпуске, отпуске по уходу за ребенком",,,0.69389864947057
07d0087c034ce184,Женский,57.0,Северо-Западный федеральный округ,Город с численностью от 100 тысяч до 500 тысяч,"Нет, домашних животных нет",,,,,,,,,,,,,,,,,,,,,,,,,,Выгул агрессивных собак без намордника,Громкий лай в позднее или раннее время,,,,,,,,,,,,Несколько раз в неделю,Eжедневно менее четырех часов в день,"Два и более высших образования, ученая степень кандидата или доктора наук",Среднее,Самозанятый,,"Сельское, лесное хозяйство, охота, рыболовство и рыбоводство Включает в том числе: Фермерское хозяйство, скотобойни, ...",0.69389864947057
07cfd88e8c8cea32,Женский,50.0,Северо-Западный федеральный округ,Город с численностью от 100 тысяч до 500 тысяч,"Нет, домашних животных нет",,,,,,,,,,,,,,,,,,,,,,,,,,Ничего не беспокоило,,,,,,,,,,,,,Ежедневно менее четырех часов в день,Eжедневно менее четырех часов в день,Незаконченное высшее (с 3-го курса вуза) или законченное высшее,Среднее,"Работаю по договору, контракту в найме (за исключением находящихся в декретном отпуске, подрабатывающих студентов, пе...","Я работаю в БЮДЖЕТНОЙ организации, которая безвозмездно оказывает услуги населению (детский сад, общеобразовательная,...","Образование, наука Включает в том числе: ясли, детский сад, школа, ССУЗ, вуз, научно-исследовательские институты, центры",0.69389864947057
07d01a8fbe0ce241,Женский,49.0,Южный федеральный округ,Город с численностью от 100 тысяч до 500 тысяч,Породистая кошка,,,,,,,,,,,,Ветеринарные клиники,Зоомагазины,,,,,,,,,,,Не бываю с питомцем в общественных местах,,,,,,,,,,,,,,,Несколько раз в неделю,Провожу в интернете более четырех часов ежедневно,"Среднее профессиональное (техникум, колледж, ПТУ)",Среднее,"Работаю по договору, контракту в найме (за исключением находящихся в декретном отпуске, подрабатывающих студентов, пе...","Я работаю в КОММЕРЧЕСКОЙ организации, ее цель – получить прибыль (например, магазин, завод, фермерское хозяйство, АО/...","Промышленность, производство (в т.ч. добывающие, обрабатывающие отрасли, энергетика) Включает в том числе: Завод, ком...",0.8325434644345563
07cfdc00d58ce5c7,Женский,50.0,Южный федеральный округ,Город с численностью от 100 тысяч до 500 тысяч,Беспородная кошка,Беспородная собака,,,,,,,,,,,Ветеринарные клиники,Зоомагазины,,,,,,,,,,,Нет,5- полностью удовлетворен,,,,,,,,,,,,,,Не смотрю,Eжедневно менее четырех часов в день,Незаконченное высшее (с 3-го курса вуза) или законченное высшее,Среднее,"Работаю по договору, контракту в найме (за исключением находящихся в декретном отпуске, подрабатывающих студентов, пе...","Работаю в органах власти, управления, судебных органах","Государственное и муниципальное управление, в т.ч. - судебные органы Включает в том числе: Госслужба, администрации/п...",0.8002241280063389
07cff43c388ce9f6,Женский,45.0,Южный федеральный округ,Город с численностью от 100 тысяч до 500 тысяч,"Нет, домашних животных нет",,,,,,,,,,,,,,,,,,,,,,,,,,Ничего не беспокоило,,,,,,,,,,,,,Не смотрю,Eжедневно менее четырех часов в день,Незаконченное высшее (с 3-го курса вуза) или законченное высшее,Среднее,"Работаю по договору, контракту в найме (за исключением находящихся в декретном отпуске, подрабатывающих студентов, пе...","Я работаю в БЮДЖЕТНОЙ организации, которая безвозмездно оказывает услуги населению (детский сад, общеобразовательная,...","Образование, наука Включает в том числе: ясли, детский сад, школа, ССУЗ, вуз, научно-исследовательские институты, центры",0.8002241280063389
07d0066ba58ce10e,Женский,57.0,Южный федеральный округ,Город с численностью от 100 тысяч до 500 тысяч,Беспородная кошка,Беспородная собака,"Домашний скот (куры, коровы, козы и т.п.) (из другого)",,,,,,,,,,Ветеринарные клиники,Зоомагазины,"Магазины, в которых можно находиться с животными",,,,,,,,,,"Да, время от времени",5- полностью удовлетворен,,,,,,,,,,,,,,Ежедневно менее четырех часов в день,Eжедневно менее четырех часов в день,Незаконченное высшее (с 3-го курса вуза) или законченное высшее,Среднее,"Работаю по договору, контракту в найме (за исключением находящихся в декретном отпуске, подрабатывающих студентов, пе...","Я работаю в КОММЕРЧЕСКОЙ организации, ее цель – получить прибыль (например, магазин, завод, фермерское хозяйство, АО/...","Строительство Включает в том числе: архитектура, проектирование, дизайн интерьера",0.8002241280063389
07d01ba6b04ce75f,Женский,45.0,Южный федеральный округ,Город с численностью от 100 тысяч до 500 тысяч,Породистая собака,Беспородная кошка,,,,,,,,,,,Зоомагазины,ГрУминг-салоны (уход за животными),,,,,,,,,,,Нет,1 – совершенно не удовлетворен,,,,,,,,,,,,,,"Редко, но не менее одного раза в полгода",Eжедневно менее четырех часов в день,Незаконченное высшее (с 3-го курса вуза) или законченное высшее,Среднее,"Работаю по договору, контракту в найме (за исключением находящихся в декретном отпуске, подрабатывающих студентов, пе...","Я работаю в КОММЕРЧЕСКОЙ организации, ее цель – получить прибыль (например, магазин, завод, фермерское хозяйство, АО/...","Транспортировка и хранение (складское хозяйство) Включает в том числе: Перевозка грузов, ж/д, авиа, водный, космическ...",0.8002241280063389
07d024b589cce03e,Женский,47.0,Южный федеральный округ,Город с численностью от 100 тысяч до 500 тысяч,"Нет, домашних животных нет",,,,,,,,,,,,,,,,,,,,,,,,,,Ничего не беспокоило,,,,,,,,,,,,,Не смотрю,Eжедневно менее четырех часов в день,"Два и более высших образования, ученая степень кандидата или доктора наук",Среднее,"Работаю по договору, контракту в найме (за исключением находящихся в декретном отпуске, подрабатывающих студентов, пе...","Я работаю в КОММЕРЧЕСКОЙ организации, ее цель – получить прибыль (например, магазин, завод, фермерское хозяйство, АО/...","Промышленность, производство (в т.ч. добывающие, обрабатывающие отрасли, энергетика) Включает в том числе: Завод, ком...",0.8002241280063389
07cfeda2130ceee5,Женский,46.0,Северо-Кавказский федеральный округ,Город с численностью от 100 тысяч до 500 тысяч,Породистая собака,Породистая кошка,,,,,,,,,,,Ничего,,,,,,,,,,,,Нет,Затрудняюсь ответить,,,,,,,,,,,,,,Несколько раз в неделю,Eжедневно менее четырех часов в день,Незаконченное высшее (с 3-го курса вуза) или законченное высшее,Хорошее,"Работаю по договору, контракту в найме (за исключением находящихся в декретном отпуске, подрабатывающих студентов, пе...","Я работаю в КОММЕРЧЕСКОЙ организации, ее цель – получить прибыль (например, магазин, завод, фермерское хозяйство, АО/...","Строительство Включает в том числе: архитектура, проектирование, дизайн интерьера",0.7751132195551971
07d02412d80ce0a7,Женский,46.0,Северо-Кавказский федеральный округ,Город с численностью от 100 тысяч до 500 тысяч,"Нет, домашних животных нет",,,,,,,,,,,,,,,,,,,,,,,,,,Самовыгул собак (без поводка),,,,,,,,,,,,,Несколько раз в неделю,Провожу в интернете более четырех часов ежедневно,Незаконченное высшее (с 3-го курса вуза) или законченное высшее,Среднее,(НЕ ЗАЧИТЫВАТЬ) Затрудняюсь ответить,,,0.7751132195551971
07cfdccdcd4ce0f2,Женский,53.0,Приволжский федеральный округ,Город с численностью от 100 тысяч до 500 тысяч,Породистая собака,,,,,,,,,,,,"Магазины, в которых можно находиться с животными",Ветеринарные клиники,,,,,,,,,,,Нет,3,,,,,,,,,,,,,,Не смотрю,Провожу в интернете более четырех часов ежедневно,"Среднее профессиональное (техникум, колледж, ПТУ)",Среднее,"Работаю по договору, контракту в найме (за исключением находящихся в декретном отпуске, подрабатывающих студентов, пе...","Я работаю в КОММЕРЧЕСКОЙ организации, ее цель – получить прибыль (например, магазин, завод, фермерское хозяйство, АО/...","Торговля (оптовая, розничная, онлайн продажи; в т.ч. - недвижимость) Включает в том числе: Магазин, автосалон, аукцио...",0.8138455171957453
07cfde5b344ce06a,Женский,47.0,Приволжский федеральный округ,Город с численностью от 100 тысяч до 500 тысяч,Породистая собака,Беспородная кошка,,,,,,,,,,,Ветеринарные клиники,Зоомагазины,ГрУминг-салоны (уход за животными),Специализированные урны для утилизации отходов жизнедеятельности собак,,,,,,,,,"Да, время от времени",5- полностью удовлетворен,,,,,,,,,,,,,,Ежедневно менее четырех часов в день,Провожу в интернете более четырех часов ежедневно,"Среднее профессиональное (техникум, колледж, ПТУ)",Среднее,"Работаю по договору, контракту в найме (за исключением находящихся в декретном отпуске, подрабатывающих студентов, пе...","Я работаю в БЮДЖЕТНОЙ организации, которая безвозмездно оказывает услуги населению (детский сад, общеобразовательная,...","Здравоохранение Включает в том числе: поликлиники, медицинские центры, больницы, стационары,  «Скорая помощь», санатории",0.8138455171957453
07cff7e8ba4ce464,Женский,53.0,Приволжский федеральный округ,Город с численностью от 100 тысяч до 500 тысяч,Беспородная кошка,,,,,,,,,,,,"Магазины, в которых можно находиться с животными",ГрУминг-салоны (уход за животными),Зоомагазины,Ветеринарные клиники,,,,,,,,,Нет,,,,,,,,,,,,,,,Несколько раз в неделю,Провожу в интернете более четырех часов ежедневно,"Среднее профессиональное (техникум, колледж, ПТУ)",Плохое,"Работаю по договору, контракту в найме (за исключением находящихся в декретном отпуске, подрабатывающих студентов, пе...","Я работаю в БЮДЖЕТНОЙ организации, которая безвозмездно оказывает услуги населению (детский сад, общеобразовательная,...","Здравоохранение Включает в том числе: поликлиники, медицинские центры, больницы, стационары,  «Скорая помощь», санатории",0.8138455171957453
07d00aeb67ccedaf,Женский,49.0,Приволжский федеральный округ,Город с численностью от 100 тысяч до 500 тысяч,Беспородная кошка,,,,,,,,,,,,Ничего,,,,,,,,,,,,Нет,,,,,,,,,,,,,,,Ежедневно менее четырех часов в день,Провожу в интернете более четырех часов ежедневно,"Среднее профессиональное (техникум, колледж, ПТУ)",Среднее,"Временно не работаю, безработный",,,0.8138455171957453
07cfd552c48ce495,Женский,52.0,Приволжский федеральный округ,Город с численностью от 100 тысяч до 500 тысяч,"Нет, домашних животных нет",,,,,,,,,,,,,,,,,,,,,,,,,,Громкий лай в позднее или раннее время,"Отсутствие уборки за собаками в доме (в лифте, в подъезде)",Самовыгул собак (без поводка),Агрессивное поведение собак по отношению к другим животным,Отсутствие уборки за собаками во дворе,Выгул в неположенных местах,Выгул собак на длинном поводке,Большое количество бродячих собак (из другого),,,,,,Ежедневно менее четырех часов в день,Eжедневно менее четырех часов в день,Незаконченное высшее (с 3-го курса вуза) или законченное высшее,Среднее,"Работаю по договору, контракту в найме (за исключением находящихся в декретном отпуске, подрабатывающих студентов, пе...","Я работаю в БЮДЖЕТНОЙ организации, которая безвозмездно оказывает услуги населению (детский сад, общеобразовательная,...","Сельское, лесное хозяйство, охота, рыболовство и рыбоводство Включает в том числе: Фермерское хозяйство, скотобойни, ...",0.8308145716312948
07cfdc6c748ce3b5,Женский,48.0,Приволжский федеральный округ,Город с численностью от 100 тысяч до 500 тысяч,Породистая кошка,Беспородная собака,,,,,,,,,,,Ничего,,,,,,,,,,,,"Да, время от времени",1 – совершенно не удовлетворен,,,,,,,,,,,,,,Ежедневно менее четырех часов в день,Провожу в интернете более четырех часов ежедневно,Незаконченное высшее (с 3-го курса вуза) или законченное высшее,Плохое,"Работаю по договору, контракту в найме (за исключением находящихся в декретном отпуске, подрабатывающих студентов, пе...","Я работаю в КОММЕРЧЕСКОЙ организации, ее цель – получить прибыль (например, магазин, завод, фермерское хозяйство, АО/...",Другое (укажите),0.8308145716312948
07cfdd2f6d8cee64,Женский,47.0,Приволжский федеральный округ,Город с численностью от 100 тысяч до 500 тысяч,"Нет, домашних животных нет",,,,,,,,,,,,,,,,,,,,,,,,,,Ничего не беспокоило,,,,,,,,,,,,,Не смотрю,Провожу в интернете более четырех часов ежедневно,"Два и более высших образования, ученая степень кандидата или доктора наук",Среднее,"Работаю по договору, контракту в найме (за исключением находящихся в декретном отпуске, подрабатывающих студентов, пе...","Я работаю в БЮДЖЕТНОЙ организации, которая безвозмездно оказывает услуги населению (детский сад, общеобразовательная,...","Образование, наука Включает в том числе: ясли, детский сад, школа, ССУЗ, вуз, научно-исследовательские институты, центры",0.8308145716312948
07cff4aa5b4ce0ed,Женский,48.0,Приволжский федеральный округ,Город с численностью от 100 тысяч до 500 тысяч,"Нет, домашних животных нет",,,,,,,,,,,,,,,,,,,,,,,,,,Ничего не беспокоило,,,,,,,,,,,,,Не смотрю,Eжедневно менее четырех часов в день,Незаконченное высшее (с 3-го курса вуза) или законченное высшее,Плохое,Самозанятый,,"Промышленность, производство (в т.ч. добывающие, обрабатывающие отрасли, энергетика) Включает в том числе: Завод, ком...",0.8308145716312948
07cffdd18e8ce00a,Женский,50.0,Приволжский федеральный округ,Город с численностью от 100 тысяч до 500 тысяч,"Нет, домашних животных нет",,,,,,,,,,,,,,,,,,,,,,,,,,"Отсутствие уборки за собаками в доме (в лифте, в подъезде)",Отсутствие уборки за собаками во дворе,Выгул агрессивных собак без намордника,Громкий лай в позднее или раннее время,,,,,,,,,,Ежедневно менее четырех часов в день,Несколько раз в неделю,Незаконченное высшее (с 3-го курса вуза) или законченное высшее,Среднее,"Работаю по договору, контракту в найме (за исключением находящихся в декретном отпуске, подрабатывающих студентов, пе...","Я работаю в КОММЕРЧЕСКОЙ организации, ее цель – получить прибыль (например, магазин, завод, фермерское хозяйство, АО/...","Финансовая и страховая деятельность, банковские услуги Включает в том числе: Банк, инвестиционный фонд, финансовая ар...",0.8308145716312948
07d009702c4ce384,Женский,58.0,Приволжский федеральный округ,Город с численностью от 100 тысяч до 500 тысяч,"Нет, домашних животных нет",,,,,,,,,,,,,,,,,,,,,,,,,,Отсутствие уборки за собаками во дворе,,,,,,,,,,,,,Ежедневно менее четырех часов в день,Несколько раз в неделю,Незаконченное высшее (с 3-го курса вуза) или законченное высшее,Среднее,Работающий пенсионер,"Я работаю в КОММЕРЧЕСКОЙ организации, ее цель – получить прибыль (например, магазин, завод, фермерское хозяйство, АО/...","Здравоохранение Включает в том числе: поликлиники, медицинские центры, больницы, стационары,  «Скорая помощь», санатории",0.8308145716312948
07cfbe621a0ce9c6,Женский,53.0,Уральский федеральный округ,Город с численностью от 100 тысяч до 500 тысяч,Породистая кошка,,,,,,,,,,,,Зоомагазины,ГрУминг-салоны (уход за животными),Ветеринарные клиники,,,,,,,,,,Не бываю с питомцем в общественных местах,,,,,,,,,,,,,,,Ежедневно менее четырех часов в день,Eжедневно менее четырех часов в день,"Среднее профессиональное (техникум, колледж, ПТУ)",Хорошее,Самозанятый,,"Сфера услуг, сервиса, бытового обслуживания Включает в том числе: Прачечная/химчистка, ремонт мебели, часов, ювелирны...",0.8535113632140844
07cfcc1cee0cefe0,Женский,58.0,Уральский федеральный округ,Город с численностью от 100 тысяч до 500 тысяч,"Нет, домашних животных нет",,,,,,,,,,,,,,,,,,,,,,,,,,Агрессивное поведение собак по отношению к другим животным,,,,,,,,,,,,,"Редко, но не менее одного раза в полгода",Не пользуюсь,"Среднее профессиональное (техникум, колледж, ПТУ)",Плохое,Неработающий пенсионер (в том числе по инвалидности),,,0.8535113632140844
07cfe799430ce51b,Женский,45.0,Уральский федеральный округ,Город с численностью от 100 тысяч до 500 тысяч,Беспородная собака,Породистая кошка,,,,,,,,,,,Зоомагазины,Ветеринарные клиники,,,,,,,,,,,Не бываю с питомцем в общественных местах,5- полностью удовлетворен,,,,,,,,,,,,,,Не смотрю,Eжедневно менее четырех часов в день,Основное общее образование: окончил 9 (раньше 8) классов,Среднее,"Работаю по договору, контракту в найме (за исключением находящихся в декретном отпуске, подрабатывающих студентов, пе...","Я работаю в КОММЕРЧЕСКОЙ организации, ее цель – получить прибыль (например, магазин, завод, фермерское хозяйство, АО/...","Торговля (оптовая, розничная, онлайн продажи; в т.ч. - недвижимость) Включает в том числе: Магазин, автосалон, аукцио...",0.8535113632140844
07cfcd504bccedc5,Женский,53.0,Уральский федеральный округ,Город с численностью от 100 тысяч до 500 тысяч,"Нет, домашних животных нет",,,,,,,,,,,,,,,,,,,,,,,,,,Громкий лай в позднее или раннее время,Отсутствие уборки за собаками во дворе,"Укусы, нападения собак на людей",,,,,,,,,,,Ежедневно менее четырех часов в день,Eжедневно менее четырех часов в день,Незаконченное высшее (с 3-го курса вуза) или законченное высшее,Плохое,"Работаю по договору, контракту в найме (за исключением находящихся в декретном отпуске, подрабатывающих студентов, пе...","Я работаю в БЮДЖЕТНОЙ организации, которая безвозмездно оказывает услуги населению (детский сад, общеобразовательная,...","Образование, наука Включает в том числе: ясли, детский сад, школа, ССУЗ, вуз, научно-исследовательские институты, центры",0.7555444651127354
07cfe26458cce9a4,Женский,45.0,Уральский федеральный округ,Город с численностью от 100 тысяч до 500 тысяч,Декоративные птицы,,,,,,,,,,,,Зоомагазины,ГрУминг-салоны (уход за животными),Специализированные урны для утилизации отходов жизнедеятельности собак,Стойки с пакетами для уборки за собаками,Специально огороженные площадки для выгула или занятий домашних животных,"Магазины, в которых можно находиться с животными",Лапомойки в доме,,,,,,"Да, часто",,,,,,,,,,,,,,,Не смотрю,Провожу в интернете более четырех часов ежедневно,Незаконченное высшее (с 3-го курса вуза) или законченное высшее,Среднее,"Предприниматель, собственник бизнеса",,"Финансовая и страховая деятельность, банковские услуги Включает в том числе: Банк, инвестиционный фонд, финансовая ар...",0.7555444651127354
07cfd24e680ce0a9,Женский,58.0,Уральский федеральный округ,Город с численностью от 100 тысяч до 500 тысяч,Другое,,,,,,,,,,,,ГрУминг-салоны (уход за животными),Зоомагазины,Ветеринарные клиники,,,,,,,,,,Нет,,,,,,,,,,,,,,,Не смотрю,Eжедневно менее четырех часов в день,Незаконченное высшее (с 3-го курса вуза) или законченное высшее,Среднее,Неработающий пенсионер (в том числе по инвалидности),,,0.7555444651127354
07cfebe5dbccee05,Женский,49.0,Уральский федеральный округ,Город с численностью от 100 тысяч до 500 тысяч,"Нет, домашних животных нет",,,,,,,,,,,,,,,,,,,,,,,,,,Отсутствие уборки за собаками во дворе,"Отсутствие уборки за собаками в доме (в лифте, в подъезде)",,,,,,,,,,,,Ежедневно менее четырех часов в день,Провожу в интернете более четырех часов ежедневно,Незаконченное высшее (с 3-го курса вуза) или законченное высшее,Плохое,"Работаю по договору, контракту в найме (за исключением находящихся в декретном отпуске, подрабатывающих студентов, пе...","Я работаю в БЮДЖЕТНОЙ организации, которая безвозмездно оказывает услуги населению (детский сад, общеобразовательная,...","Здравоохранение Включает в том числе: поликлиники, медицинские центры, больницы, стационары,  «Скорая помощь», санатории",0.7555444651127354
07cfb6b3fa0ce6dc,Женский,56.0,Сибирский федеральный округ,Город с численностью от 100 тысяч до 500 тысяч,Беспородная кошка,,,,,,,,,,,,Ветеринарные клиники,Зоомагазины,,,,,,,,,,,Не бываю с питомцем в общественных местах,,,,,,,,,,,,,,,Ежедневно менее четырех часов в день,Eжедневно менее четырех часов в день,"Среднее профессиональное (техникум, колледж, ПТУ)",Плохое,"Работаю по договору, контракту в найме (за исключением находящихся в декретном отпуске, подрабатывающих студентов, пе...","Я работаю в КОММЕРЧЕСКОЙ организации, ее цель – получить прибыль (например, магазин, завод, фермерское хозяйство, АО/...","Торговля (оптовая, розничная, онлайн продажи; в т.ч. - недвижимость) Включает в том числе: Магазин, автосалон, аукцио...",0.8512166848935403
07cfc09f98cce421,Женский,45.0,Дальневосточный федеральный округ,Город с численностью от 100 тысяч до 500 тысяч,Беспородная кошка,,,,,,,,,,,,Зоомагазины,Ветеринарные клиники,,,,,,,,,,,Нет,,,,,,,,,,,,,,,Ежедневно менее четырех часов в день,Eжедневно менее четырех часов в день,"Среднее профессиональное (техникум, колледж, ПТУ)",Среднее,(НЕ ЗАЧИТЫВАТЬ) Затрудняюсь ответить,,,0.7730327869456407
07cfa8b88c8ce6eb,Женский,58.0,Дальневосточный федеральный округ,Город с численностью от 100 тысяч до 500 тысяч,"Нет, домашних животных нет",,,,,,,,,,,,,,,,,,,,,,,,,,Ничего не беспокоило,,,,,,,,,,,,,Несколько раз в неделю,Провожу в интернете более четырех часов ежедневно,Незаконченное высшее (с 3-го курса вуза) или законченное высшее,Очень хорошее,Неработающий пенсионер (в том числе по инвалидности),,,1.0472135910181197
07cfc686b48ceaca,Женский,52.0,Дальневосточный федеральный округ,Город с численностью от 100 тысяч до 500 тысяч,Породистая собака,"Домашний скот (куры, коровы, козы и т.п.) (из другого)",,,,,,,,,,,Зоомагазины,Ветеринарные клиники,ГрУминг-салоны (уход за животными),"Магазины, в которых можно находиться с животными",Специально огороженные площадки для выгула или занятий домашних животных,,,,,,,,Нет,1 – совершенно не удовлетворен,,,,,,,,,,,,,,Ежедневно менее четырех часов в день,Eжедневно менее четырех часов в день,"Два и более высших образования, ученая степень кандидата или доктора наук",Среднее,"Работаю по договору, контракту в найме (за исключением находящихся в декретном отпуске, подрабатывающих студентов, пе...","Я работаю в БЮДЖЕТНОЙ организации, которая безвозмездно оказывает услуги населению (детский сад, общеобразовательная,...","Общественное питание, ресторанный и гостиничный бизнес Включает в том числе: Кафе, ресторан, доставка продуктов питан...",1.0472135910181197
07cfede6480ce0b4,Женский,56.0,Центральный федеральный округ,Город с численностью от 500 тысяч до 950 тысяч,Беспородная кошка,Породистая кошка,,,,,,,,,,,ГрУминг-салоны (уход за животными),Зоомагазины,"Кафе, в которых можно находиться с животными",Ветеринарные клиники,Лапомойки в доме,"Магазины, в которых можно находиться с животными",,,,,,,Не бываю с питомцем в общественных местах,,,,,,,,,,,,,,,Смотрю более четырех часов ежедневно,"Редко, но не менее одного раза в полгода","Среднее профессиональное (техникум, колледж, ПТУ)",Плохое,Работающий пенсионер,"Я работаю в КОММЕРЧЕСКОЙ организации, ее цель – получить прибыль (например, магазин, завод, фермерское хозяйство, АО/...","Торговля (оптовая, розничная, онлайн продажи; в т.ч. - недвижимость) Включает в том числе: Магазин, автосалон, аукцио...",0.7376085356834061
07cff842788cea4b,Женский,53.0,Центральный федеральный округ,Город с численностью от 500 тысяч до 950 тысяч,Породистая кошка,,,,,,,,,,,,Ветеринарные клиники,Зоомагазины,,,,,,,,,,,Нет,,,,,,,,,,,,,,,Ежедневно менее четырех часов в день,Eжедневно менее четырех часов в день,"Среднее профессиональное (техникум, колледж, ПТУ)",Среднее,"Работаю по договору, контракту в найме (за исключением находящихся в декретном отпуске, подрабатывающих студентов, пе...","Я работаю в КОММЕРЧЕСКОЙ организации, ее цель – получить прибыль (например, магазин, завод, фермерское хозяйство, АО/...","Торговля (оптовая, розничная, онлайн продажи; в т.ч. - недвижимость) Включает в том числе: Магазин, автосалон, аукцио...",0.7376085356834061
07cfe641908ce2e2,Женский,46.0,Центральный федеральный округ,Город с численностью от 500 тысяч до 950 тысяч,Беспородная кошка,,,,,,,,,,,,"Магазины, в которых можно находиться с животными",Ветеринарные клиники,Зоомагазины,Специально огороженные площадки для выгула или занятий домашних животных,,,,,,,,,Не бываю с питомцем в общественных местах,,,,,,,,,,,,,,,Смотрю более четырех часов ежедневно,Eжедневно менее четырех часов в день,"Два и более высших образования, ученая степень кандидата или доктора наук",Плохое,"Работаю по договору, контракту в найме (за исключением находящихся в декретном отпуске, подрабатывающих студентов, пе...","Я работаю в БЮДЖЕТНОЙ организации, которая безвозмездно оказывает услуги населению (детский сад, общеобразовательная,...","Средства массовой информации (в т.ч. журналистика, блогерство, реклама, СММ)  Включает в том числе: Издательство печа...",0.6701848060347956
07cffaf3644ce34b,Женский,50.0,Центральный федеральный округ,Город с численностью от 500 тысяч до 950 тысяч,Породистая кошка,,,,,,,,,,,,Ветеринарные клиники,Зоомагазины,Специально огороженные площадки для выгула или занятий домашних животных,,,,,,,,,,Не бываю с питомцем в общественных местах,,,,,,,,,,,,,,,Несколько раз в месяц,Провожу в интернете более четырех часов ежедневно,"Два и более высших образования, ученая степень кандидата или доктора наук",Среднее,"Работаю по договору, контракту в найме (за исключением находящихся в декретном отпуске, подрабатывающих студентов, пе...","Я работаю в НЕКОММЕРЧЕСКОЙ организации, которая оказывает помощь населению (благотворительные фонды, центры поддержки...",,0.6701848060347956
07d00b2d168ce940,Женский,50.0,Центральный федеральный округ,Город с численностью от 500 тысяч до 950 тысяч,Беспородная собака,Породистая собака,,,,,,,,,,,Зоомагазины,Ветеринарные клиники,,,,,,,,,,,"Да, время от времени",3,,,,,,,,,,,,,,Несколько раз в неделю,Eжедневно менее четырех часов в день,Незаконченное высшее (с 3-го курса вуза) или законченное высшее,Плохое,"Работаю по договору, контракту в найме (за исключением находящихся в декретном отпуске, подрабатывающих студентов, пе...","Я работаю в БЮДЖЕТНОЙ организации, которая безвозмездно оказывает услуги населению (детский сад, общеобразовательная,...","Образование, наука Включает в том числе: ясли, детский сад, школа, ССУЗ, вуз, научно-исследовательские институты, центры",0.6701848060347956
07cff38d014ce498,Женский,54.0,Приволжский федеральный округ,Город с численностью от 500 тысяч до 950 тысяч,Породистая собака,Породистая кошка,,,,,,,,,,,Зоомагазины,,,,,,,,,,,,Не бываю с питомцем в общественных местах,2,,,,,,,,,,,,,,Смотрю более четырех часов ежедневно,Eжедневно менее четырех часов в день,"Среднее профессиональное (техникум, колледж, ПТУ)",Среднее,"Работаю по договору, контракту в найме (за исключением находящихся в декретном отпуске, подрабатывающих студентов, пе...","Я работаю в БЮДЖЕТНОЙ организации, которая безвозмездно оказывает услуги населению (детский сад, общеобразовательная,...","Здравоохранение Включает в том числе: поликлиники, медицинские центры, больницы, стационары,  «Скорая помощь», санатории",0.7098226629084544
07cff48e0d8cea9c,Женский,53.0,Приволжский федеральный округ,Город с численностью от 500 тысяч до 950 тысяч,Беспородная кошка,,,,,,,,,,,,Зоомагазины,,,,,,,,,,,,"Да, время от времени",,,,,,,,,,,,,,,Смотрю более четырех часов ежедневно,Eжедневно менее четырех часов в день,"Среднее профессиональное (техникум, колледж, ПТУ)",Затрудняюсь ответить,"Работаю по договору, контракту в найме (за исключением находящихся в декретном отпуске, подрабатывающих студентов, пе...","Я работаю в КОММЕРЧЕСКОЙ организации, ее цель – получить прибыль (например, магазин, завод, фермерское хозяйство, АО/...","Информационные технологии, связь, интернет Включает в том числе: Программирование /создание программного обеспечения,...",0.7098226629084544
07cfdc860f8ceaa4,Женский,50.0,Приволжский федеральный округ,Город с численностью от 500 тысяч до 950 тысяч,"Нет, домашних животных нет",,,,,,,,,,,,,,,,,,,,,,,,,,Ничего не беспокоило,,,,,,,,,,,,,Не смотрю,Не пользуюсь,Незаконченное высшее (с 3-го курса вуза) или законченное высшее,Очень хорошее,"Работаю по договору, контракту в найме (за исключением находящихся в декретном отпуске, подрабатывающих студентов, пе...","Я работаю в КОММЕРЧЕСКОЙ организации, ее цель – получить прибыль (например, магазин, завод, фермерское хозяйство, АО/...","Торговля (оптовая, розничная, онлайн продажи; в т.ч. - недвижимость) Включает в том числе: Магазин, автосалон, аукцио...",0.7246227928495563
07cfc10413cce453,Женский,53.0,Уральский федеральный округ,Город с численностью от 500 тысяч до 950 тысяч,Породистая собака,,,,,,,,,,,,Зоомагазины,Ветеринарные клиники,Специально огороженные площадки для выгула или занятий домашних животных,,,,,,,,,,"Да, время от времени",3,,,,,,,,,,,,,,Не смотрю,Eжедневно менее четырех часов в день,Незаконченное высшее (с 3-го курса вуза) или законченное высшее,Плохое,"Работаю по договору, контракту в найме (за исключением находящихся в декретном отпуске, подрабатывающих студентов, пе...","Я работаю в КОММЕРЧЕСКОЙ организации, ее цель – получить прибыль (например, магазин, завод, фермерское хозяйство, АО/...","Промышленность, производство (в т.ч. добывающие, обрабатывающие отрасли, энергетика) Включает в том числе: Завод, ком...",0.6589734450095586
07cff571fb4ce17a,Женский,52.0,Уральский федеральный округ,Город с численностью от 500 тысяч до 950 тысяч,Беспородная кошка,,,,,,,,,,,,ГрУминг-салоны (уход за животными),,,,,,,,,,,,Не бываю с питомцем в общественных местах,,,,,,,,,,,,,,,Не смотрю,Провожу в интернете более четырех часов ежедневно,Незаконченное высшее (с 3-го курса вуза) или законченное высшее,Хорошее,"Работаю по договору, контракту в найме (за исключением находящихся в декретном отпуске, подрабатывающих студентов, пе...","Я работаю в БЮДЖЕТНОЙ организации, которая безвозмездно оказывает услуги населению (детский сад, общеобразовательная,...","Образование, наука Включает в том числе: ясли, детский сад, школа, ССУЗ, вуз, научно-исследовательские институты, центры",0.6589734450095586
07cfb984ba0ce9f2,Женский,46.0,Сибирский федеральный округ,Город с численностью от 500 тысяч до 950 тысяч," Мелкие животные (хомячки, морские свинки, черепашки и т.п.)",Породистая кошка,Беспородная кошка,,,,,,,,,,Зоомагазины,Ветеринарные клиники,ГрУминг-салоны (уход за животными),,,,,,,,,,Нет,,,,,,,,,,,,,,,Не смотрю,Провожу в интернете более четырех часов ежедневно,"Среднее профессиональное (техникум, колледж, ПТУ)",Среднее,"Работаю по договору, контракту в найме (за исключением находящихся в декретном отпуске, подрабатывающих студентов, пе...","Я работаю в КОММЕРЧЕСКОЙ организации, ее цель – получить прибыль (например, магазин, завод, фермерское хозяйство, АО/...","Промышленность, производство (в т.ч. добывающие, обрабатывающие отрасли, энергетика) Включает в том числе: Завод, ком...",0.7424171801857027
07cfbaa46f8ce264,Женский,53.0,Сибирский федеральный округ,Город с численностью от 500 тысяч до 950 тысяч,Породистая собака,Беспородная кошка,,,,,,,,,,,Ветеринарные клиники,"Магазины, в которых можно находиться с животными",,,,,,,,,,,Нет,1 – совершенно не удовлетворен,,,,,,,,,,,,,,Смотрю более четырех часов ежедневно,Eжедневно менее четырех часов в день,"Среднее профессиональное (техникум, колледж, ПТУ)",Хорошее,"Работаю по договору, контракту в найме (за исключением находящихся в декретном отпуске, подрабатывающих студентов, пе...","Я работаю в НЕКОММЕРЧЕСКОЙ организации, которая оказывает помощь населению (благотворительные фонды, центры поддержки...",,0.7424171801857027
07cfc269bc8ceed4,Женский,57.0,Сибирский федеральный округ,Город с численностью от 500 тысяч до 950 тысяч,Породистая собака,Породистая кошка,,,,,,,,,,,Ничего,,,,,,,,,,,,"Да, время от времени",5- полностью удовлетворен,,,,,,,,,,,,,,Несколько раз в неделю,Eжедневно менее четырех часов в день,"Среднее профессиональное (техникум, колледж, ПТУ)",Среднее,"Временно не работаю, безработный",,,0.7424171801857027
07cfe20e5c4ce083,Женский,57.0,Сибирский федеральный округ,Город с численностью от 500 тысяч до 950 тысяч,Беспородная собака,Беспородная кошка,,,,,,,,,,,Зоомагазины,,,,,,,,,,,,Не бываю с питомцем в общественных местах,1 – совершенно не удовлетворен,,,,,,,,,,,,,,Не смотрю,Провожу в интернете более четырех часов ежедневно,"Среднее профессиональное (техникум, колледж, ПТУ)",Среднее,"Работаю по договору, контракту в найме (за исключением находящихся в декретном отпуске, подрабатывающих студентов, пе...","Я работаю в БЮДЖЕТНОЙ организации, которая безвозмездно оказывает услуги населению (детский сад, общеобразовательная,...","Здравоохранение Включает в том числе: поликлиники, медицинские центры, больницы, стационары,  «Скорая помощь», санатории",0.7424171801857027
07cfc9d237ccebca,Женский,45.0,Сибирский федеральный округ,Город с численностью от 500 тысяч до 950 тысяч,Беспородная кошка,"Экзотические животные (змеи, ящерицы, обезьяны, крокодилы и пр.)",,,,,,,,,,,Ветеринарные клиники,"Магазины, в которых можно находиться с животными",,,,,,,,,,,Не бываю с питомцем в общественных местах,,,,,,,,,,,,,,,Несколько раз в месяц,Eжедневно менее четырех часов в день,Незаконченное высшее (с 3-го курса вуза) или законченное высшее,Среднее,"Предприниматель, собственник бизнеса",,"Образование, наука Включает в том числе: ясли, детский сад, школа, ССУЗ, вуз, научно-исследовательские институты, центры",0.7214342414626752
07cfdaccef4cefa5,Женский,51.0,Сибирский федеральный округ,Город с численностью от 500 тысяч до 950 тысяч,"Нет, домашних животных нет",,,,,,,,,,,,,,,,,,,,,,,,,,Выгул в неположенных местах,Громкий лай в позднее или раннее время,Отсутствие уборки за собаками во дворе,,,,,,,,,,,Несколько раз в неделю,Eжедневно менее четырех часов в день,"Два и более высших образования, ученая степень кандидата или доктора наук",Хорошее,"Работаю по договору, контракту в найме (за исключением находящихся в декретном отпуске, подрабатывающих студентов, пе...","Я работаю в КОММЕРЧЕСКОЙ организации, ее цель – получить прибыль (например, магазин, завод, фермерское хозяйство, АО/...","Образование, наука Включает в том числе: ясли, детский сад, школа, ССУЗ, вуз, научно-исследовательские институты, центры",0.7214342414626752
07cf971cd78ce671,Женский,54.0,Дальневосточный федеральный округ,Город с численностью от 500 тысяч до 950 тысяч,Беспородная кошка,,,,,,,,,,,,Зоомагазины,,,,,,,,,,,,Нет,,,,,,,,,,,,,,,Ежедневно менее четырех часов в день,Провожу в интернете более четырех часов ежедневно,"Среднее профессиональное (техникум, колледж, ПТУ)",Среднее,"Работаю по договору, контракту в найме (за исключением находящихся в декретном отпуске, подрабатывающих студентов, пе...","Я работаю в БЮДЖЕТНОЙ организации, которая безвозмездно оказывает услуги населению (детский сад, общеобразовательная,...","Образование, наука Включает в том числе: ясли, детский сад, школа, ССУЗ, вуз, научно-исследовательские институты, центры",0.6742264714266681
07cfd84024cce0f3,Женский,45.0,Дальневосточный федеральный округ,Город с численностью от 500 тысяч до 950 тысяч,Беспородная собака,,,,,,,,,,,,Зоомагазины,Ветеринарные клиники,,,,,,,,,,,"Да, часто",1 – совершенно не удовлетворен,,,,,,,,,,,,,,Ежедневно менее четырех часов в день,Eжедневно менее четырех часов в день,Незаконченное высшее (с 3-го курса вуза) или законченное высшее,Среднее,"Работаю по договору, контракту в найме (за исключением находящихся в декретном отпуске, подрабатывающих студентов, пе...","Я работаю в КОММЕРЧЕСКОЙ организации, ее цель – получить прибыль (например, магазин, завод, фермерское хозяйство, АО/...","Здравоохранение Включает в том числе: поликлиники, медицинские центры, больницы, стационары,  «Скорая помощь», санатории",0.9133624552872248
07cfe1a7ebcce389,Женский,56.0,Центральный федеральный округ,Город с численностью жителей миллион и более человек,"Нет, домашних животных нет",,,,,,,,,,,,,,,,,,,,,,,,,,Громкий лай в позднее или раннее время,,,,,,,,,,,,,Смотрю более четырех часов ежедневно,Не пользуюсь,"Среднее профессиональное (техникум, колледж, ПТУ)",Среднее,Неработающий пенсионер (в том числе по инвалидности),,,1.009993630120274
07d00d1dbd4ce38a,Женский,56.0,Центральный федеральный округ,Город с численностью жителей миллион и более человек,"Нет, домашних животных нет",,,,,,,,,,,,,,,,,,,,,,,,,,Выгул агрессивных собак без намордника,Громкий лай в позднее или раннее время,Выгул в неположенных местах,Отсутствие уборки за собаками во дворе,,,,,,,,,,Смотрю более четырех часов ежедневно,Eжедневно менее четырех часов в день,"Среднее профессиональное (техникум, колледж, ПТУ)",Среднее,(НЕ ЗАЧИТЫВАТЬ) Затрудняюсь ответить,,,1.009993630120274
07d03cc64b0ce8cf,Женский,51.0,Центральный федеральный округ,Город с численностью жителей миллион и более человек,Породистая собака,,,,,,,,,,,,Ветеринарные клиники,Зоомагазины,Специально огороженные площадки для выгула или занятий домашних животных,,,,,,,,,,Нет,5- полностью удовлетворен,,,,,,,,,,,,,,Несколько раз в неделю,Eжедневно менее четырех часов в день,"Среднее профессиональное (техникум, колледж, ПТУ)",Среднее,"Временно не работаю, безработный",,,1.009993630120274
07cfd12f41cce7bf,Женский,58.0,Центральный федеральный округ,Город с численностью жителей миллион и более человек,Породистая собака,Беспородная кошка,,,,,,,,,,,Ничего,,,,,,,,,,,,Не бываю с питомцем в общественных местах,1 – совершенно не удовлетворен,,,,,,,,,,,,,,Не смотрю,Eжедневно менее четырех часов в день,Незаконченное высшее (с 3-го курса вуза) или законченное высшее,Очень плохое,(НЕ ЗАЧИТЫВАТЬ) Затрудняюсь ответить,,,0.9911323205445343
07cfd8cccb0ceb99,Женский,49.0,Центральный федеральный округ,Город с численностью жителей миллион и более человек,Декоративные птицы,,,,,,,,,,,,Зоомагазины,"Кафе, в которых можно находиться с животными",Ветеринарные клиники,ГрУминг-салоны (уход за животными),"Магазины, в которых можно находиться с животными",,,,,,,,Не бываю с питомцем в общественных местах,,,,,,,,,,,,,,,Ежедневно менее четырех часов в день,Eжедневно менее четырех часов в день,Незаконченное высшее (с 3-го курса вуза) или законченное высшее,Среднее,Самозанятый,,Другое (укажите),0.9911323205445343
07cfe773b88ce7b6,Женский,57.0,Центральный федеральный округ,Город с численностью жителей миллион и более человек,Породистая собака,Породистая кошка,,,,,,,,,,,Лапомойки в доме,Ветеринарные клиники,"Магазины, в которых можно находиться с животными",Специализированные урны для утилизации отходов жизнедеятельности собак,ГрУминг-салоны (уход за животными),Специально огороженные площадки для выгула или занятий домашних животных,Стойки с пакетами для уборки за собаками,Зоомагазины,,,,,Нет,5- полностью удовлетворен,,,,,,,,,,,,,,Не смотрю,Провожу в интернете более четырех часов ежедневно,Незаконченное высшее (с 3-го курса вуза) или законченное высшее,Плохое,Неработающий пенсионер (в том числе по инвалидности),,,0.9911323205445343
07cff5ff2b4ce428,Женский,55.0,Центральный федеральный округ,Город с численностью жителей миллион и более человек,Породистая кошка,,,,,,,,,,,,ГрУминг-салоны (уход за животными),Стойки с пакетами для уборки за собаками,Специализированные урны для утилизации отходов жизнедеятельности собак,Зоомагазины,Специально огороженные площадки для выгула или занятий домашних животных,Ветеринарные клиники,"Магазины, в которых можно находиться с животными","Кафе, в которых можно находиться с животными",,,,,Не бываю с питомцем в общественных местах,,,,,,,,,,,,,,,Несколько раз в неделю,Несколько раз в месяц,Незаконченное высшее (с 3-го курса вуза) или законченное высшее,Среднее,Неработающий пенсионер (в том числе по инвалидности),,,0.9911323205445343
07cff9898f4ce001,Женский,53.0,Центральный федеральный округ,Город с численностью жителей миллион и более человек,Породистая кошка,Аквариумные рыбки,,,,,,,,,,,Зоомагазины,"Магазины, в которых можно находиться с животными",ГрУминг-салоны (уход за животными),Ветеринарные клиники,Специально огороженные площадки для выгула или занятий домашних животных,,,,,,,,Не бываю с питомцем в общественных местах,,,,,,,,,,,,,,,Ежедневно менее четырех часов в день,Провожу в интернете более четырех часов ежедневно,Незаконченное высшее (с 3-го курса вуза) или законченное высшее,Среднее,"Предприниматель, собственник бизнеса",,"Торговля (оптовая, розничная, онлайн продажи; в т.ч. - недвижимость) Включает в том числе: Магазин, автосалон, аукцио...",0.9911323205445343
07cff8c2420ce463,Женский,54.0,Центральный федеральный округ,Город с численностью жителей миллион и более человек,Породистая собака,,,,,,,,,,,,Ветеринарные клиники,Зоомагазины,Специально огороженные площадки для выгула или занятий домашних животных,,,,,,,,,,Нет,3,,,,,,,,,,,,,,Ежедневно менее четырех часов в день,Eжедневно менее четырех часов в день,Незаконченное высшее (с 3-го курса вуза) или законченное высшее,Среднее,"Предприниматель, собственник бизнеса",,"Торговля (оптовая, розничная, онлайн продажи; в т.ч. - недвижимость) Включает в том числе: Магазин, автосалон, аукцио...",0.9911323205445343
07d00ec0b50ce0df,Женский,58.0,Центральный федеральный округ,Город с численностью жителей миллион и более человек,Породистая кошка,,,,,,,,,,,,Зоомагазины,Ветеринарные клиники,Стойки с пакетами для уборки за собаками,ГрУминг-салоны (уход за животными),"Магазины, в которых можно находиться с животными",Специально огороженные площадки для выгула или занятий домашних животных,Специализированные урны для утилизации отходов жизнедеятельности собак,"Кафе, в которых можно находиться с животными",Лапомойки в доме,,,,"Да, время от времени",,,,,,,,,,,,,,,Смотрю более четырех часов ежедневно,Провожу в интернете более четырех часов ежедневно,"Два и более высших образования, ученая степень кандидата или доктора наук",Очень плохое,Работающий пенсионер,"Я работаю в БЮДЖЕТНОЙ организации, которая безвозмездно оказывает услуги населению (детский сад, общеобразовательная,...","Жилищно-коммунальное хозяйство Включает в том числе: водоканал, горгаз, вывоз мусора, котельная,  сортировка и перера...",0.9911323205445343
07d00ea6740ceba9,Женский,51.0,Центральный федеральный округ,Город с численностью жителей миллион и более человек,"Нет, домашних животных нет",,,,,,,,,,,,,,,,,,,,,,,,,,Ничего не беспокоило,,,,,,,,,,,,,Не смотрю,Провожу в интернете более четырех часов ежедневно,Незаконченное высшее (с 3-го курса вуза) или законченное высшее,Среднее,"Временно не работаю, безработный",,,0.9911323205445343
07d01023188ce5f7,Женский,54.0,Центральный федеральный округ,Город с численностью жителей миллион и более человек,Породистая кошка,,,,,,,,,,,,Зоомагазины,ГрУминг-салоны (уход за животными),"Магазины, в которых можно находиться с животными",Ветеринарные клиники,Специально огороженные площадки для выгула или занятий домашних животных,,,,,,,,Не бываю с питомцем в общественных местах,,,,,,,,,,,,,,,Смотрю более четырех часов ежедневно,Провожу в интернете более четырех часов ежедневно,Незаконченное высшее (с 3-го курса вуза) или законченное высшее,Среднее,Работающий пенсионер,"Я работаю в БЮДЖЕТНОЙ организации, которая безвозмездно оказывает услуги населению (детский сад, общеобразовательная,...","Образование, наука Включает в том числе: ясли, детский сад, школа, ССУЗ, вуз, научно-исследовательские институты, центры",0.9911323205445343
07d011a5964cecca,Женский,57.0,Центральный федеральный округ,Город с численностью жителей миллион и более человек,Породистая собака,Породистая кошка,,,,,,,,,,,Специально огороженные площадки для выгула или занятий домашних животных,Ветеринарные клиники,Зоомагазины,,,,,,,,,,Нет,1 – совершенно не удовлетворен,,,,,,,,,,,,,,Несколько раз в месяц,Eжедневно менее четырех часов в день,Незаконченное высшее (с 3-го курса вуза) или законченное высшее,Хорошее,Неработающий пенсионер (в том числе по инвалидности),,,0.9911323205445343
07d011402dcce8f7,Женский,45.0,Центральный федеральный округ,Город с численностью жителей миллион и более человек,"Нет, домашних животных нет",,,,,,,,,,,,,,,,,,,,,,,,,,Громкий лай в позднее или раннее время,Отсутствие уборки за собаками во дворе,,,,,,,,,,,,"Редко, но не менее одного раза в полгода",Провожу в интернете более четырех часов ежедневно,Незаконченное высшее (с 3-го курса вуза) или законченное высшее,Хорошее,"Работаю по договору, контракту в найме (за исключением находящихся в декретном отпуске, подрабатывающих студентов, пе...","Я работаю в КОММЕРЧЕСКОЙ организации, ее цель – получить прибыль (например, магазин, завод, фермерское хозяйство, АО/...","Средства массовой информации (в т.ч. журналистика, блогерство, реклама, СММ)  Включает в том числе: Издательство печа...",0.9911323205445343
07d01831cd4cea23,Женский,48.0,Центральный федеральный округ,Город с численностью жителей миллион и более человек,"Нет, домашних животных нет",,,,,,,,,,,,,,,,,,,,,,,,,,Ничего не беспокоило,,,,,,,,,,,,,"Редко, но не менее одного раза в полгода",Eжедневно менее четырех часов в день,Незаконченное высшее (с 3-го курса вуза) или законченное высшее,Среднее,Самозанятый,,Другое (укажите),0.9911323205445343
07d01ead038ce21a,Женский,49.0,Центральный федеральный округ,Город с численностью жителей миллион и более человек,"Нет, домашних животных нет",,,,,,,,,,,,,,,,,,,,,,,,,,Выгул в неположенных местах,Выгул агрессивных собак без намордника,Отсутствие уборки за собаками во дворе,Самовыгул собак (без поводка),Выгул собак на длинном поводке,Агрессивное поведение собак по отношению к другим животным,"Отсутствие уборки за собаками в доме (в лифте, в подъезде)",,,,,,,Несколько раз в месяц,Eжедневно менее четырех часов в день,"Два и более высших образования, ученая степень кандидата или доктора наук",Среднее,"Работаю по договору, контракту в найме (за исключением находящихся в декретном отпуске, подрабатывающих студентов, пе...","Я работаю в КОММЕРЧЕСКОЙ организации, ее цель – получить прибыль (например, магазин, завод, фермерское хозяйство, АО/...","Финансовая и страховая деятельность, банковские услуги Включает в том числе: Банк, инвестиционный фонд, финансовая ар...",0.9911323205445343
07d02853850ce6b6,Женский,47.0,Центральный федеральный округ,Город с численностью жителей миллион и более человек,Породистая собака,Беспородная кошка,Аквариумные рыбки,,,,,,,,,,Специально огороженные площадки для выгула или занятий домашних животных,"Кафе, в которых можно находиться с животными",Ветеринарные клиники,ГрУминг-салоны (уход за животными),Лапомойки в доме,Зоомагазины,"Магазины, в которых можно находиться с животными",,,,,,"Да, время от времени",3,,,,,,,,,,,,,,Не смотрю,Eжедневно менее четырех часов в день,Незаконченное высшее (с 3-го курса вуза) или законченное высшее,Плохое,"Работаю по договору, контракту в найме (за исключением находящихся в декретном отпуске, подрабатывающих студентов, пе...","Я работаю в КОММЕРЧЕСКОЙ организации, ее цель – получить прибыль (например, магазин, завод, фермерское хозяйство, АО/...","Торговля (оптовая, розничная, онлайн продажи; в т.ч. - недвижимость) Включает в том числе: Магазин, автосалон, аукцио...",0.9911323205445343
07d02941dacce26a,Женский,47.0,Центральный федеральный округ,Город с численностью жителей миллион и более человек,Затрудняюсь ответить,,,,,,,,,,,,,,,,,,,,,,,,,,Ничего не беспокоило,,,,,,,,,,,,,Не смотрю,Провожу в интернете более четырех часов ежедневно,Незаконченное высшее (с 3-го курса вуза) или законченное высшее,Хорошее,"Предприниматель, собственник бизнеса",,"Социальные услуги, социальное обеспечение Включает в том числе: собес, пенсионный фонд, реабилитационный центр, центр...",0.9911323205445343
07d02db8eb4ce4bb,Женский,58.0,Центральный федеральный округ,Город с численностью жителей миллион и более человек,"Нет, домашних животных нет",,,,,,,,,,,,,,,,,,,,,,,,,,Ничего не беспокоило,,,,,,,,,,,,,Ежедневно менее четырех часов в день,Eжедневно менее четырех часов в день,Незаконченное высшее (с 3-го курса вуза) или законченное высшее,Среднее,Неработающий пенсионер (в том числе по инвалидности),,,0.9911323205445343
07d0113e994ce88e,Женский,55.0,Центральный федеральный округ,Город с численностью жителей миллион и более человек,Беспородная кошка,,,,,,,,,,,,Ветеринарные клиники,Специально огороженные площадки для выгула или занятий домашних животных,Специализированные урны для утилизации отходов жизнедеятельности собак,"Магазины, в которых можно находиться с животными",,,,,,,,,Нет,,,,,,,,,,,,,,,Ежедневно менее четырех часов в день,Eжедневно менее четырех часов в день,Незаконченное высшее (с 3-го курса вуза) или законченное высшее,Среднее,Самозанятый,,Другое (укажите),0.9911323205445343
07cfdb98034ce711,Женский,56.0,Центральный федеральный округ,Город с численностью жителей миллион и более человек,Беспородная кошка,,,,,,,,,,,,Ветеринарные клиники,Зоомагазины,ГрУминг-салоны (уход за животными),,,,,,,,,,Нет,,,,,,,,,,,,,,,Ежедневно менее четырех часов в день,Eжедневно менее четырех часов в день,"Среднее профессиональное (техникум, колледж, ПТУ)",Среднее,"Временно не работаю, безработный",,,0.886054633854853
07cfff38250ce7ef,Женский,55.0,Северо-Западный федеральный округ,Город с численностью жителей миллион и более человек,Беспородная кошка,,,,,,,,,,,,Зоомагазины,Ветеринарные клиники,,,,,,,,,,,Нет,,,,,,,,,,,,,,,Ежедневно менее четырех часов в день,Eжедневно менее четырех часов в день,Среднее общее (10 или 11 классов школы с аттестатом),Среднее,Самозанятый,,Затрудняюсь ответить,0.8297293242547839
07d00eba8c4cef3a,Женский,56.0,Северо-Западный федеральный округ,Город с численностью жителей миллион и более человек,"Нет, домашних животных нет",,,,,,,,,,,,,,,,,,,,,,,,,,Ничего не беспокоило,,,,,,,,,,,,,Несколько раз в месяц,Eжедневно менее четырех часов в день,"Среднее профессиональное (техникум, колледж, ПТУ)",Среднее,"Работаю по договору, контракту в найме (за исключением находящихся в декретном отпуске, подрабатывающих студентов, пе...","Я работаю в КОММЕРЧЕСКОЙ организации, ее цель – получить прибыль (например, магазин, завод, фермерское хозяйство, АО/...","Сфера услуг, сервиса, бытового обслуживания Включает в том числе: Прачечная/химчистка, ремонт мебели, часов, ювелирны...",0.8297293242547839
07cfdeb4cf8cec9d,Женский,47.0,Северо-Западный федеральный округ,Город с численностью жителей миллион и более человек,Беспородная кошка,,,,,,,,,,,,Ветеринарные клиники,ГрУминг-салоны (уход за животными),Стойки с пакетами для уборки за собаками,"Магазины, в которых можно находиться с животными",Зоомагазины,,,,,,,,Не бываю с питомцем в общественных местах,,,,,,,,,,,,,,,Несколько раз в месяц,Eжедневно менее четырех часов в день,Незаконченное высшее (с 3-го курса вуза) или законченное высшее,Хорошее,"Временно не работаю, безработный",,,0.8142343932154911
07cfe838a58ce41e,Женский,48.0,Северо-Западный федеральный округ,Город с численностью жителей миллион и более человек,Породистая собака,Беспородная кошка,,,,,,,,,,,"Магазины, в которых можно находиться с животными",Зоомагазины,Ветеринарные клиники,Специально огороженные площадки для выгула или занятий домашних животных,ГрУминг-салоны (уход за животными),,,,,,,,Нет,4,,,,,,,,,,,,,,Не смотрю,Eжедневно менее четырех часов в день,Незаконченное высшее (с 3-го курса вуза) или законченное высшее,Среднее,"Работаю по договору, контракту в найме (за исключением находящихся в декретном отпуске, подрабатывающих студентов, пе...","Я работаю в КОММЕРЧЕСКОЙ организации, ее цель – получить прибыль (например, магазин, завод, фермерское хозяйство, АО/...","Информационные технологии, связь, интернет Включает в том числе: Программирование /создание программного обеспечения,...",0.8142343932154911
07cfe83f0ccce695,Женский,57.0,Северо-Западный федеральный округ,Город с численностью жителей миллион и более человек,"Нет, домашних животных нет",,,,,,,,,,,,,,,,,,,,,,,,,,Ничего не беспокоило,,,,,,,,,,,,,Не смотрю,Провожу в интернете более четырех часов ежедневно,Незаконченное высшее (с 3-го курса вуза) или законченное высшее,Плохое,Неработающий пенсионер (в том числе по инвалидности),,,0.8142343932154911
07cff546228ce562,Женский,50.0,Северо-Западный федеральный округ,Город с численностью жителей миллион и более человек,Породистая собака,Беспородная собака,,,,,,,,,,,Ветеринарные клиники,ГрУминг-салоны (уход за животными),"Магазины, в которых можно находиться с животными",Зоомагазины,,,,,,,,,"Да, время от времени",2,,,,,,,,,,,,,,Не смотрю,Eжедневно менее четырех часов в день,Незаконченное высшее (с 3-го курса вуза) или законченное высшее,Среднее,"Работаю по договору, контракту в найме (за исключением находящихся в декретном отпуске, подрабатывающих студентов, пе...","Я работаю в НЕКОММЕРЧЕСКОЙ организации, которая оказывает помощь населению (благотворительные фонды, центры поддержки...",,0.8142343932154911
07d02b1f77cce148,Женский,47.0,Северо-Западный федеральный округ,Город с численностью жителей миллион и более человек,Породистая кошка,,,,,,,,,,,,Ничего,,,,,,,,,,,,"Да, время от времени",,,,,,,,,,,,,,,Ежедневно менее четырех часов в день,Eжедневно менее четырех часов в день,"Два и более высших образования, ученая степень кандидата или доктора наук",Среднее,Неработающий пенсионер (в том числе по инвалидности),,,0.8142343932154911
07d02c58c50ce7e9,Женский,46.0,Северо-Западный федеральный округ,Город с численностью жителей миллион и более человек,Породистая кошка,Беспородная кошка,,,,,,,,,,,Зоомагазины,Ветеринарные клиники,,,,,,,,,,,Нет,,,,,,,,,,,,,,,Не смотрю,Провожу в интернете более четырех часов ежедневно,Незаконченное высшее (с 3-го курса вуза) или законченное высшее,Плохое,"Работаю по договору, контракту в найме (за исключением находящихся в декретном отпуске, подрабатывающих студентов, пе...","Я работаю в КОММЕРЧЕСКОЙ организации, ее цель – получить прибыль (например, магазин, завод, фермерское хозяйство, АО/...",Другое (укажите),0.8142343932154911
07d01d83ba8ceb96,Женский,58.0,Южный федеральный округ,Город с численностью жителей миллион и более человек,Беспородная кошка,,,,,,,,,,,,Специально огороженные площадки для выгула или занятий домашних животных,,,,,,,,,,,,Не бываю с питомцем в общественных местах,,,,,,,,,,,,,,,Несколько раз в неделю,Eжедневно менее четырех часов в день,"Среднее профессиональное (техникум, колледж, ПТУ)",Среднее,"Работаю по договору, контракту в найме (за исключением находящихся в декретном отпуске, подрабатывающих студентов, пе...",Затрудняюсь ответить/ отказ от ответа,"Сфера услуг, сервиса, бытового обслуживания Включает в том числе: Прачечная/химчистка, ремонт мебели, часов, ювелирны...",0.8722668523361605
07d0257006cce20a,Женский,49.0,Южный федеральный округ,Город с численностью жителей миллион и более человек,"Нет, домашних животных нет",,,,,,,,,,,,,,,,,,,,,,,,,,Отсутствие уборки за собаками во дворе,,,,,,,,,,,,,Смотрю более четырех часов ежедневно,Провожу в интернете более четырех часов ежедневно,"Среднее профессиональное (техникум, колледж, ПТУ)",Среднее,"Работаю по договору, контракту в найме (за исключением находящихся в декретном отпуске, подрабатывающих студентов, пе...","Я работаю в КОММЕРЧЕСКОЙ организации, ее цель – получить прибыль (например, магазин, завод, фермерское хозяйство, АО/...","Промышленность, производство (в т.ч. добывающие, обрабатывающие отрасли, энергетика) Включает в том числе: Завод, ком...",0.8722668523361605
07d011a770cced9c,Женский,45.0,Южный федеральный округ,Город с численностью жителей миллион и более человек,"Нет, домашних животных нет",,,,,,,,,,,,,,,,,,,,,,,,,,Ничего не беспокоило,,,,,,,,,,,,,Ежедневно менее четырех часов в день,Провожу в интернете более четырех часов ежедневно,"Два и более высших образования, ученая степень кандидата или доктора наук",Плохое,"Временно не работаю, безработный",,,0.8384054540306906
07d01a393e0ce544,Женский,57.0,Южный федеральный округ,Город с численностью жителей миллион и более человек,"Нет, домашних животных нет",,,,,,,,,,,,,,,,,,,,,,,,,,Выгул в неположенных местах,,,,,,,,,,,,,Ежедневно менее четырех часов в день,Провожу в интернете более четырех часов ежедневно,Незаконченное высшее (с 3-го курса вуза) или законченное высшее,Хорошее,"Работаю по договору, контракту в найме (за исключением находящихся в декретном отпуске, подрабатывающих студентов, пе...","Я работаю в КОММЕРЧЕСКОЙ организации, ее цель – получить прибыль (например, магазин, завод, фермерское хозяйство, АО/...","Финансовая и страховая деятельность, банковские услуги Включает в том числе: Банк, инвестиционный фонд, финансовая ар...",0.8384054540306906
07cfe39fb70ce5d9,Женский,50.0,Приволжский федеральный округ,Город с численностью жителей миллион и более человек,Породистая собака,,,,,,,,,,,,Ветеринарные клиники,ГрУминг-салоны (уход за животными),Зоомагазины,,,,,,,,,,"Да, время от времени",5- полностью удовлетворен,,,,,,,,,,,,,,Ежедневно менее четырех часов в день,Eжедневно менее четырех часов в день,Среднее общее (10 или 11 классов школы с аттестатом),Среднее,Работающий пенсионер,"Я работаю в БЮДЖЕТНОЙ организации, которая безвозмездно оказывает услуги населению (детский сад, общеобразовательная,...","Общественное питание, ресторанный и гостиничный бизнес Включает в том числе: Кафе, ресторан, доставка продуктов питан...",0.8526767645150735
07cfe453924ced38,Женский,57.0,Приволжский федеральный округ,Город с численностью жителей миллион и более человек,"Нет, домашних животных нет",,,,,,,,,,,,,,,,,,,,,,,,,,Выгул агрессивных собак без намордника,Выгул в неположенных местах,,,,,,,,,,,,Несколько раз в неделю,Несколько раз в неделю,"Среднее профессиональное (техникум, колледж, ПТУ)",Среднее,"Работаю по договору, контракту в найме (за исключением находящихся в декретном отпуске, подрабатывающих студентов, пе...","Я работаю в БЮДЖЕТНОЙ организации, которая безвозмездно оказывает услуги населению (детский сад, общеобразовательная,...","Здравоохранение Включает в том числе: поликлиники, медицинские центры, больницы, стационары,  «Скорая помощь», санатории",0.8526767645150735
07cfe6b819cce215,Женский,51.0,Приволжский федеральный округ,Город с численностью жителей миллион и более человек,Беспородная кошка,,,,,,,,,,,,Специализированные урны для утилизации отходов жизнедеятельности собак,Лапомойки в доме,Зоомагазины,Специально огороженные площадки для выгула или занятий домашних животных,Стойки с пакетами для уборки за собаками,"Кафе, в которых можно находиться с животными",Ветеринарные клиники,ГрУминг-салоны (уход за животными),"Магазины, в которых можно находиться с животными",,,,Нет,,,,,,,,,,,,,,,Смотрю более четырех часов ежедневно,"Редко, но не менее одного раза в полгода","Среднее профессиональное (техникум, колледж, ПТУ)",Очень хорошее,Работающий пенсионер,Затрудняюсь ответить/ отказ от ответа,"Здравоохранение Включает в том числе: поликлиники, медицинские центры, больницы, стационары,  «Скорая помощь», санатории",0.8526767645150735
07cff04ea8ccea1d,Женский,50.0,Приволжский федеральный округ,Город с численностью жителей миллион и более человек,Декоративные птицы,Аквариумные рыбки,,,,,,,,,,,Специально огороженные площадки для выгула или занятий домашних животных,,,,,,,,,,,,Не бываю с питомцем в общественных местах,,,,,,,,,,,,,,,Смотрю более четырех часов ежедневно,Не пользуюсь,"Среднее профессиональное (техникум, колледж, ПТУ)",Хорошее,"Временно не работаю, безработный",,,0.8526767645150735
07cfe058cb0ced3c,Женский,51.0,Приволжский федеральный округ,Город с численностью жителей миллион и более человек,Породистая собака,,,,,,,,,,,,Зоомагазины,"Магазины, в которых можно находиться с животными",Ветеринарные клиники,ГрУминг-салоны (уход за животными),,,,,,,,,Нет,1 – совершенно не удовлетворен,,,,,,,,,,,,,,Не смотрю,Eжедневно менее четырех часов в день,"Два и более высших образования, ученая степень кандидата или доктора наук",Среднее,"Предприниматель, собственник бизнеса",,"Промышленность, производство (в т.ч. добывающие, обрабатывающие отрасли, энергетика) Включает в том числе: Завод, ком...",0.8704554683688963
07cfe0b1a0cce7fe,Женский,46.0,Приволжский федеральный округ,Город с численностью жителей миллион и более человек,Декоративные птицы,,,,,,,,,,,,Ветеринарные клиники,,,,,,,,,,,,Нет,,,,,,,,,,,,,,,Ежедневно менее четырех часов в день,Провожу в интернете более четырех часов ежедневно,Незаконченное высшее (с 3-го курса вуза) или законченное высшее,Плохое,"Временно не работаю, безработный",,,0.8704554683688963
07cfe4b84c4ced87,Женский,57.0,Приволжский федеральный округ,Город с численностью жителей миллион и более человек,"Нет, домашних животных нет",,,,,,,,,,,,,,,,,,,,,,,,,,Ничего не беспокоило,,,,,,,,,,,,,Ежедневно менее четырех часов в день,Eжедневно менее четырех часов в день,Незаконченное высшее (с 3-го курса вуза) или законченное высшее,Плохое,"Временно не работаю, безработный",,,0.8704554683688963
07cfe42f8a8ce119,Женский,56.0,Приволжский федеральный округ,Город с численностью жителей миллион и более человек,"Нет, домашних животных нет",,,,,,,,,,,,,,,,,,,,,,,,,,"Укусы, нападения собак на людей","Отсутствие уборки за собаками в доме (в лифте, в подъезде)",,,,,,,,,,,,Не смотрю,Eжедневно менее четырех часов в день,Незаконченное высшее (с 3-го курса вуза) или законченное высшее,Среднее,"Работаю по договору, контракту в найме (за исключением находящихся в декретном отпуске, подрабатывающих студентов, пе...","Я работаю в НЕКОММЕРЧЕСКОЙ организации, которая оказывает помощь населению (благотворительные фонды, центры поддержки...",,0.8704554683688963
07cff83da40ce8fa,Женский,45.0,Приволжский федеральный округ,Город с численностью жителей миллион и более человек," Мелкие животные (хомячки, морские свинки, черепашки и т.п.)",,,,,,,,,,,,Зоомагазины,Специально огороженные площадки для выгула или занятий домашних животных,,,,,,,,,,,Нет,,,,,,,,,,,,,,,Не смотрю,Eжедневно менее четырех часов в день,Незаконченное высшее (с 3-го курса вуза) или законченное высшее,Среднее,"Работаю по договору, контракту в найме (за исключением находящихся в декретном отпуске, подрабатывающих студентов, пе...","Я работаю в КОММЕРЧЕСКОЙ организации, ее цель – получить прибыль (например, магазин, завод, фермерское хозяйство, АО/...",Другое (укажите),0.8704554683688963
07cffa9ad64ce362,Женский,51.0,Приволжский федеральный округ,Город с численностью жителей миллион и более человек,"Нет, домашних животных нет",,,,,,,,,,,,,,,,,,,,,,,,,,Ничего не беспокоило,,,,,,,,,,,,,Ежедневно менее четырех часов в день,Eжедневно менее четырех часов в день,Незаконченное высшее (с 3-го курса вуза) или законченное высшее,Хорошее,"Работаю по договору, контракту в найме (за исключением находящихся в декретном отпуске, подрабатывающих студентов, пе...","Я работаю в НЕКОММЕРЧЕСКОЙ организации, которая оказывает помощь населению (благотворительные фонды, центры поддержки...",,0.8704554683688963
07d00e22a78ce3c4,Женский,47.0,Приволжский федеральный округ,Город с численностью жителей миллион и более человек,Породистая собака,,,,,,,,,,,,Зоомагазины,"Магазины, в которых можно находиться с животными",Ветеринарные клиники,,,,,,,,,,Нет,4,,,,,,,,,,,,,,Ежедневно менее четырех часов в день,Провожу в интернете более четырех часов ежедневно,"Два и более высших образования, ученая степень кандидата или доктора наук",Хорошее,"Работаю по договору, контракту в найме (за исключением находящихся в декретном отпуске, подрабатывающих студентов, пе...","Я работаю в НЕКОММЕРЧЕСКОЙ организации, которая оказывает помощь населению (благотворительные фонды, центры поддержки...",,0.8704554683688963
07cfbf2bf2ccee83,Женский,49.0,Уральский федеральный округ,Город с численностью жителей миллион и более человек,Аквариумные рыбки,Беспородная кошка,Породистая собака,,,,,,,,,,"Магазины, в которых можно находиться с животными",Ветеринарные клиники,"Кафе, в которых можно находиться с животными",ГрУминг-салоны (уход за животными),Специально огороженные площадки для выгула или занятий домашних животных,Лапомойки в доме,Зоомагазины,,,,,,"Да, время от времени",4,,,,,,,,,,,,,,Несколько раз в месяц,Провожу в интернете более четырех часов ежедневно,"Среднее профессиональное (техникум, колледж, ПТУ)",Среднее,"Работаю по договору, контракту в найме (за исключением находящихся в декретном отпуске, подрабатывающих студентов, пе...","Я работаю в КОММЕРЧЕСКОЙ организации, ее цель – получить прибыль (например, магазин, завод, фермерское хозяйство, АО/...","Жилищно-коммунальное хозяйство Включает в том числе: водоканал, горгаз, вывоз мусора, котельная,  сортировка и перера...",0.8942351985545092
07cfca9d540cec85,Женский,57.0,Уральский федеральный округ,Город с численностью жителей миллион и более человек,Беспородная собака,Беспородная кошка,,,,,,,,,,,Зоомагазины,Ветеринарные клиники,,,,,,,,,,,Нет,1 – совершенно не удовлетворен,,,,,,,,,,,,,,Несколько раз в неделю,Eжедневно менее четырех часов в день,"Среднее профессиональное (техникум, колледж, ПТУ)",Среднее,Самозанятый,,"Сфера услуг, сервиса, бытового обслуживания Включает в том числе: Прачечная/химчистка, ремонт мебели, часов, ювелирны...",0.8942351985545092
07cfcf4cca8cef26,Женский,59.0,Уральский федеральный округ,Город с численностью жителей миллион и более человек,Породистая собака,,,,,,,,,,,,Зоомагазины,Лапомойки в доме,"Магазины, в которых можно находиться с животными",Специально огороженные площадки для выгула или занятий домашних животных,"Кафе, в которых можно находиться с животными",Ветеринарные клиники,ГрУминг-салоны (уход за животными),,,,,,Нет,5- полностью удовлетворен,,,,,,,,,,,,,,Ежедневно менее четырех часов в день,Провожу в интернете более четырех часов ежедневно,Среднее общее (10 или 11 классов школы с аттестатом),Среднее,Самозанятый,,"Строительство Включает в том числе: архитектура, проектирование, дизайн интерьера",0.8942351985545092
07cfc6a3caccefd0,Женский,56.0,Уральский федеральный округ,Город с численностью жителей миллион и более человек,Беспородная собака,,,,,,,,,,,,"Магазины, в которых можно находиться с животными",Ветеринарные клиники,Зоомагазины,,,,,,,,,,Не бываю с питомцем в общественных местах,2,,,,,,,,,,,,,,Ежедневно менее четырех часов в день,Eжедневно менее четырех часов в день,Незаконченное высшее (с 3-го курса вуза) или законченное высшее,Среднее,Работающий пенсионер,"Я работаю в БЮДЖЕТНОЙ организации, которая безвозмездно оказывает услуги населению (детский сад, общеобразовательная,...","Образование, наука Включает в том числе: ясли, детский сад, школа, ССУЗ, вуз, научно-исследовательские институты, центры",0.7915939774165375
07cfcaa868cceec6,Женский,51.0,Уральский федеральный округ,Город с численностью жителей миллион и более человек,Породистая собака,Беспородная кошка,,,,,,,,,,,Ветеринарные клиники,Зоомагазины,ГрУминг-салоны (уход за животными),Специально огороженные площадки для выгула или занятий домашних животных,,,,,,,,,"Да, время от времени",Затрудняюсь ответить,,,,,,,,,,,,,,Несколько раз в месяц,Eжедневно менее четырех часов в день,Незаконченное высшее (с 3-го курса вуза) или законченное высшее,Плохое,"Работаю по договору, контракту в найме (за исключением находящихся в декретном отпуске, подрабатывающих студентов, пе...","Я работаю в БЮДЖЕТНОЙ организации, которая безвозмездно оказывает услуги населению (детский сад, общеобразовательная,...","Здравоохранение Включает в том числе: поликлиники, медицинские центры, больницы, стационары,  «Скорая помощь», санатории",0.7915939774165375
07cfe46e4b4ce6f6,Женский,45.0,Уральский федеральный округ,Город с численностью жителей миллион и более человек,Породистая собака,Беспородная собака,Беспородная кошка,,,,,,,,,,Зоомагазины,Ветеринарные клиники,,,,,,,,,,,"Да, время от времени",1 – совершенно не удовлетворен,,,,,,,,,,,,,,Не смотрю,Провожу в интернете более четырех часов ежедневно,"Два и более высших образования, ученая степень кандидата или доктора наук",Среднее,"Работаю по договору, контракту в найме (за исключением находящихся в декретном отпуске, подрабатывающих студентов, пе...","Я работаю в КОММЕРЧЕСКОЙ организации, ее цель – получить прибыль (например, магазин, завод, фермерское хозяйство, АО/...","Торговля (оптовая, розничная, онлайн продажи; в т.ч. - недвижимость) Включает в том числе: Магазин, автосалон, аукцио...",0.7915939774165375
07cfbd81d30ce54b,Женский,46.0,Сибирский федеральный округ,Город с численностью жителей миллион и более человек,Беспородная кошка,Породистая кошка,,,,,,,,,,,Ветеринарные клиники,Специально огороженные площадки для выгула или занятий домашних животных,Зоомагазины,,,,,,,,,,Нет,,,,,,,,,,,,,,,Не смотрю,Провожу в интернете более четырех часов ежедневно,"Среднее профессиональное (техникум, колледж, ПТУ)",Плохое,"Нахожусь в декретном отпуске, отпуске по уходу за ребенком",,,0.8918310335813998
07cfe6c3a34ce561,Женский,49.0,Сибирский федеральный округ,Город с численностью жителей миллион и более человек,Породистая кошка,,,,,,,,,,,,"Магазины, в которых можно находиться с животными",Зоомагазины,Ветеринарные клиники,,,,,,,,,,Нет,,,,,,,,,,,,,,,Смотрю более четырех часов ежедневно,Провожу в интернете более четырех часов ежедневно,"Среднее профессиональное (техникум, колледж, ПТУ)",Очень хорошее,"Работаю по договору, контракту в найме (за исключением находящихся в декретном отпуске, подрабатывающих студентов, пе...","Я работаю в КОММЕРЧЕСКОЙ организации, ее цель – получить прибыль (например, магазин, завод, фермерское хозяйство, АО/...","Торговля (оптовая, розничная, онлайн продажи; в т.ч. - недвижимость) Включает в том числе: Магазин, автосалон, аукцио...",0.8918310335813998
07cfd040138ce64d,Женский,49.0,Сибирский федеральный округ,Город с численностью жителей миллион и более человек,Породистая собака,Породистая кошка,,,,,,,,,,,Ветеринарные клиники,ГрУминг-салоны (уход за животными),"Магазины, в которых можно находиться с животными",,,,,,,,,,"Да, время от времени",3,,,,,,,,,,,,,,Ежедневно менее четырех часов в день,Провожу в интернете более четырех часов ежедневно,Незаконченное высшее (с 3-го курса вуза) или законченное высшее,Среднее,Самозанятый,,"Сельское, лесное хозяйство, охота, рыболовство и рыбоводство Включает в том числе: Фермерское хозяйство, скотобойни, ...",0.8666252107255069
07cfd67dbfcce283,Женский,45.0,Сибирский федеральный округ,Город с численностью жителей миллион и более человек,Породистая собака,,,,,,,,,,,,Зоомагазины,Специально огороженные площадки для выгула или занятий домашних животных,ГрУминг-салоны (уход за животными),Ветеринарные клиники,,,,,,,,,"Да, время от времени",5- полностью удовлетворен,,,,,,,,,,,,,,Не смотрю,Eжедневно менее четырех часов в день,Незаконченное высшее (с 3-го курса вуза) или законченное высшее,Хорошее,"Работаю по договору, контракту в найме (за исключением находящихся в декретном отпуске, подрабатывающих студентов, пе...","Я работаю в КОММЕРЧЕСКОЙ организации, ее цель – получить прибыль (например, магазин, завод, фермерское хозяйство, АО/...","Строительство Включает в том числе: архитектура, проектирование, дизайн интерьера",0.8666252107255069
07cfdf86b8cceb58,Женский,49.0,Сибирский федеральный округ,Город с численностью жителей миллион и более человек,"Нет, домашних животных нет",,,,,,,,,,,,,,,,,,,,,,,,,,Выгул в неположенных местах,,,,,,,,,,,,,Не смотрю,Несколько раз в неделю,Незаконченное высшее (с 3-го курса вуза) или законченное высшее,Среднее,Работающий пенсионер,"Я работаю в КОММЕРЧЕСКОЙ организации, ее цель – получить прибыль (например, магазин, завод, фермерское хозяйство, АО/...","Торговля (оптовая, розничная, онлайн продажи; в т.ч. - недвижимость) Включает в том числе: Магазин, автосалон, аукцио...",0.8666252107255069
07cfea42b3ccec92,Женский,45.0,Сибирский федеральный округ,Город с численностью жителей миллион и более человек,"Нет, домашних животных нет",,,,,,,,,,,,,,,,,,,,,,,,,,Ничего не беспокоило,,,,,,,,,,,,,"Редко, но не менее одного раза в полгода",Несколько раз в месяц,Незаконченное высшее (с 3-го курса вуза) или законченное высшее,Среднее,"Работаю по договору, контракту в найме (за исключением находящихся в декретном отпуске, подрабатывающих студентов, пе...","Я работаю в БЮДЖЕТНОЙ организации, которая безвозмездно оказывает услуги населению (детский сад, общеобразовательная,...",Отказ от ответа,0.8666252107255069
07d00bc9594ce21b,Женский,89.0,Центральный федеральный округ,Село,"Нет, домашних животных нет",,,,,,,,,,,,,,,,,,,,,,,,,,Ничего не беспокоило,,,,,,,,,,,,,Ежедневно менее четырех часов в день,Не пользуюсь,Незаконченное высшее (с 3-го курса вуза) или законченное высшее,Среднее,Неработающий пенсионер (в том числе по инвалидности),,,1.7863475805168183
07d0166dac8ce765,Женский,60.0,Центральный федеральный округ,Село,Беспородная кошка,,,,,,,,,,,,Ветеринарные клиники,Зоомагазины,,,,,,,,,,,Не бываю с питомцем в общественных местах,,,,,,,,,,,,,,,Не смотрю,Провожу в интернете более четырех часов ежедневно,Незаконченное высшее (с 3-го курса вуза) или законченное высшее,Среднее,Неработающий пенсионер (в том числе по инвалидности),,,1.7863475805168183
07cfd72247ccef2b,Женский,69.0,Центральный федеральный округ,Село,Беспородная кошка,Беспородная собака,,,,,,,,,,,Ничего,,,,,,,,,,,,Нет,5- полностью удовлетворен,,,,,,,,,,,,,,Ежедневно менее четырех часов в день,Eжедневно менее четырех часов в день,Среднее общее (10 или 11 классов школы с аттестатом),Хорошее,Неработающий пенсионер (в том числе по инвалидности),,,1.5969629065498856
07cfd67ca58ce1cd,Женский,72.0,Центральный федеральный округ,Село,"Домашний скот (куры, коровы, козы и т.п.) (из другого)",,,,,,,,,,,,Зоомагазины,Ветеринарные клиники,,,,,,,,,,,Нет,,,,,,,,,,,,,,,Ежедневно менее четырех часов в день,Не пользуюсь,"Среднее профессиональное (техникум, колледж, ПТУ)",Среднее,Неработающий пенсионер (в том числе по инвалидности),,,1.5969629065498856
07cfe350bd0cef37,Женский,78.0,Центральный федеральный округ,Село,Беспородная кошка,,,,,,,,,,,,Ничего,,,,,,,,,,,,Нет,,,,,,,,,,,,,,,Ежедневно менее четырех часов в день,Не пользуюсь,Среднее общее (10 или 11 классов школы с аттестатом),Среднее,Неработающий пенсионер (в том числе по инвалидности),,,1.5969629065498856
07cff120f08ceb36,Женский,62.0,Центральный федеральный округ,Село,"Домашний скот (куры, коровы, козы и т.п.) (из другого)",Беспородная собака,Породистая кошка,,,,,,,,,,Ветеринарные клиники,Специализированные урны для утилизации отходов жизнедеятельности собак,"Магазины, в которых можно находиться с животными",Зоомагазины,,,,,,,,,Нет,5- полностью удовлетворен,,,,,,,,,,,,,,Несколько раз в неделю,Провожу в интернете более четырех часов ежедневно,"Среднее профессиональное (техникум, колледж, ПТУ)",Хорошее,Неработающий пенсионер (в том числе по инвалидности),,,1.5969629065498856
07d0047a970cebe8,Женский,71.0,Центральный федеральный округ,Село,Породистая собака,,,,,,,,,,,,Затрудняюсь ответить,,,,,,,,,,,,Нет,4,,,,,,,,,,,,,,Смотрю более четырех часов ежедневно,Не пользуюсь,"Среднее профессиональное (техникум, колледж, ПТУ)",Среднее,Неработающий пенсионер (в том числе по инвалидности),,,1.5969629065498856
07d0252da60ceb21,Женский,66.0,Центральный федеральный округ,Село,Беспородная собака,Беспородная кошка,,,,,,,,,,,Затрудняюсь ответить,,,,,,,,,,,,Нет,"Животное не требует выгула, не могу оценить",,,,,,,,,,,,,,Смотрю более четырех часов ежедневно,Не пользуюсь,"Среднее профессиональное (техникум, колледж, ПТУ)",Среднее,Неработающий пенсионер (в том числе по инвалидности),,,1.5969629065498856
07cfdfb1ef8ce858,Женский,67.0,Центральный федеральный округ,Село,"Нет, домашних животных нет",,,,,,,,,,,,,,,,,,,,,,,,,,Выгул агрессивных собак без намордника,Самовыгул собак (без поводка),Большое количество бродячих собак (из другого),Громкий лай в позднее или раннее время,,,,,,,,,,Несколько раз в неделю,Eжедневно менее четырех часов в день,Незаконченное высшее (с 3-го курса вуза) или законченное высшее,Хорошее,Неработающий пенсионер (в том числе по инвалидности),,,1.4509868365057421
07cff866190ce1cc,Женский,69.0,Центральный федеральный округ,Село,"Домашний скот (куры, коровы, козы и т.п.) (из другого)",Беспородная собака,Беспородная кошка,,,,,,,,,,Ничего,,,,,,,,,,,,Не бываю с питомцем в общественных местах,"Животное не требует выгула, не могу оценить",,,,,,,,,,,,,,Ежедневно менее четырех часов в день,Eжедневно менее четырех часов в день,Незаконченное высшее (с 3-го курса вуза) или законченное высшее,Среднее,Работающий пенсионер,"Я работаю в БЮДЖЕТНОЙ организации, которая безвозмездно оказывает услуги населению (детский сад, общеобразовательная,...","Образование, наука Включает в том числе: ясли, детский сад, школа, ССУЗ, вуз, научно-исследовательские институты, центры",1.4509868365057421
07d02728268ce183,Женский,68.0,Северо-Западный федеральный округ,Село,Породистая кошка,Породистая собака,,,,,,,,,,,Ничего,,,,,,,,,,,,Нет,3,,,,,,,,,,,,,,Смотрю более четырех часов ежедневно,Eжедневно менее четырех часов в день,"Среднее профессиональное (техникум, колледж, ПТУ)",Плохое,Неработающий пенсионер (в том числе по инвалидности),,,1.4954461075914325
07cfdb0b7d4ce237,Женский,69.0,Северо-Западный федеральный округ,Село,"Нет, домашних животных нет",,,,,,,,,,,,,,,,,,,,,,,,,,Агрессивное поведение собак по отношению к другим животным,,,,,,,,,,,,,Ежедневно менее четырех часов в день,Не пользуюсь,Среднее общее (10 или 11 классов школы с аттестатом),Среднее,Неработающий пенсионер (в том числе по инвалидности),,,1.5766269269857314
07cfe8844b4ce9a5,Женский,75.0,Северо-Западный федеральный округ,Село,"Нет, домашних животных нет",,,,,,,,,,,,,,,,,,,,,,,,,,Ничего не беспокоило,,,,,,,,,,,,,Смотрю более четырех часов ежедневно,Не пользуюсь,"Среднее профессиональное (техникум, колледж, ПТУ)",Хорошее,Неработающий пенсионер (в том числе по инвалидности),,,1.5766269269857314
07cfed20ef8cef38,Женский,68.0,Северо-Западный федеральный округ,Село,Породистая кошка,Беспородная кошка,,,,,,,,,,,Ветеринарные клиники,,,,,,,,,,,,Не бываю с питомцем в общественных местах,,,,,,,,,,,,,,,Несколько раз в неделю,Провожу в интернете более четырех часов ежедневно,"Среднее профессиональное (техникум, колледж, ПТУ)",Среднее,Неработающий пенсионер (в том числе по инвалидности),,,1.5766269269857314
07cfedd3804cebe3,Женский,70.0,Северо-Западный федеральный округ,Село,Беспородная кошка,,,,,,,,,,,,Ничего,,,,,,,,,,,,Нет,,,,,,,,,,,,,,,Ежедневно менее четырех часов в день,Не пользуюсь,Основное общее образование: окончил 9 (раньше 8) классов,Среднее,Неработающий пенсионер (в том числе по инвалидности),,,1.5766269269857314
07cff628beccef0b,Женский,74.0,Северо-Западный федеральный округ,Село,"Нет, домашних животных нет",,,,,,,,,,,,,,,,,,,,,,,,,,Ничего не беспокоило,,,,,,,,,,,,,Ежедневно менее четырех часов в день,Не пользуюсь,"Среднее профессиональное (техникум, колледж, ПТУ)",Среднее,Неработающий пенсионер (в том числе по инвалидности),,,1.5766269269857314
07cfe832004ce1b6,Женский,68.0,Северо-Западный федеральный округ,Село,"Нет, домашних животных нет",,,,,,,,,,,,,,,,,,,,,,,,,,"Отсутствие уборки за собаками в доме (в лифте, в подъезде)",Самовыгул собак (без поводка),"Укусы, нападения собак на людей",,,,,,,,,,,"Редко, но не менее одного раза в полгода",Eжедневно менее четырех часов в день,"Среднее профессиональное (техникум, колледж, ПТУ)",Среднее,Неработающий пенсионер (в том числе по инвалидности),,,1.5766269269857314
07cffb352dcce00b,Женский,85.0,Северо-Западный федеральный округ,Село,"Нет, домашних животных нет",,,,,,,,,,,,,,,,,,,,,,,,,,Ничего не беспокоило,,,,,,,,,,,,,Ежедневно менее четырех часов в день,Не пользуюсь,Основное общее образование: окончил 9 (раньше 8) классов,Среднее,Неработающий пенсионер (в том числе по инвалидности),,,1.5766269269857314
07d00d60a54cefac,Женский,62.0,Северо-Западный федеральный округ,Село,Беспородная кошка,,,,,,,,,,,,ГрУминг-салоны (уход за животными),Зоомагазины,Ветеринарные клиники,,,,,,,,,,Нет,,,,,,,,,,,,,,,Смотрю более четырех часов ежедневно,Не пользуюсь,Среднее общее (10 или 11 классов школы с аттестатом),Плохое,Неработающий пенсионер (в том числе по инвалидности),,,1.5766269269857314
07cfde6bd30ce580,Женский,69.0,Южный федеральный округ,Село,Беспородная кошка,Породистая собака,,,,,,,,,,,Зоомагазины,"Магазины, в которых можно находиться с животными",ГрУминг-салоны (уход за животными),Ветеринарные клиники,"Кафе, в которых можно находиться с животными",,,,,,,,Нет,5- полностью удовлетворен,,,,,,,,,,,,,,Смотрю более четырех часов ежедневно,Eжедневно менее четырех часов в день,"Среднее профессиональное (техникум, колледж, ПТУ)",Среднее,Неработающий пенсионер (в том числе по инвалидности),,,1.5721127733778792
07cff67cfd8ce323,Женский,66.0,Южный федеральный округ,Село,Беспородная собака,Породистая кошка,"Домашний скот (куры, коровы, козы и т.п.) (из другого)",,,,,,,,,,Зоомагазины,Лапомойки в доме,Ветеринарные клиники,,,,,,,,,,"Да, время от времени",2,,,,,,,,,,,,,,Смотрю более четырех часов ежедневно,Провожу в интернете более четырех часов ежедневно,"Среднее профессиональное (техникум, колледж, ПТУ)",Среднее,Работающий пенсионер,"Я работаю в БЮДЖЕТНОЙ организации, которая безвозмездно оказывает услуги населению (детский сад, общеобразовательная,...","Здравоохранение Включает в том числе: поликлиники, медицинские центры, больницы, стационары,  «Скорая помощь», санатории",1.5721127733778792
07cffa513d0ce6bb,Женский,60.0,Южный федеральный округ,Село,Породистая собака,,,,,,,,,,,,ГрУминг-салоны (уход за животными),,,,,,,,,,,,Нет,1 – совершенно не удовлетворен,,,,,,,,,,,,,,Несколько раз в неделю,Eжедневно менее четырех часов в день,"Среднее профессиональное (техникум, колледж, ПТУ)",Плохое,Неработающий пенсионер (в том числе по инвалидности),,,1.5721127733778792
07cfd9d78f0cea45,Женский,88.0,Южный федеральный округ,Село,"Нет, домашних животных нет",,,,,,,,,,,,,,,,,,,,,,,,,,Ничего не беспокоило,,,,,,,,,,,,,Ежедневно менее четырех часов в день,Eжедневно менее четырех часов в день,Незаконченное высшее (с 3-го курса вуза) или законченное высшее,Среднее,Неработающий пенсионер (в том числе по инвалидности),,,1.5110833571414481
07d01a8ea5cce17c,Женский,65.0,Южный федеральный округ,Село,Беспородная кошка,,,,,,,,,,,,Ветеринарные клиники,Специально огороженные площадки для выгула или занятий домашних животных,Лапомойки в доме,"Кафе, в которых можно находиться с животными",ГрУминг-салоны (уход за животными),Стойки с пакетами для уборки за собаками,Специализированные урны для утилизации отходов жизнедеятельности собак,"Магазины, в которых можно находиться с животными",Зоомагазины,,,,Нет,,,,,,,,,,,,,,,Несколько раз в неделю,Eжедневно менее четырех часов в день,Незаконченное высшее (с 3-го курса вуза) или законченное высшее,Среднее,Работающий пенсионер,"Я работаю в КОММЕРЧЕСКОЙ организации, ее цель – получить прибыль (например, магазин, завод, фермерское хозяйство, АО/...","Промышленность, производство (в т.ч. добывающие, обрабатывающие отрасли, энергетика) Включает в том числе: Завод, ком...",1.5110833571414481
07d00fe50a8cea04,Женский,73.0,Северо-Кавказский федеральный округ,Село,"Домашний скот (куры, коровы, козы и т.п.) (из другого)",Беспородная собака,Беспородная кошка,,,,,,,,,,Ничего,,,,,,,,,,,,Не бываю с питомцем в общественных местах,"Животное не требует выгула, не могу оценить",,,,,,,,,,,,,,Смотрю более четырех часов ежедневно,Не пользуюсь,"Среднее профессиональное (техникум, колледж, ПТУ)",Среднее,Неработающий пенсионер (в том числе по инвалидности),,,1.825568014454594
07cfd138a1ccea56,Женский,75.0,Приволжский федеральный округ,Село,"Домашний скот (куры, коровы, козы и т.п.) (из другого)",,,,,,,,,,,,Стойки с пакетами для уборки за собаками,Лапомойки в доме,Ветеринарные клиники,,,,,,,,,,Нет,,,,,,,,,,,,,,,Ежедневно менее четырех часов в день,Не пользуюсь,"Среднее профессиональное (техникум, колледж, ПТУ)",Среднее,Неработающий пенсионер (в том числе по инвалидности),,,1.5368049691060088
07cfd4d0068ce36a,Женский,60.0,Приволжский федеральный округ,Село,Беспородная кошка,Породистая собака,,,,,,,,,,,Зоомагазины,,,,,,,,,,,,Нет,5- полностью удовлетворен,,,,,,,,,,,,,,Ежедневно менее четырех часов в день,Eжедневно менее четырех часов в день,Среднее общее (10 или 11 классов школы с аттестатом),Среднее,Неработающий пенсионер (в том числе по инвалидности),,,1.5368049691060088
07cfdc55020cec1c,Женский,72.0,Приволжский федеральный округ,Село,"Домашний скот (куры, коровы, козы и т.п.) (из другого)",Беспородная собака,Беспородная кошка,,,,,,,,,,Ничего,,,,,,,,,,,,Нет,5- полностью удовлетворен,,,,,,,,,,,,,,Ежедневно менее четырех часов в день,Не пользуюсь,"Среднее профессиональное (техникум, колледж, ПТУ)",Среднее,Неработающий пенсионер (в том числе по инвалидности),,,1.5368049691060088
07cfda3b2b4ce614,Женский,68.0,Приволжский федеральный округ,Село,Беспородная собака,Беспородная кошка,Декоративные птицы,Затрудняюсь ответить,,,,,,,,,Зоомагазины,Ветеринарные клиники,,,,,,,,,,,Нет,"Животное не требует выгула, не могу оценить",,,,,,,,,,,,,,Смотрю более четырех часов ежедневно,Не пользуюсь,"Среднее профессиональное (техникум, колледж, ПТУ)",Хорошее,Неработающий пенсионер (в том числе по инвалидности),,,1.5368049691060088
07cfe0c1898ced67,Женский,60.0,Приволжский федеральный округ,Село,Беспородная кошка,Породистая кошка,Породистая собака,,,,,,,,,,Зоомагазины,Ветеринарные клиники,,,,,,,,,,,Нет,3,,,,,,,,,,,,,,Несколько раз в неделю,Не пользуюсь,"Среднее профессиональное (техникум, колледж, ПТУ)",Среднее,Неработающий пенсионер (в том числе по инвалидности),,,1.5368049691060088
07cfec77788ce57f,Женский,76.0,Приволжский федеральный округ,Село,"Нет, домашних животных нет",,,,,,,,,,,,,,,,,,,,,,,,,,Ничего не беспокоило,,,,,,,,,,,,,Несколько раз в неделю,Eжедневно менее четырех часов в день,"Среднее профессиональное (техникум, колледж, ПТУ)",Плохое,Неработающий пенсионер (в том числе по инвалидности),,,1.5368049691060088
07cfeb7e6bccee86,Женский,65.0,Приволжский федеральный округ,Село,Породистая собака,Беспородная кошка,,,,,,,,,,,Ничего,,,,,,,,,,,,Нет,Затрудняюсь ответить,,,,,,,,,,,,,,Ежедневно менее четырех часов в день,Не пользуюсь,Среднее общее (10 или 11 классов школы с аттестатом),Затрудняюсь ответить,Неработающий пенсионер (в том числе по инвалидности),,,1.5368049691060088
07cff3f1d4ccea7f,Женский,74.0,Приволжский федеральный округ,Село,"Нет, домашних животных нет",,,,,,,,,,,,,,,,,,,,,,,,,,Ничего не беспокоило,,,,,,,,,,,,,Несколько раз в неделю,Не пользуюсь,Среднее общее (10 или 11 классов школы с аттестатом),Среднее,Неработающий пенсионер (в том числе по инвалидности),,,1.5368049691060088
07d0005822cce56e,Женский,71.0,Приволжский федеральный округ,Село,"Нет, домашних животных нет",,,,,,,,,,,,,,,,,,,,,,,,,,Ничего не беспокоило,,,,,,,,,,,,,Смотрю более четырех часов ежедневно,Eжедневно менее четырех часов в день,"Среднее профессиональное (техникум, колледж, ПТУ)",Среднее,Неработающий пенсионер (в том числе по инвалидности),,,1.5368049691060088
07d002ab138ce81a,Женский,68.0,Приволжский федеральный округ,Село,Породистая собака,Беспородная кошка,,,,,,,,,,,Ничего,,,,,,,,,,,,Не бываю с питомцем в общественных местах,5- полностью удовлетворен,,,,,,,,,,,,,,Ежедневно менее четырех часов в день,Eжедневно менее четырех часов в день,"Среднее профессиональное (техникум, колледж, ПТУ)",Среднее,Неработающий пенсионер (в том числе по инвалидности),,,1.5368049691060088
07cfe9795f0cee89,Женский,75.0,Приволжский федеральный округ,Село,Беспородная собака,Беспородная кошка,"Домашний скот (куры, коровы, козы и т.п.) (из другого)",,,,,,,,,,Ветеринарные клиники,Специализированные урны для утилизации отходов жизнедеятельности собак,,,,,,,,,,,Не бываю с питомцем в общественных местах,"Животное не требует выгула, не могу оценить",,,,,,,,,,,,,,"Редко, но не менее одного раза в полгода",Eжедневно менее четырех часов в день,"Два и более высших образования, ученая степень кандидата или доктора наук",Среднее,Неработающий пенсионер (в том числе по инвалидности),,,1.568848061592946
07cfe91b46cce4f8,Женский,71.0,Приволжский федеральный округ,Село,Беспородная кошка,,,,,,,,,,,,Зоомагазины,,,,,,,,,,,,Не бываю с питомцем в общественных местах,,,,,,,,,,,,,,,Ежедневно менее четырех часов в день,Eжедневно менее четырех часов в день,Незаконченное высшее (с 3-го курса вуза) или законченное высшее,Среднее,Неработающий пенсионер (в том числе по инвалидности),,,1.568848061592946
07cfef8e4fccec5e,Женский,62.0,Приволжский федеральный округ,Село,Породистая собака,Беспородная собака,Породистая кошка,,,,,,,,,,Лапомойки в доме,Зоомагазины,,,,,,,,,,,Нет,2,,,,,,,,,,,,,,Смотрю более четырех часов ежедневно,Eжедневно менее четырех часов в день,"Два и более высших образования, ученая степень кандидата или доктора наук",Среднее,Работающий пенсионер,"Я работаю в КОММЕРЧЕСКОЙ организации, ее цель – получить прибыль (например, магазин, завод, фермерское хозяйство, АО/...","Торговля (оптовая, розничная, онлайн продажи; в т.ч. - недвижимость) Включает в том числе: Магазин, автосалон, аукцио...",1.568848061592946
07cfc8ee8c0ce150,Женский,62.0,Уральский федеральный округ,Село,"Нет, домашних животных нет",,,,,,,,,,,,,,,,,,,,,,,,,,Ничего не беспокоило,,,,,,,,,,,,,Ежедневно менее четырех часов в день,Eжедневно менее четырех часов в день,"Среднее профессиональное (техникум, колледж, ПТУ)",Среднее,Работающий пенсионер,"Я работаю в КОММЕРЧЕСКОЙ организации, ее цель – получить прибыль (например, магазин, завод, фермерское хозяйство, АО/...","Торговля (оптовая, розничная, онлайн продажи; в т.ч. - недвижимость) Включает в том числе: Магазин, автосалон, аукцио...",1.6117069842634082
07cfcc6e918ceb19,Женский,76.0,Уральский федеральный округ,Село,"Нет, домашних животных нет",,,,,,,,,,,,,,,,,,,,,,,,,,Ничего не беспокоило,,,,,,,,,,,,,Смотрю более четырех часов ежедневно,Не пользуюсь,Среднее общее (10 или 11 классов школы с аттестатом),Плохое,Неработающий пенсионер (в том числе по инвалидности),,,1.6117069842634082
07cfce4d3f4ce58b,Женский,61.0,Уральский федеральный округ,Село,"Домашний скот (куры, коровы, козы и т.п.) (из другого)",Беспородная кошка,,,,,,,,,,,Ничего,,,,,,,,,,,,Нет,,,,,,,,,,,,,,,Ежедневно менее четырех часов в день,Eжедневно менее четырех часов в день,"Среднее профессиональное (техникум, колледж, ПТУ)",Среднее,Работающий пенсионер,"Я работаю в БЮДЖЕТНОЙ организации, которая безвозмездно оказывает услуги населению (детский сад, общеобразовательная,...","Образование, наука Включает в том числе: ясли, детский сад, школа, ССУЗ, вуз, научно-исследовательские институты, центры",1.6117069842634082
07cfd8520bcce73a,Женский,63.0,Уральский федеральный округ,Село,"Нет, домашних животных нет",,,,,,,,,,,,,,,,,,,,,,,,,,"Укусы, нападения собак на людей",,,,,,,,,,,,,Смотрю более четырех часов ежедневно,Eжедневно менее четырех часов в день,"Среднее профессиональное (техникум, колледж, ПТУ)",Очень плохое,Неработающий пенсионер (в том числе по инвалидности),,,1.6117069842634082
07cfc6fd370ceebc,Женский,67.0,Уральский федеральный округ,Село,Другое,,,,,,,,,,,,"Кафе, в которых можно находиться с животными",Ветеринарные клиники,"Магазины, в которых можно находиться с животными",Лапомойки в доме,Специально огороженные площадки для выгула или занятий домашних животных,Зоомагазины,,,,,,,Нет,,,,,,,,,,,,,,,Не смотрю,Провожу в интернете более четырех часов ежедневно,Незаконченное высшее (с 3-го курса вуза) или законченное высшее,Среднее,Работающий пенсионер,"Я работаю в БЮДЖЕТНОЙ организации, которая безвозмездно оказывает услуги населению (детский сад, общеобразовательная,...","Здравоохранение Включает в том числе: поликлиники, медицинские центры, больницы, стационары,  «Скорая помощь», санатории",1.4267136254146393
07cfe0d96d0ce4a5,Женский,75.0,Уральский федеральный округ,Село,"Нет, домашних животных нет",,,,,,,,,,,,,,,,,,,,,,,,,,Выгул в неположенных местах,Самовыгул собак (без поводка),Отсутствие уборки за собаками во дворе,,,,,,,,,,,Не смотрю,Провожу в интернете более четырех часов ежедневно,Незаконченное высшее (с 3-го курса вуза) или законченное высшее,Хорошее,Неработающий пенсионер (в том числе по инвалидности),,,1.4267136254146393
07cfc00ba48cec2e,Женский,60.0,Сибирский федеральный округ,Село,Беспородная собака,Беспородная кошка,,,,,,,,,,,Ничего,,,,,,,,,,,,"Да, часто",5- полностью удовлетворен,,,,,,,,,,,,,,Не смотрю,Не пользуюсь,"Среднее профессиональное (техникум, колледж, ПТУ)",Хорошее,Неработающий пенсионер (в том числе по инвалидности),,,1.6073738854491977
07cfc4a0bf4cebd8,Женский,72.0,Сибирский федеральный округ,Село,Беспородная кошка,Беспородная собака,,,,,,,,,,,Ничего,,,,,,,,,,,,Не бываю с питомцем в общественных местах,"Животное не требует выгула, не могу оценить",,,,,,,,,,,,,,Ежедневно менее четырех часов в день,Не пользуюсь,"Среднее профессиональное (техникум, колледж, ПТУ)",Хорошее,Неработающий пенсионер (в том числе по инвалидности),,,1.6073738854491977
07cfcf9e83cce1ea,Женский,65.0,Сибирский федеральный округ,Село,"Нет, домашних животных нет",,,,,,,,,,,,,,,,,,,,,,,,,,Выгул агрессивных собак без намордника,Отсутствие уборки за собаками во дворе,Агрессивное поведение собак по отношению к другим животным,,,,,,,,,,,"Редко, но не менее одного раза в полгода",Не пользуюсь,"Среднее профессиональное (техникум, колледж, ПТУ)",Плохое,Работающий пенсионер,"Я работаю в БЮДЖЕТНОЙ организации, которая безвозмездно оказывает услуги населению (детский сад, общеобразовательная,...","Социальные услуги, социальное обеспечение Включает в том числе: собес, пенсионный фонд, реабилитационный центр, центр...",1.6073738854491977
07cfd36da38ce37a,Женский,69.0,Сибирский федеральный округ,Село,Беспородная кошка,,,,,,,,,,,,Ничего,,,,,,,,,,,,Нет,,,,,,,,,,,,,,,Смотрю более четырех часов ежедневно,Не пользуюсь,"Среднее профессиональное (техникум, колледж, ПТУ)",Хорошее,Неработающий пенсионер (в том числе по инвалидности),,,1.6073738854491977
07cfb92cfb0ce1de,Женский,67.0,Сибирский федеральный округ,Село,Беспородная собака,Беспородная кошка,,,,,,,,,,,Ничего,,,,,,,,,,,,Нет,"Животное не требует выгула, не могу оценить",,,,,,,,,,,,,,Не смотрю,Eжедневно менее четырех часов в день,Незаконченное высшее (с 3-го курса вуза) или законченное высшее,Очень плохое,Неработающий пенсионер (в том числе по инвалидности),,,1.5619446730824549
07cfc572e34cee9d,Женский,67.0,Сибирский федеральный округ,Село,"Домашний скот (куры, коровы, козы и т.п.) (из другого)",,,,,,,,,,,,Затрудняюсь ответить,,,,,,,,,,,,Нет,,,,,,,,,,,,,,,Ежедневно менее четырех часов в день,Eжедневно менее четырех часов в день,Незаконченное высшее (с 3-го курса вуза) или законченное высшее,Хорошее,Неработающий пенсионер (в том числе по инвалидности),,,1.5619446730824549
07cfce52180ce6f0,Женский,74.0,Сибирский федеральный округ,Село,Беспородная кошка,,,,,,,,,,,,Ничего,,,,,,,,,,,,Не бываю с питомцем в общественных местах,,,,,,,,,,,,,,,Несколько раз в неделю,Eжедневно менее четырех часов в день,Незаконченное высшее (с 3-го курса вуза) или законченное высшее,Среднее,Неработающий пенсионер (в том числе по инвалидности),,,1.5619446730824549
07cfd151100ceec3,Женский,66.0,Сибирский федеральный округ,Село,"Нет, домашних животных нет",,,,,,,,,,,,,,,,,,,,,,,,,,"Укусы, нападения собак на людей",Выгул агрессивных собак без намордника,Громкий лай в позднее или раннее время,Агрессивное поведение собак по отношению к другим животным,Отсутствие уборки за собаками во дворе,,,,,,,,,Смотрю более четырех часов ежедневно,Не пользуюсь,Незаконченное высшее (с 3-го курса вуза) или законченное высшее,Среднее,Неработающий пенсионер (в том числе по инвалидности),,,1.5619446730824549
07cfdcfcc10cef7f,Женский,83.0,Сибирский федеральный округ,Село,Беспородная кошка,Породистая собака,,,,,,,,,,,Ветеринарные клиники,Специально огороженные площадки для выгула или занятий домашних животных,,,,,,,,,,,Нет,3,,,,,,,,,,,,,,Ежедневно менее четырех часов в день,Eжедневно менее четырех часов в день,"Два и более высших образования, ученая степень кандидата или доктора наук",Хорошее,Неработающий пенсионер (в том числе по инвалидности),,,1.5619446730824549
07cfbe1a850ce35c,Женский,72.0,Дальневосточный федеральный округ,Село,Беспородная собака,Беспородная кошка,,,,,,,,,,,Ветеринарные клиники,Зоомагазины,,,,,,,,,,,Нет,5- полностью удовлетворен,,,,,,,,,,,,,,Ежедневно менее четырех часов в день,Не пользуюсь,"Среднее профессиональное (техникум, колледж, ПТУ)",Среднее,Неработающий пенсионер (в том числе по инвалидности),,,1.4597372635944512
07cfd0e82d8ceaaf,Женский,66.0,Дальневосточный федеральный округ,Село,Беспородная собака,,,,,,,,,,,,Ничего,,,,,,,,,,,,Не бываю с питомцем в общественных местах,"Животное не требует выгула, не могу оценить",,,,,,,,,,,,,,Смотрю более четырех часов ежедневно,Eжедневно менее четырех часов в день,"Среднее профессиональное (техникум, колледж, ПТУ)",Хорошее,Неработающий пенсионер (в том числе по инвалидности),,,1.4597372635944512
07cfdf647bcce0a1,Женский,70.0,Дальневосточный федеральный округ,Село,"Нет, домашних животных нет",,,,,,,,,,,,,,,,,,,,,,,,,,Отсутствие уборки за собаками во дворе,Громкий лай в позднее или раннее время,,,,,,,,,,,,Не смотрю,Eжедневно менее четырех часов в день,"Среднее профессиональное (техникум, колледж, ПТУ)",Плохое,Неработающий пенсионер (в том числе по инвалидности),,,1.4597372635944512
07cfa90cfbcce800,Женский,63.0,Дальневосточный федеральный округ,Село,"Нет, домашних животных нет",,,,,,,,,,,,,,,,,,,,,,,,,,Выгул в неположенных местах,Отсутствие уборки за собаками во дворе,Выгул агрессивных собак без намордника,,,,,,,,,,,Смотрю более четырех часов ежедневно,Несколько раз в месяц,Незаконченное высшее (с 3-го курса вуза) или законченное высшее,Плохое,Неработающий пенсионер (в том числе по инвалидности),,,1.9774797752002755
07cfd68734cce4d0,Женский,68.0,Дальневосточный федеральный округ,Село,Беспородная кошка,,,,,,,,,,,,Ветеринарные клиники,Зоомагазины,ГрУминг-салоны (уход за животными),,,,,,,,,,Не бываю с питомцем в общественных местах,,,,,,,,,,,,,,,Ежедневно менее четырех часов в день,Несколько раз в неделю,Незаконченное высшее (с 3-го курса вуза) или законченное высшее,Плохое,Неработающий пенсионер (в том числе по инвалидности),,,1.9774797752002755
07cffe9ba00ce834,Женский,60.0,Центральный федеральный округ,Город с численностью от 50 тысяч до 100 тысяч,Беспородная собака,,,,,,,,,,,,Зоомагазины,Специально огороженные площадки для выгула или занятий домашних животных,ГрУминг-салоны (уход за животными),Ветеринарные клиники,Стойки с пакетами для уборки за собаками,,,,,,,,Не бываю с питомцем в общественных местах,5- полностью удовлетворен,,,,,,,,,,,,,,Смотрю более четырех часов ежедневно,Eжедневно менее четырех часов в день,"Среднее профессиональное (техникум, колледж, ПТУ)",Хорошее,Неработающий пенсионер (в том числе по инвалидности),,,1.2596648060755378
07d0019dcc8cef35,Женский,67.0,Центральный федеральный округ,Город с численностью менее 50 тысяч,Беспородная кошка,,,,,,,,,,,,Зоомагазины,Ветеринарные клиники,,,,,,,,,,,Нет,,,,,,,,,,,,,,,Ежедневно менее четырех часов в день,Провожу в интернете более четырех часов ежедневно,"Среднее профессиональное (техникум, колледж, ПТУ)",Хорошее,Неработающий пенсионер (в том числе по инвалидности),,,1.2596648060755378
07d01ae22d4ced0f,Женский,70.0,Центральный федеральный округ,Город с численностью от 50 тысяч до 100 тысяч,Беспородная кошка,,,,,,,,,,,,Зоомагазины,Ветеринарные клиники,,,,,,,,,,,Нет,,,,,,,,,,,,,,,Несколько раз в неделю,Не пользуюсь,Незаконченное высшее (с 3-го курса вуза) или законченное высшее,Среднее,Неработающий пенсионер (в том числе по инвалидности),,,1.2361409667556547
07d0225113ccea85,Женский,60.0,Центральный федеральный округ,Город с численностью от 50 тысяч до 100 тысяч,Беспородная собака,,,,,,,,,,,,Ветеринарные клиники,,,,,,,,,,,,Не бываю с питомцем в общественных местах,3,,,,,,,,,,,,,,Ежедневно менее четырех часов в день,Провожу в интернете более четырех часов ежедневно,Незаконченное высшее (с 3-го курса вуза) или законченное высшее,Хорошее,Работающий пенсионер,"Я работаю в КОММЕРЧЕСКОЙ организации, ее цель – получить прибыль (например, магазин, завод, фермерское хозяйство, АО/...","Жилищно-коммунальное хозяйство Включает в том числе: водоканал, горгаз, вывоз мусора, котельная,  сортировка и перера...",1.2361409667556547
07cfdb222b8ce922,Женский,77.0,Центральный федеральный округ,Поселок городского типа,"Нет, домашних животных нет",,,,,,,,,,,,,,,,,,,,,,,,,,Ничего не беспокоило,,,,,,,,,,,,,Ежедневно менее четырех часов в день,Не пользуюсь,Среднее общее (10 или 11 классов школы с аттестатом),Плохое,Неработающий пенсионер (в том числе по инвалидности),,,1.1050879978264736
07cfe015f0cce7b3,Женский,63.0,Центральный федеральный округ,Город с численностью от 50 тысяч до 100 тысяч,Беспородная кошка,,,,,,,,,,,,Зоомагазины,Ветеринарные клиники,Специально огороженные площадки для выгула или занятий домашних животных,,,,,,,,,,Не бываю с питомцем в общественных местах,,,,,,,,,,,,,,,Ежедневно менее четырех часов в день,Eжедневно менее четырех часов в день,"Среднее профессиональное (техникум, колледж, ПТУ)",Хорошее,Работающий пенсионер,"Я работаю в БЮДЖЕТНОЙ организации, которая безвозмездно оказывает услуги населению (детский сад, общеобразовательная,...","Здравоохранение Включает в том числе: поликлиники, медицинские центры, больницы, стационары,  «Скорая помощь», санатории",1.1050879978264736
07cfef7b970ce7c2,Женский,60.0,Центральный федеральный округ,Город с численностью от 50 тысяч до 100 тысяч,Породистая собака,,,,,,,,,,,,Зоомагазины,,,,,,,,,,,,Нет,5- полностью удовлетворен,,,,,,,,,,,,,,Несколько раз в неделю,Не пользуюсь,"Среднее профессиональное (техникум, колледж, ПТУ)",Хорошее,Неработающий пенсионер (в том числе по инвалидности),,,1.1050879978264736
07cffbf0158ce8cf,Женский,70.0,Центральный федеральный округ,Поселок городского типа,Затрудняюсь ответить,,,,,,,,,,,,,,,,,,,,,,,,,,Ничего не беспокоило,,,,,,,,,,,,,Ежедневно менее четырех часов в день,Не пользуюсь,"Среднее профессиональное (техникум, колледж, ПТУ)",Хорошее,Неработающий пенсионер (в том числе по инвалидности),,,1.1050879978264736
07cffce05e4cec33,Женский,70.0,Центральный федеральный округ,Поселок городского типа,"Нет, домашних животных нет",,,,,,,,,,,,,,,,,,,,,,,,,,Ничего не беспокоило,,,,,,,,,,,,,Несколько раз в неделю,Не пользуюсь,"Среднее профессиональное (техникум, колледж, ПТУ)",Хорошее,Неработающий пенсионер (в том числе по инвалидности),,,1.1050879978264736
07d009b5210ce2be,Женский,60.0,Центральный федеральный округ,Город с численностью менее 50 тысяч,Беспородная собака,,,,,,,,,,,,Зоомагазины,,,,,,,,,,,,Нет,4,,,,,,,,,,,,,,Ежедневно менее четырех часов в день,Eжедневно менее четырех часов в день,"Среднее профессиональное (техникум, колледж, ПТУ)",Хорошее,Работающий пенсионер,"Я работаю в БЮДЖЕТНОЙ организации, которая безвозмездно оказывает услуги населению (детский сад, общеобразовательная,...","Здравоохранение Включает в том числе: поликлиники, медицинские центры, больницы, стационары,  «Скорая помощь», санатории",1.1050879978264736
07d011b87fcce0c4,Женский,67.0,Центральный федеральный округ,Город с численностью менее 50 тысяч,"Нет, домашних животных нет",,,,,,,,,,,,,,,,,,,,,,,,,,Выгул агрессивных собак без намордника,Агрессивное поведение собак по отношению к другим животным,Выгул в неположенных местах,Отсутствие уборки за собаками во дворе,Выгул собак на длинном поводке,Громкий лай в позднее или раннее время,"Укусы, нападения собак на людей",,,,,,,Ежедневно менее четырех часов в день,Не пользуюсь,"Среднее профессиональное (техникум, колледж, ПТУ)",Среднее,Неработающий пенсионер (в том числе по инвалидности),,,1.1050879978264736
07d00f9eb90ce9c5,Женский,69.0,Центральный федеральный округ,Город с численностью менее 50 тысяч,"Нет, домашних животных нет",,,,,,,,,,,,,,,,,,,,,,,,,,Ничего не беспокоило,,,,,,,,,,,,,Ежедневно менее четырех часов в день,Eжедневно менее четырех часов в день,"Среднее профессиональное (техникум, колледж, ПТУ)",Среднее,Неработающий пенсионер (в том числе по инвалидности),,,1.1050879978264736
07d010f046cceac5,Женский,65.0,Центральный федеральный округ,Город с численностью менее 50 тысяч,Беспородная кошка,Беспородная собака,,,,,,,,,,,Зоомагазины,,,,,,,,,,,,Нет,1 – совершенно не удовлетворен,,,,,,,,,,,,,,Смотрю более четырех часов ежедневно,Eжедневно менее четырех часов в день,"Среднее профессиональное (техникум, колледж, ПТУ)",Среднее,Неработающий пенсионер (в том числе по инвалидности),,,1.1050879978264736
07d01476638ce229,Женский,74.0,Центральный федеральный округ,Город с численностью менее 50 тысяч,Беспородная собака,,,,,,,,,,,,Ветеринарные клиники,,,,,,,,,,,,Нет,1 – совершенно не удовлетворен,,,,,,,,,,,,,,Ежедневно менее четырех часов в день,Провожу в интернете более четырех часов ежедневно,"Среднее профессиональное (техникум, колледж, ПТУ)",Среднее,Неработающий пенсионер (в том числе по инвалидности),,,1.1050879978264736
07d01b88540ce2f4,Женский,75.0,Центральный федеральный округ,Город с численностью менее 50 тысяч,"Домашний скот (куры, коровы, козы и т.п.) (из другого)",,,,,,,,,,,,Ветеринарные клиники,,,,,,,,,,,,Не бываю с питомцем в общественных местах,,,,,,,,,,,,,,,Несколько раз в неделю,Eжедневно менее четырех часов в день,"Среднее профессиональное (техникум, колледж, ПТУ)",Среднее,Неработающий пенсионер (в том числе по инвалидности),,,1.1050879978264736
07d01f20524ceffd,Женский,68.0,Центральный федеральный округ,Поселок городского типа,Породистая кошка,,,,,,,,,,,,Ветеринарные клиники,Зоомагазины,,,,,,,,,,,Нет,,,,,,,,,,,,,,,Ежедневно менее четырех часов в день,Не пользуюсь,Среднее общее (10 или 11 классов школы с аттестатом),Очень хорошее,Неработающий пенсионер (в том числе по инвалидности),,,1.1050879978264736
07cfe165384cede5,Женский,70.0,Центральный федеральный округ,Город с численностью менее 50 тысяч,"Нет, домашних животных нет",,,,,,,,,,,,,,,,,,,,,,,,,,Ничего не беспокоило,,,,,,,,,,,,,Ежедневно менее четырех часов в день,Eжедневно менее четырех часов в день,Незаконченное высшее (с 3-го курса вуза) или законченное высшее,Среднее,Неработающий пенсионер (в том числе по инвалидности),,,1.0040735019267715
07cfebe9bf0cef71,Женский,77.0,Центральный федеральный округ,Город с численностью менее 50 тысяч,"Нет, домашних животных нет",,,,,,,,,,,,,,,,,,,,,,,,,,Выгул собак на длинном поводке,Выгул агрессивных собак без намордника,"Укусы, нападения собак на людей",Громкий лай в позднее или раннее время,Отсутствие уборки за собаками во дворе,Агрессивное поведение собак по отношению к другим животным,"Отсутствие уборки за собаками в доме (в лифте, в подъезде)",Самовыгул собак (без поводка),,,,,,Ежедневно менее четырех часов в день,Не пользуюсь,Незаконченное высшее (с 3-го курса вуза) или законченное высшее,Плохое,Работающий пенсионер,"Я работаю в КОММЕРЧЕСКОЙ организации, ее цель – получить прибыль (например, магазин, завод, фермерское хозяйство, АО/...","Здравоохранение Включает в том числе: поликлиники, медицинские центры, больницы, стационары,  «Скорая помощь», санатории",1.0040735019267715
07cfed8ff74ce9a9,Женский,72.0,Центральный федеральный округ,Город с численностью менее 50 тысяч,"Нет, домашних животных нет",,,,,,,,,,,,,,,,,,,,,,,,,,Отсутствие уборки за собаками во дворе,,,,,,,,,,,,,Несколько раз в неделю,Eжедневно менее четырех часов в день,Незаконченное высшее (с 3-го курса вуза) или законченное высшее,Плохое,Неработающий пенсионер (в том числе по инвалидности),,,1.0040735019267715
07cfefc727ccec78,Женский,66.0,Центральный федеральный округ,Город с численностью менее 50 тысяч,Аквариумные рыбки,Декоративные птицы,Породистая собака,,,,,,,,,,Зоомагазины,ГрУминг-салоны (уход за животными),Ветеринарные клиники,"Магазины, в которых можно находиться с животными",,,,,,,,,Нет,1 – совершенно не удовлетворен,,,,,,,,,,,,,,Смотрю более четырех часов ежедневно,Несколько раз в неделю,Незаконченное высшее (с 3-го курса вуза) или законченное высшее,Хорошее,(НЕ ЗАЧИТЫВАТЬ) Затрудняюсь ответить,,,1.0040735019267715
07cfefa6098ce28e,Женский,62.0,Центральный федеральный округ,Город с численностью от 50 тысяч до 100 тысяч,Беспородная кошка," Мелкие животные (хомячки, морские свинки, черепашки и т.п.)",,,,,,,,,,,Ветеринарные клиники,Специально огороженные площадки для выгула или занятий домашних животных,,,,,,,,,,,Нет,,,,,,,,,,,,,,,Смотрю более четырех часов ежедневно,Провожу в интернете более четырех часов ежедневно,Незаконченное высшее (с 3-го курса вуза) или законченное высшее,Среднее,Неработающий пенсионер (в том числе по инвалидности),,,1.0040735019267715
07cff174f20cee79,Женский,62.0,Центральный федеральный округ,Город с численностью от 50 тысяч до 100 тысяч,"Нет, домашних животных нет",,,,,,,,,,,,,,,,,,,,,,,,,,Отсутствие уборки за собаками во дворе,Выгул агрессивных собак без намордника,,,,,,,,,,,,Несколько раз в неделю,Eжедневно менее четырех часов в день,"Два и более высших образования, ученая степень кандидата или доктора наук",Плохое,Работающий пенсионер,"Я работаю в БЮДЖЕТНОЙ организации, которая безвозмездно оказывает услуги населению (детский сад, общеобразовательная,...","Здравоохранение Включает в том числе: поликлиники, медицинские центры, больницы, стационары,  «Скорая помощь», санатории",1.0040735019267715
07d0078c718cef28,Женский,72.0,Центральный федеральный округ,Город с численностью менее 50 тысяч,Беспородная кошка,,,,,,,,,,,,Зоомагазины,Ветеринарные клиники,,,,,,,,,,,Не бываю с питомцем в общественных местах,,,,,,,,,,,,,,,Смотрю более четырех часов ежедневно,Eжедневно менее четырех часов в день,Незаконченное высшее (с 3-го курса вуза) или законченное высшее,Среднее,Неработающий пенсионер (в том числе по инвалидности),,,1.0040735019267715
07d02275864cef59,Женский,70.0,Центральный федеральный округ,Город с численностью от 50 тысяч до 100 тысяч,Беспородная кошка,,,,,,,,,,,,Зоомагазины,,,,,,,,,,,,Не бываю с питомцем в общественных местах,,,,,,,,,,,,,,,Смотрю более четырех часов ежедневно,Не пользуюсь,Незаконченное высшее (с 3-го курса вуза) или законченное высшее,Среднее,Неработающий пенсионер (в том числе по инвалидности),,,1.0040735019267715
07cffa57d48ce87a,Женский,72.0,Северо-Западный федеральный округ,Город с численностью менее 50 тысяч,"Нет, домашних животных нет",,,,,,,,,,,,,,,,,,,,,,,,,,Отсутствие уборки за собаками во дворе,,,,,,,,,,,,,Ежедневно менее четырех часов в день,Не пользуюсь,"Среднее профессиональное (техникум, колледж, ПТУ)",Среднее,Неработающий пенсионер (в том числе по инвалидности),,,1.0348390298344012
07d013fd2ccced05,Женский,73.0,Северо-Западный федеральный округ,Город с численностью менее 50 тысяч,"Нет, домашних животных нет",,,,,,,,,,,,,,,,,,,,,,,,,,Самовыгул собак (без поводка),Отсутствие уборки за собаками во дворе,"Отсутствие уборки за собаками в доме (в лифте, в подъезде)",Выгул в неположенных местах,,,,,,,,,,Ежедневно менее четырех часов в день,Не пользуюсь,"Среднее профессиональное (техникум, колледж, ПТУ)",Среднее,Неработающий пенсионер (в том числе по инвалидности),,,1.0348390298344012
07cfdbb08b8ceee0,Женский,79.0,Северо-Западный федеральный округ,Город с численностью менее 50 тысяч,"Нет, домашних животных нет",,,,,,,,,,,,,,,,,,,,,,,,,,Ничего не беспокоило,,,,,,,,,,,,,Смотрю более четырех часов ежедневно,Не пользуюсь,"Среднее профессиональное (техникум, колледж, ПТУ)",Затрудняюсь ответить,Неработающий пенсионер (в том числе по инвалидности),,,1.0910156315565875
07cfe549278cecfd,Женский,69.0,Северо-Западный федеральный округ,Поселок городского типа,"Нет, домашних животных нет",,,,,,,,,,,,,,,,,,,,,,,,,,Громкий лай в позднее или раннее время,,,,,,,,,,,,,Ежедневно менее четырех часов в день,Eжедневно менее четырех часов в день,"Среднее профессиональное (техникум, колледж, ПТУ)",Среднее,Неработающий пенсионер (в том числе по инвалидности),,,1.0910156315565875
07cffd9075cce3ae,Женский,69.0,Северо-Западный федеральный округ,Город с численностью от 50 тысяч до 100 тысяч,Беспородная собака,Породистая собака,Беспородная кошка,Породистая кошка," Мелкие животные (хомячки, морские свинки, черепашки и т.п.)",Декоративные птицы,,,,,,,Зоомагазины,Ветеринарные клиники,,,,,,,,,,,"Да, часто",1 – совершенно не удовлетворен,,,,,,,,,,,,,,Несколько раз в неделю,Провожу в интернете более четырех часов ежедневно,"Среднее профессиональное (техникум, колледж, ПТУ)",Среднее,Неработающий пенсионер (в том числе по инвалидности),,,1.0910156315565875
07cffd29774cec31,Женский,65.0,Северо-Западный федеральный округ,Город с численностью менее 50 тысяч,"Нет, домашних животных нет",,,,,,,,,,,,,,,,,,,,,,,,,,Другое,,,,,,,,,,,,,Ежедневно менее четырех часов в день,Не пользуюсь,"Среднее профессиональное (техникум, колледж, ПТУ)",Среднее,Неработающий пенсионер (в том числе по инвалидности),,,1.0910156315565875
07d00bebc94ce8a2,Женский,63.0,Южный федеральный округ,Город с численностью менее 50 тысяч,Беспородная собака,Беспородная кошка,"Домашний скот (куры, коровы, козы и т.п.) (из другого)",,,,,,,,,,Ничего,,,,,,,,,,,,"Да, время от времени",5- полностью удовлетворен,,,,,,,,,,,,,,Несколько раз в месяц,Eжедневно менее четырех часов в день,Среднее общее (10 или 11 классов школы с аттестатом),Плохое,Неработающий пенсионер (в том числе по инвалидности),,,1.0878918664697959
07d0114ad64ceb8e,Женский,75.0,Южный федеральный округ,Город с численностью менее 50 тысяч,"Нет, домашних животных нет",,,,,,,,,,,,,,,,,,,,,,,,,,Ничего не беспокоило,,,,,,,,,,,,,Смотрю более четырех часов ежедневно,Не пользуюсь,"Среднее профессиональное (техникум, колледж, ПТУ)",Среднее,Неработающий пенсионер (в том числе по инвалидности),,,1.0878918664697959
07cfdae76f8ce7b9,Женский,65.0,Южный федеральный округ,Город с численностью менее 50 тысяч,Породистая собака,Породистая кошка,,,,,,,,,,,Ветеринарные клиники,ГрУминг-салоны (уход за животными),Зоомагазины,"Кафе, в которых можно находиться с животными",,,,,,,,,Нет,Затрудняюсь ответить,,,,,,,,,,,,,,Смотрю более четырех часов ежедневно,Провожу в интернете более четырех часов ежедневно,Незаконченное высшее (с 3-го курса вуза) или законченное высшее,Хорошее,Работающий пенсионер,"Я работаю в КОММЕРЧЕСКОЙ организации, ее цель – получить прибыль (например, магазин, завод, фермерское хозяйство, АО/...","Торговля (оптовая, розничная, онлайн продажи; в т.ч. - недвижимость) Включает в том числе: Магазин, автосалон, аукцио...",1.0456599053386872
07d009f31e4cee00,Женский,72.0,Южный федеральный округ,Город с численностью от 50 тысяч до 100 тысяч,Беспородная собака,Беспородная кошка,,,,,,,,,,,Зоомагазины,Ветеринарные клиники,,,,,,,,,,,"Да, время от времени",1 – совершенно не удовлетворен,,,,,,,,,,,,,,Не смотрю,Eжедневно менее четырех часов в день,Незаконченное высшее (с 3-го курса вуза) или законченное высшее,Плохое,Неработающий пенсионер (в том числе по инвалидности),,,1.0456599053386872
07cfdcb6e9cce97e,Женский,66.0,Северо-Кавказский федеральный округ,Город с численностью от 50 тысяч до 100 тысяч,Беспородная кошка,Породистая собака,"Домашний скот (куры, коровы, козы и т.п.) (из другого)",,,,,,,,,,Ветеринарные клиники,,,,,,,,,,,,Не бываю с питомцем в общественных местах,1 – совершенно не удовлетворен,,,,,,,,,,,,,,Ежедневно менее четырех часов в день,Eжедневно менее четырех часов в день,"Среднее профессиональное (техникум, колледж, ПТУ)",Плохое,Неработающий пенсионер (в том числе по инвалидности),,,1.263281253255996
07d0441f068ceb22,Женский,75.0,Северо-Кавказский федеральный округ,Город с численностью менее 50 тысяч,"Нет, домашних животных нет",,,,,,,,,,,,,,,,,,,,,,,,,,Агрессивное поведение собак по отношению к другим животным,,,,,,,,,,,,,Смотрю более четырех часов ежедневно,Не пользуюсь,"Среднее профессиональное (техникум, колледж, ПТУ)",Среднее,Неработающий пенсионер (в том числе по инвалидности),,,1.263281253255996
07cfe75c2b0ce01c,Женский,72.0,Приволжский федеральный округ,Город с численностью от 50 тысяч до 100 тысяч,Декоративные птицы,,,,,,,,,,,,Ветеринарные клиники,Зоомагазины,,,,,,,,,,,Не бываю с питомцем в общественных местах,,,,,,,,,,,,,,,Смотрю более четырех часов ежедневно,Eжедневно менее четырех часов в день,"Среднее профессиональное (техникум, колледж, ПТУ)",Среднее,Неработающий пенсионер (в том числе по инвалидности),,,1.0634590943807138
07cfee75468ce00e,Женский,82.0,Приволжский федеральный округ,Поселок городского типа,"Нет, домашних животных нет",,,,,,,,,,,,,,,,,,,,,,,,,,Ничего не беспокоило,,,,,,,,,,,,,Ежедневно менее четырех часов в день,Не пользуюсь,Среднее общее (10 или 11 классов школы с аттестатом),Среднее,Неработающий пенсионер (в том числе по инвалидности),,,1.0634590943807138
07cff1304d4cef34,Женский,64.0,Приволжский федеральный округ,Город с численностью менее 50 тысяч,Породистая собака,"Домашний скот (куры, коровы, козы и т.п.) (из другого)",,,,,,,,,,,Ветеринарные клиники,ГрУминг-салоны (уход за животными),Зоомагазины,"Магазины, в которых можно находиться с животными",,,,,,,,,Нет,1 – совершенно не удовлетворен,,,,,,,,,,,,,,Не смотрю,Не пользуюсь,"Среднее профессиональное (техникум, колледж, ПТУ)",Среднее,Неработающий пенсионер (в том числе по инвалидности),,,1.0634590943807138
07cff804844ceb72,Женский,66.0,Приволжский федеральный округ,Город с численностью от 50 тысяч до 100 тысяч,Беспородная собака,,,,,,,,,,,,Ветеринарные клиники,Зоомагазины,ГрУминг-салоны (уход за животными),,,,,,,,,,Нет,5- полностью удовлетворен,,,,,,,,,,,,,,Смотрю более четырех часов ежедневно,Не пользуюсь,"Среднее профессиональное (техникум, колледж, ПТУ)",Среднее,Неработающий пенсионер (в том числе по инвалидности),,,1.0634590943807138
07cfe98405cce213,Женский,65.0,Приволжский федеральный округ,Город с численностью менее 50 тысяч,"Нет, домашних животных нет",,,,,,,,,,,,,,,,,,,,,,,,,,Самовыгул собак (без поводка),Выгул агрессивных собак без намордника,"Отсутствие уборки за собаками в доме (в лифте, в подъезде)","Укусы, нападения собак на людей",,,,,,,,,,Смотрю более четырех часов ежедневно,Не пользуюсь,"Среднее профессиональное (техникум, колледж, ПТУ)",Среднее,Неработающий пенсионер (в том числе по инвалидности),,,1.0634590943807138
07cffc1cfd0ce14f,Женский,61.0,Приволжский федеральный округ,Город с численностью от 50 тысяч до 100 тысяч,"Нет, домашних животных нет",,,,,,,,,,,,,,,,,,,,,,,,,,Ничего не беспокоило,,,,,,,,,,,,,Смотрю более четырех часов ежедневно,Провожу в интернете более четырех часов ежедневно,"Среднее профессиональное (техникум, колледж, ПТУ)",Среднее,Неработающий пенсионер (в том числе по инвалидности),,,1.0634590943807138
07cfe24215ccef3d,Женский,62.0,Приволжский федеральный округ,Город с численностью от 50 тысяч до 100 тысяч,"Нет, домашних животных нет",,,,,,,,,,,,,,,,,,,,,,,,,,"Отсутствие уборки за собаками в доме (в лифте, в подъезде)",,,,,,,,,,,,,Несколько раз в неделю,Eжедневно менее четырех часов в день,Незаконченное высшее (с 3-го курса вуза) или законченное высшее,Среднее,Работающий пенсионер,"Я работаю в БЮДЖЕТНОЙ организации, которая безвозмездно оказывает услуги населению (детский сад, общеобразовательная,...",Другое (укажите),1.0856327070396703
07d01842ec4ceda6,Женский,78.0,Приволжский федеральный округ,Город с численностью от 50 тысяч до 100 тысяч,Породистая кошка,,,,,,,,,,,,Ветеринарные клиники,Зоомагазины,Специально огороженные площадки для выгула или занятий домашних животных,,,,,,,,,,Нет,,,,,,,,,,,,,,,Смотрю более четырех часов ежедневно,Не пользуюсь,Незаконченное высшее (с 3-го курса вуза) или законченное высшее,Среднее,Неработающий пенсионер (в том числе по инвалидности),,,1.0856327070396703
07cfc928630ceb85,Женский,69.0,Уральский федеральный округ,Город с численностью менее 50 тысяч,Породистая собака,Беспородная собака,Породистая кошка,,,,,,,,,,Зоомагазины,,,,,,,,,,,,Не бываю с питомцем в общественных местах,5- полностью удовлетворен,,,,,,,,,,,,,,Ежедневно менее четырех часов в день,Eжедневно менее четырех часов в день,"Среднее профессиональное (техникум, колледж, ПТУ)",Плохое,Неработающий пенсионер (в том числе по инвалидности),,,1.1152908041993748
07cfcbef27ccea04,Женский,72.0,Уральский федеральный округ,Город с численностью от 50 тысяч до 100 тысяч,"Нет, домашних животных нет",,,,,,,,,,,,,,,,,,,,,,,,,,Отсутствие уборки за собаками во дворе,,,,,,,,,,,,,Смотрю более четырех часов ежедневно,Несколько раз в неделю,"Среднее профессиональное (техникум, колледж, ПТУ)",Среднее,Неработающий пенсионер (в том числе по инвалидности),,,1.1152908041993748
07cfd6ccc14ce7b0,Женский,73.0,Уральский федеральный округ,Город с численностью менее 50 тысяч,Породистая кошка,Беспородная собака,,,,,,,,,,,Ничего,,,,,,,,,,,,Не бываю с питомцем в общественных местах,Затрудняюсь ответить,,,,,,,,,,,,,,Ежедневно менее четырех часов в день,Не пользуюсь,Среднее общее (10 или 11 классов школы с аттестатом),Среднее,Неработающий пенсионер (в том числе по инвалидности),,,1.1152908041993748
07cfed77390ce435,Женский,70.0,Уральский федеральный округ,Город с численностью от 50 тысяч до 100 тысяч,Беспородная кошка,,,,,,,,,,,,Ничего,,,,,,,,,,,,Не бываю с питомцем в общественных местах,,,,,,,,,,,,,,,Смотрю более четырех часов ежедневно,Не пользуюсь,"Среднее профессиональное (техникум, колледж, ПТУ)",Хорошее,Неработающий пенсионер (в том числе по инвалидности),,,1.1152908041993748
07cfd65a774ce872,Женский,60.0,Уральский федеральный округ,Город с численностью менее 50 тысяч,Аквариумные рыбки,Породистая собака,,,,,,,,,,,Специально огороженные площадки для выгула или занятий домашних животных,ГрУминг-салоны (уход за животными),Зоомагазины,,,,,,,,,,Нет,3,,,,,,,,,,,,,,Ежедневно менее четырех часов в день,Eжедневно менее четырех часов в день,"Два и более высших образования, ученая степень кандидата или доктора наук",Среднее,Неработающий пенсионер (в том числе по инвалидности),,,0.9872765969169753
07cfbd3fb94cef17,Женский,64.0,Сибирский федеральный округ,Город с численностью менее 50 тысяч,Породистая собака,Породистая кошка,,,,,,,,,,,ГрУминг-салоны (уход за животными),Ветеринарные клиники,,,,,,,,,,,Нет,Затрудняюсь ответить,,,,,,,,,,,,,,Ежедневно менее четырех часов в день,Eжедневно менее четырех часов в день,"Среднее профессиональное (техникум, колледж, ПТУ)",Очень плохое,Работающий пенсионер,"Я работаю в БЮДЖЕТНОЙ организации, которая безвозмездно оказывает услуги населению (детский сад, общеобразовательная,...","Образование, наука Включает в том числе: ясли, детский сад, школа, ССУЗ, вуз, научно-исследовательские институты, центры",1.1122923278582277
07cfbd6dcc0ce338,Женский,73.0,Сибирский федеральный округ,Город с численностью менее 50 тысяч,"Нет, домашних животных нет",,,,,,,,,,,,,,,,,,,,,,,,,,Самовыгул собак (без поводка),,,,,,,,,,,,,Смотрю более четырех часов ежедневно,Несколько раз в неделю,"Среднее профессиональное (техникум, колледж, ПТУ)",Хорошее,Неработающий пенсионер (в том числе по инвалидности),,,1.1122923278582277
07cfc925974cea0f,Женский,67.0,Сибирский федеральный округ,Город с численностью от 50 тысяч до 100 тысяч,Беспородная собака,Беспородная кошка,"Экзотические животные (змеи, ящерицы, обезьяны, крокодилы и пр.)",,,,,,,,,,Зоомагазины,Стойки с пакетами для уборки за собаками,ГрУминг-салоны (уход за животными),Ветеринарные клиники,,,,,,,,,Нет,"Животное не требует выгула, не могу оценить",,,,,,,,,,,,,,Смотрю более четырех часов ежедневно,Eжедневно менее четырех часов в день,"Среднее профессиональное (техникум, колледж, ПТУ)",Хорошее,Неработающий пенсионер (в том числе по инвалидности),,,1.1122923278582277
07cfd12edc0ce73a,Женский,67.0,Сибирский федеральный округ,Город с численностью от 50 тысяч до 100 тысяч,Беспородная кошка,,,,,,,,,,,,ГрУминг-салоны (уход за животными),Зоомагазины,,,,,,,,,,,Не бываю с питомцем в общественных местах,,,,,,,,,,,,,,,Смотрю более четырех часов ежедневно,Провожу в интернете более четырех часов ежедневно,"Среднее профессиональное (техникум, колледж, ПТУ)",Среднее,Неработающий пенсионер (в том числе по инвалидности),,,1.1122923278582277
07cfd1d58e8ce930,Женский,67.0,Сибирский федеральный округ,Город с численностью менее 50 тысяч,Беспородная собака,Беспородная кошка,,,,,,,,,,,Ничего,,,,,,,,,,,,Нет,Затрудняюсь ответить,,,,,,,,,,,,,,Смотрю более четырех часов ежедневно,Не пользуюсь,Среднее общее (10 или 11 классов школы с аттестатом),Плохое,Неработающий пенсионер (в том числе по инвалидности),,,1.1122923278582277
07cfe1aa18cce47b,Женский,72.0,Сибирский федеральный округ,Город с численностью менее 50 тысяч,"Нет, домашних животных нет",,,,,,,,,,,,,,,,,,,,,,,,,,Ничего не беспокоило,,,,,,,,,,,,,Ежедневно менее четырех часов в день,Не пользуюсь,Среднее общее (10 или 11 классов школы с аттестатом),Плохое,Неработающий пенсионер (в том числе по инвалидности),,,1.1122923278582277
07cfeac33dccec53,Женский,77.0,Сибирский федеральный округ,Город с численностью менее 50 тысяч,"Нет, домашних животных нет",,,,,,,,,,,,,,,,,,,,,,,,,,Выгул агрессивных собак без намордника,,,,,,,,,,,,,Не смотрю,Несколько раз в неделю,"Среднее профессиональное (техникум, колледж, ПТУ)",Хорошее,Неработающий пенсионер (в том числе по инвалидности),,,1.1122923278582277
07cfbc35378ce65d,Женский,75.0,Сибирский федеральный округ,Город с численностью от 50 тысяч до 100 тысяч,"Нет, домашних животных нет",,,,,,,,,,,,,,,,,,,,,,,,,,"Отсутствие уборки за собаками в доме (в лифте, в подъезде)",Самовыгул собак (без поводка),,,,,,,,,,,,Ежедневно менее четырех часов в день,Не пользуюсь,Незаконченное высшее (с 3-го курса вуза) или законченное высшее,Среднее,Неработающий пенсионер (в том числе по инвалидности),,,1.0808556068603312
07cfc7985b0ce925,Женский,66.0,Сибирский федеральный округ,Город с численностью менее 50 тысяч,"Нет, домашних животных нет",,,,,,,,,,,,,,,,,,,,,,,,,,Выгул собак на длинном поводке,"Укусы, нападения собак на людей",Отсутствие уборки за собаками во дворе,Агрессивное поведение собак по отношению к другим животным,,,,,,,,,,Ежедневно менее четырех часов в день,Eжедневно менее четырех часов в день,Незаконченное высшее (с 3-го курса вуза) или законченное высшее,Среднее,Неработающий пенсионер (в том числе по инвалидности),,,1.0808556068603312
07cfd8ebea4ce604,Женский,73.0,Сибирский федеральный округ,Город с численностью от 50 тысяч до 100 тысяч,Породистая кошка,,,,,,,,,,,,Зоомагазины,,,,,,,,,,,,Не бываю с питомцем в общественных местах,,,,,,,,,,,,,,,Ежедневно менее четырех часов в день,Не пользуюсь,Незаконченное высшее (с 3-го курса вуза) или законченное высшее,Среднее,Неработающий пенсионер (в том числе по инвалидности),,,1.0808556068603312
07cfe77cf20ceb08,Женский,60.0,Сибирский федеральный округ,Город с численностью от 50 тысяч до 100 тысяч,"Нет, домашних животных нет",,,,,,,,,,,,,,,,,,,,,,,,,,Ничего не беспокоило,,,,,,,,,,,,,Ежедневно менее четырех часов в день,Eжедневно менее четырех часов в день,Незаконченное высшее (с 3-го курса вуза) или законченное высшее,Хорошее,Работающий пенсионер,"Я работаю в КОММЕРЧЕСКОЙ организации, ее цель – получить прибыль (например, магазин, завод, фермерское хозяйство, АО/...","Промышленность, производство (в т.ч. добывающие, обрабатывающие отрасли, энергетика) Включает в том числе: Завод, ком...",1.0808556068603312
07cfc43799ccea15,Женский,73.0,Дальневосточный федеральный округ,Поселок городского типа,"Нет, домашних животных нет",,,,,,,,,,,,,,,,,,,,,,,,,,Ничего не беспокоило,,,,,,,,,,,,,Смотрю более четырех часов ежедневно,Не пользуюсь,Основное общее образование: окончил 9 (раньше 8) классов,Среднее,Неработающий пенсионер (в том числе по инвалидности),,,1.0101287408505601
07cfd5f6d7ccef42,Женский,68.0,Дальневосточный федеральный округ,Город с численностью от 50 тысяч до 100 тысяч,Беспородная собака,Беспородная кошка,,,,,,,,,,,Зоомагазины,,,,,,,,,,,,"Да, время от времени",1 – совершенно не удовлетворен,,,,,,,,,,,,,,Ежедневно менее четырех часов в день,Eжедневно менее четырех часов в день,"Среднее профессиональное (техникум, колледж, ПТУ)",Плохое,Неработающий пенсионер (в том числе по инвалидности),,,1.0101287408505601
07cfd6abeeccefa8,Женский,71.0,Дальневосточный федеральный округ,Поселок городского типа,Беспородная кошка,"Домашний скот (куры, коровы, козы и т.п.) (из другого)",Беспородная собака,,,,,,,,,,Ничего,,,,,,,,,,,,Не бываю с питомцем в общественных местах,"Животное не требует выгула, не могу оценить",,,,,,,,,,,,,,Не смотрю,Не пользуюсь,"Среднее профессиональное (техникум, колледж, ПТУ)",Среднее,Неработающий пенсионер (в том числе по инвалидности),,,1.0101287408505601
07d02bde038ceee2,Женский,77.0,Центральный федеральный округ,Город с численностью от 100 тысяч до 500 тысяч,Беспородная кошка,,,,,,,,,,,,Зоомагазины,Ветеринарные клиники,"Магазины, в которых можно находиться с животными","Кафе, в которых можно находиться с животными",ГрУминг-салоны (уход за животными),Специально огороженные площадки для выгула или занятий домашних животных,Лапомойки в доме,Стойки с пакетами для уборки за собаками,Специализированные урны для утилизации отходов жизнедеятельности собак,,,,Не бываю с питомцем в общественных местах,,,,,,,,,,,,,,,Смотрю более четырех часов ежедневно,Несколько раз в неделю,"Среднее профессиональное (техникум, колледж, ПТУ)",Среднее,Неработающий пенсионер (в том числе по инвалидности),,,1.0115707617981236
07cfd9afe70cefb1,Женский,66.0,Центральный федеральный округ,Город с численностью от 100 тысяч до 500 тысяч,"Нет, домашних животных нет",,,,,,,,,,,,,,,,,,,,,,,,,,Выгул агрессивных собак без намордника,Самовыгул собак (без поводка),,,,,,,,,,,,"Редко, но не менее одного раза в полгода",Несколько раз в месяц,Незаконченное высшее (с 3-го курса вуза) или законченное высшее,Плохое,Неработающий пенсионер (в том числе по инвалидности),,,0.9926799997902795
07cffb1607cce991,Женский,65.0,Центральный федеральный округ,Город с численностью от 100 тысяч до 500 тысяч,"Нет, домашних животных нет",,,,,,,,,,,,,,,,,,,,,,,,,,Ничего не беспокоило,,,,,,,,,,,,,Смотрю более четырех часов ежедневно,Провожу в интернете более четырех часов ежедневно,Незаконченное высшее (с 3-го курса вуза) или законченное высшее,Среднее,Неработающий пенсионер (в том числе по инвалидности),,,0.9926799997902795
07d0011a670ce322,Женский,70.0,Центральный федеральный округ,Город с численностью от 100 тысяч до 500 тысяч,Другое,,,,,,,,,,,,Ветеринарные клиники,Специально огороженные площадки для выгула или занятий домашних животных,Зоомагазины,,,,,,,,,,Нет,,,,,,,,,,,,,,,Ежедневно менее четырех часов в день,Не пользуюсь,Незаконченное высшее (с 3-го курса вуза) или законченное высшее,Среднее,Работающий пенсионер,"Я работаю в БЮДЖЕТНОЙ организации, которая безвозмездно оказывает услуги населению (детский сад, общеобразовательная,...","Строительство Включает в том числе: архитектура, проектирование, дизайн интерьера",0.9926799997902795
07d00d66480ce105,Женский,65.0,Центральный федеральный округ,Город с численностью от 100 тысяч до 500 тысяч,"Нет, домашних животных нет",,,,,,,,,,,,,,,,,,,,,,,,,,Ничего не беспокоило,,,,,,,,,,,,,Несколько раз в месяц,Провожу в интернете более четырех часов ежедневно,Незаконченное высшее (с 3-го курса вуза) или законченное высшее,Хорошее,Работающий пенсионер,"Я работаю в БЮДЖЕТНОЙ организации, которая безвозмездно оказывает услуги населению (детский сад, общеобразовательная,...","Здравоохранение Включает в том числе: поликлиники, медицинские центры, больницы, стационары,  «Скорая помощь», санатории",0.9926799997902795
07d00f60878cee68,Женский,69.0,Центральный федеральный округ,Город с численностью от 100 тысяч до 500 тысяч,Беспородная кошка,Породистая собака,,,,,,,,,,,ГрУминг-салоны (уход за животными),"Кафе, в которых можно находиться с животными",Ветеринарные клиники,,,,,,,,,,Не бываю с питомцем в общественных местах,4,,,,,,,,,,,,,,Не смотрю,Провожу в интернете более четырех часов ежедневно,Незаконченное высшее (с 3-го курса вуза) или законченное высшее,Среднее,Неработающий пенсионер (в том числе по инвалидности),,,0.9926799997902795
07d01d46cd8ce11e,Женский,78.0,Центральный федеральный округ,Город с численностью от 100 тысяч до 500 тысяч,Породистая собака,,,,,,,,,,,,Зоомагазины,Ветеринарные клиники,,,,,,,,,,,Не бываю с питомцем в общественных местах,Затрудняюсь ответить,,,,,,,,,,,,,,Смотрю более четырех часов ежедневно,Eжедневно менее четырех часов в день,Незаконченное высшее (с 3-го курса вуза) или законченное высшее,Среднее,Неработающий пенсионер (в том числе по инвалидности),,,0.9926799997902795
07d02d074f4ce6ee,Женский,67.0,Центральный федеральный округ,Город с численностью от 100 тысяч до 500 тысяч,"Нет, домашних животных нет",,,,,,,,,,,,,,,,,,,,,,,,,,Громкий лай в позднее или раннее время,,,,,,,,,,,,,Ежедневно менее четырех часов в день,Eжедневно менее четырех часов в день,Незаконченное высшее (с 3-го курса вуза) или законченное высшее,Среднее,Работающий пенсионер,"Я работаю в КОММЕРЧЕСКОЙ организации, ее цель – получить прибыль (например, магазин, завод, фермерское хозяйство, АО/...","Торговля (оптовая, розничная, онлайн продажи; в т.ч. - недвижимость) Включает в том числе: Магазин, автосалон, аукцио...",0.9926799997902795
07cfd4a5604ce7f5,Женский,73.0,Центральный федеральный округ,Город с численностью от 100 тысяч до 500 тысяч,Беспородная собака,Беспородная кошка,,,,,,,,,,,Ничего,,,,,,,,,,,,Нет,5- полностью удовлетворен,,,,,,,,,,,,,,Несколько раз в неделю,Не пользуюсь,Основное общее образование: окончил 9 (раньше 8) классов,Хорошее,Неработающий пенсионер (в том числе по инвалидности),,,0.8874382315228819
07cfeab0988ce688,Женский,88.0,Центральный федеральный округ,Город с численностью от 100 тысяч до 500 тысяч,Беспородная кошка,,,,,,,,,,,,Ветеринарные клиники,Зоомагазины,ГрУминг-салоны (уход за животными),,,,,,,,,,Не бываю с питомцем в общественных местах,,,,,,,,,,,,,,,Смотрю более четырех часов ежедневно,Не пользуюсь,Среднее общее (10 или 11 классов школы с аттестатом),Очень хорошее,Неработающий пенсионер (в том числе по инвалидности),,,0.8874382315228819
07cfec4e76cce964,Женский,63.0,Центральный федеральный округ,Город с численностью от 100 тысяч до 500 тысяч,"Нет, домашних животных нет",,,,,,,,,,,,,,,,,,,,,,,,,,Ничего не беспокоило,,,,,,,,,,,,,Ежедневно менее четырех часов в день,Eжедневно менее четырех часов в день,"Среднее профессиональное (техникум, колледж, ПТУ)",Плохое,Неработающий пенсионер (в том числе по инвалидности),,,0.8874382315228819
07cff35e998ceb1a,Женский,67.0,Центральный федеральный округ,Город с численностью от 100 тысяч до 500 тысяч,"Нет, домашних животных нет",,,,,,,,,,,,,,,,,,,,,,,,,,Самовыгул собак (без поводка),,,,,,,,,,,,,Смотрю более четырех часов ежедневно,Не пользуюсь,"Среднее профессиональное (техникум, колледж, ПТУ)",Среднее,Неработающий пенсионер (в том числе по инвалидности),,,0.8874382315228819
07cff74d0a0ce2cf,Женский,75.0,Центральный федеральный округ,Город с численностью от 100 тысяч до 500 тысяч,Беспородная собака,Беспородная кошка,,,,,,,,,,,Ветеринарные клиники,ГрУминг-салоны (уход за животными),Специально огороженные площадки для выгула или занятий домашних животных,Зоомагазины,Лапомойки в доме,,,,,,,,Не бываю с питомцем в общественных местах,4,,,,,,,,,,,,,,Не смотрю,Провожу в интернете более четырех часов ежедневно,"Среднее профессиональное (техникум, колледж, ПТУ)",Среднее,"Временно не работаю, безработный",,,0.8874382315228819
07cffaf6ee8ce465,Женский,71.0,Центральный федеральный округ,Город с численностью от 100 тысяч до 500 тысяч,"Нет, домашних животных нет",,,,,,,,,,,,,,,,,,,,,,,,,,Ничего не беспокоило,,,,,,,,,,,,,Ежедневно менее четырех часов в день,Не пользуюсь,"Среднее профессиональное (техникум, колледж, ПТУ)",Очень плохое,Неработающий пенсионер (в том числе по инвалидности),,,0.8874382315228819
07cffdb7a7ccea59,Женский,60.0,Центральный федеральный округ,Город с численностью от 100 тысяч до 500 тысяч,"Нет, домашних животных нет",,,,,,,,,,,,,,,,,,,,,,,,,,Выгул в неположенных местах,,,,,,,,,,,,,Ежедневно менее четырех часов в день,Eжедневно менее четырех часов в день,"Среднее профессиональное (техникум, колледж, ПТУ)",Среднее,Неработающий пенсионер (в том числе по инвалидности),,,0.8874382315228819
07d015a14a4ce25f,Женский,70.0,Центральный федеральный округ,Город с численностью от 100 тысяч до 500 тысяч,Породистая кошка,,,,,,,,,,,,Стойки с пакетами для уборки за собаками,Зоомагазины,Ветеринарные клиники,Специально огороженные площадки для выгула или занятий домашних животных,,,,,,,,,Нет,,,,,,,,,,,,,,,Ежедневно менее четырех часов в день,Провожу в интернете более четырех часов ежедневно,"Среднее профессиональное (техникум, колледж, ПТУ)",Среднее,Неработающий пенсионер (в том числе по инвалидности),,,0.8874382315228819
07d0143fbc8ce908,Женский,76.0,Центральный федеральный округ,Город с численностью от 100 тысяч до 500 тысяч,"Нет, домашних животных нет",,,,,,,,,,,,,,,,,,,,,,,,,,Ничего не беспокоило,,,,,,,,,,,,,Несколько раз в неделю,Несколько раз в месяц,"Среднее профессиональное (техникум, колледж, ПТУ)",Хорошее,Неработающий пенсионер (в том числе по инвалидности),,,0.8874382315228819
07cfe3e6d64ceb38,Женский,68.0,Центральный федеральный округ,Город с численностью от 100 тысяч до 500 тысяч,Породистая собака,,,,,,,,,,,,"Магазины, в которых можно находиться с животными",Зоомагазины,Ветеринарные клиники,ГрУминг-салоны (уход за животными),,,,,,,,,Нет,4,,,,,,,,,,,,,,Ежедневно менее четырех часов в день,Несколько раз в неделю,Незаконченное высшее (с 3-го курса вуза) или законченное высшее,Среднее,Неработающий пенсионер (в том числе по инвалидности),,,0.8063187860346296
07cff4b0f2cce25a,Женский,60.0,Северо-Западный федеральный округ,Город с численностью от 100 тысяч до 500 тысяч,"Нет, домашних животных нет",,,,,,,,,,,,,,,,,,,,,,,,,,Другое,Выгул в неположенных местах,,,,,,,,,,,,Смотрю более четырех часов ежедневно,Провожу в интернете более четырех часов ежедневно,"Среднее профессиональное (техникум, колледж, ПТУ)",Плохое,Работающий пенсионер,"Я работаю в КОММЕРЧЕСКОЙ организации, ее цель – получить прибыль (например, магазин, завод, фермерское хозяйство, АО/...","Финансовая и страховая деятельность, банковские услуги Включает в том числе: Банк, инвестиционный фонд, финансовая ар...",0.8761374519827441
07cfffe29bccec2c,Женский,84.0,Северо-Западный федеральный округ,Город с численностью от 100 тысяч до 500 тысяч,Беспородная кошка,,,,,,,,,,,,Ветеринарные клиники,Зоомагазины,ГрУминг-салоны (уход за животными),,,,,,,,,,Не бываю с питомцем в общественных местах,,,,,,,,,,,,,,,Смотрю более четырех часов ежедневно,Не пользуюсь,"Среднее профессиональное (техникум, колледж, ПТУ)",Среднее,Неработающий пенсионер (в том числе по инвалидности),,,0.8761374519827441
07d002b5078cea92,Женский,73.0,Северо-Западный федеральный округ,Город с численностью от 100 тысяч до 500 тысяч,Породистая собака,Беспородная кошка,,,,,,,,,,,Ветеринарные клиники,ГрУминг-салоны (уход за животными),Специализированные урны для утилизации отходов жизнедеятельности собак,Специально огороженные площадки для выгула или занятий домашних животных,Стойки с пакетами для уборки за собаками,Зоомагазины,,,,,,,Нет,4,,,,,,,,,,,,,,Ежедневно менее четырех часов в день,Eжедневно менее четырех часов в день,"Среднее профессиональное (техникум, колледж, ПТУ)",Среднее,Неработающий пенсионер (в том числе по инвалидности),,,0.8761374519827441
07d007766dccea1d,Женский,68.0,Северо-Западный федеральный округ,Город с численностью от 100 тысяч до 500 тысяч,Породистая кошка,,,,,,,,,,,,Зоомагазины,Ветеринарные клиники,,,,,,,,,,,Нет,,,,,,,,,,,,,,,Ежедневно менее четырех часов в день,Eжедневно менее четырех часов в день,"Среднее профессиональное (техникум, колледж, ПТУ)",Плохое,Работающий пенсионер,"Я работаю в БЮДЖЕТНОЙ организации, которая безвозмездно оказывает услуги населению (детский сад, общеобразовательная,...","Образование, наука Включает в том числе: ясли, детский сад, школа, ССУЗ, вуз, научно-исследовательские институты, центры",0.8761374519827441
07cfeb39958cec1d,Женский,80.0,Северо-Западный федеральный округ,Город с численностью от 100 тысяч до 500 тысяч,"Нет, домашних животных нет",,,,,,,,,,,,,,,,,,,,,,,,,,Ничего не беспокоило,,,,,,,,,,,,,Ежедневно менее четырех часов в день,Не пользуюсь,"Два и более высших образования, ученая степень кандидата или доктора наук",Хорошее,Неработающий пенсионер (в том числе по инвалидности),,,0.7281420774252991
07cff257eecce0a9,Женский,70.0,Северо-Западный федеральный округ,Город с численностью от 100 тысяч до 500 тысяч,Беспородная собака," Мелкие животные (хомячки, морские свинки, черепашки и т.п.)",Беспородная кошка,,,,,,,,,,Ветеринарные клиники,Зоомагазины,,,,,,,,,,,Не бываю с питомцем в общественных местах,3,,,,,,,,,,,,,,Смотрю более четырех часов ежедневно,Не пользуюсь,Незаконченное высшее (с 3-го курса вуза) или законченное высшее,Среднее,Неработающий пенсионер (в том числе по инвалидности),,,0.7281420774252991
07cff8bef54ce36d,Женский,69.0,Северо-Западный федеральный округ,Город с численностью от 100 тысяч до 500 тысяч,Беспородная кошка,,,,,,,,,,,,Ветеринарные клиники,,,,,,,,,,,,Не бываю с питомцем в общественных местах,,,,,,,,,,,,,,,Смотрю более четырех часов ежедневно,"Редко, но не менее одного раза в полгода",Незаконченное высшее (с 3-го курса вуза) или законченное высшее,Среднее,Неработающий пенсионер (в том числе по инвалидности),,,0.7281420774252991
07d008eddd0ce969,Женский,63.0,Северо-Западный федеральный округ,Город с численностью от 100 тысяч до 500 тысяч,Породистая кошка,,,,,,,,,,,,Ветеринарные клиники,"Магазины, в которых можно находиться с животными",ГрУминг-салоны (уход за животными),Зоомагазины,,,,,,,,,Нет,,,,,,,,,,,,,,,Ежедневно менее четырех часов в день,Несколько раз в неделю,Незаконченное высшее (с 3-го курса вуза) или законченное высшее,Среднее,Работающий пенсионер,"Я работаю в БЮДЖЕТНОЙ организации, которая безвозмездно оказывает услуги населению (детский сад, общеобразовательная,...","Социальные услуги, социальное обеспечение Включает в том числе: собес, пенсионный фонд, реабилитационный центр, центр...",0.7281420774252991
07d01dee23cce96e,Женский,62.0,Северо-Западный федеральный округ,Город с численностью от 100 тысяч до 500 тысяч,"Нет, домашних животных нет",,,,,,,,,,,,,,,,,,,,,,,,,,Отсутствие уборки за собаками во дворе,"Отсутствие уборки за собаками в доме (в лифте, в подъезде)",,,,,,,,,,,,Не смотрю,Провожу в интернете более четырех часов ежедневно,Незаконченное высшее (с 3-го курса вуза) или законченное высшее,Плохое,Неработающий пенсионер (в том числе по инвалидности),,,0.7281420774252991
07cfdb58c14ce6db,Женский,67.0,Южный федеральный округ,Город с численностью от 100 тысяч до 500 тысяч,"Нет, домашних животных нет",,,,,,,,,,,,,,,,,,,,,,,,,,Самовыгул собак (без поводка),"Укусы, нападения собак на людей",,,,,,,,,,,,Смотрю более четырех часов ежедневно,Не пользуюсь,"Среднее профессиональное (техникум, колледж, ПТУ)",Среднее,Работающий пенсионер,"Я работаю в КОММЕРЧЕСКОЙ организации, ее цель – получить прибыль (например, магазин, завод, фермерское хозяйство, АО/...","Промышленность, производство (в т.ч. добывающие, обрабатывающие отрасли, энергетика) Включает в том числе: Завод, ком...",0.8736289200198885
07cfd8be834ce6d9,Женский,63.0,Южный федеральный округ,Город с численностью от 100 тысяч до 500 тысяч,"Нет, домашних животных нет",,,,,,,,,,,,,,,,,,,,,,,,,,Выгул агрессивных собак без намордника,Выгул собак на длинном поводке,,,,,,,,,,,,Смотрю более четырех часов ежедневно,Eжедневно менее четырех часов в день,Незаконченное высшее (с 3-го курса вуза) или законченное высшее,Хорошее,Неработающий пенсионер (в том числе по инвалидности),,,0.8397146462483452
07d01667b7cce625,Женский,62.0,Южный федеральный округ,Город с численностью от 100 тысяч до 500 тысяч,"Нет, домашних животных нет",,,,,,,,,,,,,,,,,,,,,,,,,,Выгул агрессивных собак без намордника,,,,,,,,,,,,,Несколько раз в неделю,Несколько раз в месяц,Незаконченное высшее (с 3-го курса вуза) или законченное высшее,Среднее,Неработающий пенсионер (в том числе по инвалидности),,,0.8397146462483452
07d01b6f2c8ceef7,Женский,69.0,Южный федеральный округ,Город с численностью от 100 тысяч до 500 тысяч,"Нет, домашних животных нет",,,,,,,,,,,,,,,,,,,,,,,,,,Громкий лай в позднее или раннее время,,,,,,,,,,,,,Ежедневно менее четырех часов в день,Не пользуюсь,Незаконченное высшее (с 3-го курса вуза) или законченное высшее,Плохое,Работающий пенсионер,"Я работаю в БЮДЖЕТНОЙ организации, которая безвозмездно оказывает услуги населению (детский сад, общеобразовательная,...","Образование, наука Включает в том числе: ясли, детский сад, школа, ССУЗ, вуз, научно-исследовательские институты, центры",0.8397146462483452
07cfd9fa404ce3e8,Женский,75.0,Северо-Кавказский федеральный округ,Город с численностью от 100 тысяч до 500 тысяч,"Нет, домашних животных нет",,,,,,,,,,,,,,,,,,,,,,,,,,Ничего не беспокоило,,,,,,,,,,,,,Смотрю более четырех часов ежедневно,Не пользуюсь,"Среднее профессиональное (техникум, колледж, ПТУ)",Плохое,Неработающий пенсионер (в том числе по инвалидности),,,1.0144749409191844
07cff6328acce154,Женский,66.0,Северо-Кавказский федеральный округ,Город с численностью от 100 тысяч до 500 тысяч,Беспородная кошка,,,,,,,,,,,,Ничего,,,,,,,,,,,,Нет,,,,,,,,,,,,,,,Ежедневно менее четырех часов в день,Eжедневно менее четырех часов в день,"Среднее профессиональное (техникум, колледж, ПТУ)",Среднее,Неработающий пенсионер (в том числе по инвалидности),,,1.0144749409191844
07cfe4e6d64cecd2,Женский,67.0,Северо-Кавказский федеральный округ,Город с численностью от 100 тысяч до 500 тысяч,Беспородная кошка,,,,,,,,,,,,Лапомойки в доме,ГрУминг-салоны (уход за животными),Зоомагазины,Ветеринарные клиники,Специально огороженные площадки для выгула или занятий домашних животных,Стойки с пакетами для уборки за собаками,,,,,,,Нет,,,,,,,,,,,,,,,Ежедневно менее четырех часов в день,Eжедневно менее четырех часов в день,Незаконченное высшее (с 3-го курса вуза) или законченное высшее,Хорошее,Неработающий пенсионер (в том числе по инвалидности),,,0.8133645314879238
07cfd4462fcceec7,Женский,65.0,Приволжский федеральный округ,Город с численностью от 100 тысяч до 500 тысяч,Беспородная кошка,,,,,,,,,,,,Ничего,,,,,,,,,,,,"Да, часто",,,,,,,,,,,,,,,Смотрю более четырех часов ежедневно,Не пользуюсь,Среднее общее (10 или 11 классов школы с аттестатом),Плохое,Неработающий пенсионер (в том числе по инвалидности),,,0.8540082417602547
07cfd7a49c4ce4f3,Женский,76.0,Приволжский федеральный округ,Город с численностью от 100 тысяч до 500 тысяч,Беспородная кошка,,,,,,,,,,,,Затрудняюсь ответить,,,,,,,,,,,,Нет,,,,,,,,,,,,,,,Смотрю более четырех часов ежедневно,Не пользуюсь,"Среднее профессиональное (техникум, колледж, ПТУ)",Среднее,Неработающий пенсионер (в том числе по инвалидности),,,0.8540082417602547
07cfe1ec0e4ce754,Женский,76.0,Приволжский федеральный округ,Город с численностью от 100 тысяч до 500 тысяч,Породистая кошка,Породистая собака,,,,,,,,,,,Ветеринарные клиники,Зоомагазины,,,,,,,,,,,Не бываю с питомцем в общественных местах,3,,,,,,,,,,,,,,Смотрю более четырех часов ежедневно,Не пользуюсь,"Среднее профессиональное (техникум, колледж, ПТУ)",Среднее,Неработающий пенсионер (в том числе по инвалидности),,,0.8540082417602547
07cfe515cbccea8e,Женский,78.0,Приволжский федеральный округ,Город с численностью от 100 тысяч до 500 тысяч,"Нет, домашних животных нет",,,,,,,,,,,,,,,,,,,,,,,,,,Выгул в неположенных местах,Отсутствие уборки за собаками во дворе,,,,,,,,,,,,Смотрю более четырех часов ежедневно,Не пользуюсь,"Среднее профессиональное (техникум, колледж, ПТУ)",Среднее,Неработающий пенсионер (в том числе по инвалидности),,,0.8540082417602547
07cfee5db88ceac1,Женский,74.0,Приволжский федеральный округ,Город с численностью от 100 тысяч до 500 тысяч,"Нет, домашних животных нет",,,,,,,,,,,,,,,,,,,,,,,,,,Громкий лай в позднее или раннее время,,,,,,,,,,,,,Ежедневно менее четырех часов в день,Eжедневно менее четырех часов в день,"Среднее профессиональное (техникум, колледж, ПТУ)",Хорошее,Неработающий пенсионер (в том числе по инвалидности),,,0.8540082417602547
07cfed426c4ce745,Женский,61.0,Приволжский федеральный округ,Город с численностью от 100 тысяч до 500 тысяч,Породистая собака,,,,,,,,,,,,Специально огороженные площадки для выгула или занятий домашних животных,Ветеринарные клиники,,,,,,,,,,,Нет,5- полностью удовлетворен,,,,,,,,,,,,,,Ежедневно менее четырех часов в день,Не пользуюсь,"Среднее профессиональное (техникум, колледж, ПТУ)",Плохое,Неработающий пенсионер (в том числе по инвалидности),,,0.8540082417602547
07cff105704ce540,Женский,79.0,Приволжский федеральный округ,Город с численностью от 100 тысяч до 500 тысяч,"Нет, домашних животных нет",,,,,,,,,,,,,,,,,,,,,,,,,,Затрудняюсь ответить,,,,,,,,,,,,,Ежедневно менее четырех часов в день,Не пользуюсь,"Среднее профессиональное (техникум, колледж, ПТУ)",Хорошее,Неработающий пенсионер (в том числе по инвалидности),,,0.8540082417602547
07d00302d80cebae,Женский,65.0,Приволжский федеральный округ,Город с численностью от 100 тысяч до 500 тысяч,"Нет, домашних животных нет",,,,,,,,,,,,,,,,,,,,,,,,,,Ничего не беспокоило,,,,,,,,,,,,,Смотрю более четырех часов ежедневно,Не пользуюсь,Среднее общее (10 или 11 классов школы с аттестатом),Очень хорошее,Неработающий пенсионер (в том числе по инвалидности),,,0.8540082417602547
07d010c166cce1cc,Женский,73.0,Приволжский федеральный округ,Город с численностью от 100 тысяч до 500 тысяч,"Нет, домашних животных нет",,,,,,,,,,,,,,,,,,,,,,,,,,Ничего не беспокоило,,,,,,,,,,,,,Смотрю более четырех часов ежедневно,Не пользуюсь,"Среднее профессиональное (техникум, колледж, ПТУ)",Хорошее,Неработающий пенсионер (в том числе по инвалидности),,,0.8540082417602547
07cfe016a88ce86f,Женский,65.0,Приволжский федеральный округ,Город с численностью от 100 тысяч до 500 тысяч,"Нет, домашних животных нет",,,,,,,,,,,,,,,,,,,,,,,,,,Отсутствие уборки за собаками во дворе,,,,,,,,,,,,,Ежедневно менее четырех часов в день,Eжедневно менее четырех часов в день,Незаконченное высшее (с 3-го курса вуза) или законченное высшее,Плохое,Неработающий пенсионер (в том числе по инвалидности),,,0.8718147075288094
07cfe43c598ce56b,Женский,70.0,Приволжский федеральный округ,Город с численностью от 100 тысяч до 500 тысяч,Беспородная кошка,,,,,,,,,,,,Ветеринарные клиники,Зоомагазины,,,,,,,,,,,Нет,,,,,,,,,,,,,,,Несколько раз в неделю,Не пользуюсь,Незаконченное высшее (с 3-го курса вуза) или законченное высшее,Среднее,Неработающий пенсионер (в том числе по инвалидности),,,0.8718147075288094
07cfe455400cee40,Женский,62.0,Приволжский федеральный округ,Город с численностью от 100 тысяч до 500 тысяч,Беспородная кошка,,,,,,,,,,,,ГрУминг-салоны (уход за животными),Ветеринарные клиники,"Магазины, в которых можно находиться с животными",Зоомагазины,,,,,,,,,Не бываю с питомцем в общественных местах,,,,,,,,,,,,,,,Не смотрю,Провожу в интернете более четырех часов ежедневно,Незаконченное высшее (с 3-го курса вуза) или законченное высшее,Затрудняюсь ответить,Неработающий пенсионер (в том числе по инвалидности),,,0.8718147075288094
07cfef419f4cecaf,Женский,78.0,Приволжский федеральный округ,Город с численностью от 100 тысяч до 500 тысяч,Беспородная кошка,,,,,,,,,,,,Зоомагазины,Ветеринарные клиники,,,,,,,,,,,"Да, время от времени",,,,,,,,,,,,,,,Не смотрю,Провожу в интернете более четырех часов ежедневно,"Два и более высших образования, ученая степень кандидата или доктора наук",Среднее,Неработающий пенсионер (в том числе по инвалидности),,,0.8718147075288094
07cff7c3f00cec73,Женский,62.0,Приволжский федеральный округ,Город с численностью от 100 тысяч до 500 тысяч,"Нет, домашних животных нет",,,,,,,,,,,,,,,,,,,,,,,,,,Ничего не беспокоило,,,,,,,,,,,,,Не смотрю,Провожу в интернете более четырех часов ежедневно,Незаконченное высшее (с 3-го курса вуза) или законченное высшее,Плохое,Неработающий пенсионер (в том числе по инвалидности),,,0.8718147075288094
07d0007c80cceed1,Женский,65.0,Приволжский федеральный округ,Город с численностью от 100 тысяч до 500 тысяч,Породистая собака,Породистая кошка,,,,,,,,,,,Зоомагазины,Ветеринарные клиники,,,,,,,,,,,Не бываю с питомцем в общественных местах,1 – совершенно не удовлетворен,,,,,,,,,,,,,,Смотрю более четырех часов ежедневно,Eжедневно менее четырех часов в день,Незаконченное высшее (с 3-го курса вуза) или законченное высшее,Среднее,Неработающий пенсионер (в том числе по инвалидности),,,0.8718147075288094
07d001af080ce2c4,Женский,67.0,Приволжский федеральный округ,Город с численностью от 100 тысяч до 500 тысяч,Беспородная кошка,,,,,,,,,,,,Зоомагазины,Ветеринарные клиники,,,,,,,,,,,Не бываю с питомцем в общественных местах,,,,,,,,,,,,,,,Ежедневно менее четырех часов в день,Eжедневно менее четырех часов в день,Незаконченное высшее (с 3-го курса вуза) или законченное высшее,Хорошее,Неработающий пенсионер (в том числе по инвалидности),,,0.8718147075288094
07d00356584cee38,Женский,71.0,Приволжский федеральный округ,Город с численностью от 100 тысяч до 500 тысяч,Породистая кошка,,,,,,,,,,,,Ветеринарные клиники,Зоомагазины,,,,,,,,,,,Нет,,,,,,,,,,,,,,,Смотрю более четырех часов ежедневно,Eжедневно менее четырех часов в день,"Два и более высших образования, ученая степень кандидата или доктора наук",Хорошее,Работающий пенсионер,"Я работаю в КОММЕРЧЕСКОЙ организации, ее цель – получить прибыль (например, магазин, завод, фермерское хозяйство, АО/...","Промышленность, производство (в т.ч. добывающие, обрабатывающие отрасли, энергетика) Включает в том числе: Завод, ком...",0.8718147075288094
07cfc927158cead9,Женский,60.0,Уральский федеральный округ,Город с численностью от 100 тысяч до 500 тысяч,"Нет, домашних животных нет",,,,,,,,,,,,,,,,,,,,,,,,,,"Укусы, нападения собак на людей",,,,,,,,,,,,,Смотрю более четырех часов ежедневно,Не пользуюсь,"Среднее профессиональное (техникум, колледж, ПТУ)",Очень плохое,Неработающий пенсионер (в том числе по инвалидности),,,0.8956315703899647
07cfda0adfcce878,Женский,64.0,Уральский федеральный округ,Город с численностью от 100 тысяч до 500 тысяч,Беспородная собака,,,,,,,,,,,,Специально огороженные площадки для выгула или занятий домашних животных,,,,,,,,,,,,Нет,5- полностью удовлетворен,,,,,,,,,,,,,,Смотрю более четырех часов ежедневно,Eжедневно менее четырех часов в день,Среднее общее (10 или 11 классов школы с аттестатом),Среднее,Работающий пенсионер,"Я работаю в КОММЕРЧЕСКОЙ организации, ее цель – получить прибыль (например, магазин, завод, фермерское хозяйство, АО/...",Другое (укажите),0.8956315703899647
07cfb7f21bccedb8,Женский,62.0,Уральский федеральный округ,Город с численностью от 100 тысяч до 500 тысяч,Беспородная кошка,,,,,,,,,,,,Специально огороженные площадки для выгула или занятий домашних животных,Специализированные урны для утилизации отходов жизнедеятельности собак,Зоомагазины,Ветеринарные клиники,Стойки с пакетами для уборки за собаками,"Кафе, в которых можно находиться с животными",ГрУминг-салоны (уход за животными),"Магазины, в которых можно находиться с животными",Лапомойки в доме,,,,Не бываю с питомцем в общественных местах,,,,,,,,,,,,,,,Несколько раз в месяц,Eжедневно менее четырех часов в день,Незаконченное высшее (с 3-го курса вуза) или законченное высшее,Среднее,Неработающий пенсионер (в том числе по инвалидности),,,0.7928300722794631
07cfe7901d4ce19f,Женский,72.0,Уральский федеральный округ,Город с численностью от 100 тысяч до 500 тысяч,Породистая кошка,,,,,,,,,,,,Ветеринарные клиники,Зоомагазины,,,,,,,,,,,Не бываю с питомцем в общественных местах,,,,,,,,,,,,,,,Ежедневно менее четырех часов в день,Несколько раз в неделю,Незаконченное высшее (с 3-го курса вуза) или законченное высшее,Хорошее,Неработающий пенсионер (в том числе по инвалидности),,,0.7928300722794631
07d00c902e4ce92b,Женский,69.0,Уральский федеральный округ,Город с численностью от 100 тысяч до 500 тысяч,"Нет, домашних животных нет",,,,,,,,,,,,,,,,,,,,,,,,,,"Отсутствие уборки за собаками в доме (в лифте, в подъезде)",Отсутствие уборки за собаками во дворе,Выгул в неположенных местах,"Укусы, нападения собак на людей",,,,,,,,,,Ежедневно менее четырех часов в день,Eжедневно менее четырех часов в день,Незаконченное высшее (с 3-го курса вуза) или законченное высшее,Хорошее,Неработающий пенсионер (в том числе по инвалидности),,,0.7928300722794631
07cfb9707dcce82f,Женский,88.0,Сибирский федеральный округ,Город с численностью от 100 тысяч до 500 тысяч,Беспородная кошка,,,,,,,,,,,,Зоомагазины,,,,,,,,,,,,Не бываю с питомцем в общественных местах,,,,,,,,,,,,,,,Ежедневно менее четырех часов в день,Не пользуюсь,"Среднее профессиональное (техникум, колледж, ПТУ)",Среднее,Неработающий пенсионер (в том числе по инвалидности),,,0.8932236512498738
07cfc90441cce598,Женский,69.0,Сибирский федеральный округ,Город с численностью от 100 тысяч до 500 тысяч,Породистая собака,,,,,,,,,,,,Ничего,,,,,,,,,,,,Не бываю с питомцем в общественных местах,3,,,,,,,,,,,,,,Ежедневно менее четырех часов в день,Не пользуюсь,Среднее общее (10 или 11 классов школы с аттестатом),Среднее,Неработающий пенсионер (в том числе по инвалидности),,,0.8932236512498738
07cfcaa57d4cee17,Женский,77.0,Сибирский федеральный округ,Город с численностью от 100 тысяч до 500 тысяч,Беспородная собака,Беспородная кошка,,,,,,,,,,,Ничего,,,,,,,,,,,,Нет,1 – совершенно не удовлетворен,,,,,,,,,,,,,,Ежедневно менее четырех часов в день,Не пользуюсь,"Среднее профессиональное (техникум, колледж, ПТУ)",Среднее,Неработающий пенсионер (в том числе по инвалидности),,,0.8932236512498738
07cfdf3842cce3a5,Женский,85.0,Сибирский федеральный округ,Город с численностью от 100 тысяч до 500 тысяч,Беспородная кошка,,,,,,,,,,,,Зоомагазины,Ветеринарные клиники,ГрУминг-салоны (уход за животными),,,,,,,,,,Нет,,,,,,,,,,,,,,,Смотрю более четырех часов ежедневно,Не пользуюсь,"Среднее профессиональное (техникум, колледж, ПТУ)",Среднее,Самозанятый,,Затрудняюсь ответить,0.8932236512498738
07cfc7fc3d0ced59,Женский,77.0,Сибирский федеральный округ,Город с численностью от 100 тысяч до 500 тысяч,"Нет, домашних животных нет",,,,,,,,,,,,,,,,,,,,,,,,,,Ничего не беспокоило,,,,,,,,,,,,,Ежедневно менее четырех часов в день,Eжедневно менее четырех часов в день,Незаконченное высшее (с 3-го курса вуза) или законченное высшее,Хорошее,Неработающий пенсионер (в том числе по инвалидности),,,0.8679784688371406
07cfbbea574ce031,Женский,84.0,Дальневосточный федеральный округ,Город с численностью от 100 тысяч до 500 тысяч,"Нет, домашних животных нет",,,,,,,,,,,,,,,,,,,,,,,,,,Выгул собак на длинном поводке,,,,,,,,,,,,,Смотрю более четырех часов ежедневно,Не пользуюсь,"Среднее профессиональное (техникум, колледж, ПТУ)",Среднее,Неработающий пенсионер (в том числе по инвалидности),,,0.8111814309394193
07cf94deb44ce3c6,Женский,61.0,Дальневосточный федеральный округ,Город с численностью от 100 тысяч до 500 тысяч,Беспородная кошка,,,,,,,,,,,,Ветеринарные клиники,Зоомагазины,,,,,,,,,,,Не бываю с питомцем в общественных местах,,,,,,,,,,,,,,,Не смотрю,Провожу в интернете более четырех часов ежедневно,Незаконченное высшее (с 3-го курса вуза) или законченное высшее,Плохое,Неработающий пенсионер (в том числе по инвалидности),,,1.0988928718246214
07cfc8a4e54ce842,Женский,76.0,Дальневосточный федеральный округ,Город с численностью от 100 тысяч до 500 тысяч,"Нет, домашних животных нет",,,,,,,,,,,,,,,,,,,,,,,,,,Ничего не беспокоило,,,,,,,,,,,,,Не смотрю,Не пользуюсь,"Два и более высших образования, ученая степень кандидата или доктора наук",Затрудняюсь ответить,Работающий пенсионер,"Я работаю в КОММЕРЧЕСКОЙ организации, ее цель – получить прибыль (например, магазин, завод, фермерское хозяйство, АО/...",Другое (укажите),1.0988928718246214
07d0004416cce0a4,Женский,72.0,Центральный федеральный округ,Город с численностью от 500 тысяч до 950 тысяч,"Нет, домашних животных нет",,,,,,,,,,,,,,,,,,,,,,,,,,Большое количество бродячих собак (из другого),,,,,,,,,,,,,Смотрю более четырех часов ежедневно,Не пользуюсь,Среднее общее (10 или 11 классов школы с аттестатом),Хорошее,Работающий пенсионер,"Я работаю в БЮДЖЕТНОЙ организации, которая безвозмездно оказывает услуги населению (детский сад, общеобразовательная,...","Здравоохранение Включает в том числе: поликлиники, медицинские центры, больницы, стационары,  «Скорая помощь», санатории",0.7740090168916336
07cff7cf844cee92,Женский,75.0,Центральный федеральный округ,Город с численностью от 500 тысяч до 950 тысяч,"Нет, домашних животных нет",,,,,,,,,,,,,,,,,,,,,,,,,,Ничего не беспокоило,,,,,,,,,,,,,Смотрю более четырех часов ежедневно,Не пользуюсь,Незаконченное высшее (с 3-го курса вуза) или законченное высшее,Среднее,Неработающий пенсионер (в том числе по инвалидности),,,0.7032579718916775
07cffdfa158ce7d5,Женский,74.0,Центральный федеральный округ,Город с численностью от 500 тысяч до 950 тысяч,Беспородная кошка,,,,,,,,,,,,Зоомагазины,ГрУминг-салоны (уход за животными),Ветеринарные клиники,,,,,,,,,,"Да, время от времени",,,,,,,,,,,,,,,Ежедневно менее четырех часов в день,Не пользуюсь,Незаконченное высшее (с 3-го курса вуза) или законченное высшее,Среднее,Неработающий пенсионер (в том числе по инвалидности),,,0.7032579718916775
07cfff39364ce8ae,Женский,62.0,Северо-Кавказский федеральный округ,Город с численностью от 500 тысяч до 950 тысяч," Мелкие животные (хомячки, морские свинки, черепашки и т.п.)",,,,,,,,,,,,Затрудняюсь ответить,,,,,,,,,,,,Нет,,,,,,,,,,,,,,,"Редко, но не менее одного раза в полгода",Eжедневно менее четырех часов в день,Незаконченное высшее (с 3-го курса вуза) или законченное высшее,Плохое,Неработающий пенсионер (в том числе по инвалидности),,,0.7094031550918812
07cfe154808ce9cc,Женский,73.0,Приволжский федеральный округ,Город с численностью от 500 тысяч до 950 тысяч,"Нет, домашних животных нет",,,,,,,,,,,,,,,,,,,,,,,,,,Громкий лай в позднее или раннее время,Выгул агрессивных собак без намордника,,,,,,,,,,,,Смотрю более четырех часов ежедневно,Провожу в интернете более четырех часов ежедневно,"Среднее профессиональное (техникум, колледж, ПТУ)",Среднее,Неработающий пенсионер (в том числе по инвалидности),,,0.7448519301313915
07cfe45e680ce119,Женский,69.0,Приволжский федеральный округ,Город с численностью от 500 тысяч до 950 тысяч,"Нет, домашних животных нет",,,,,,,,,,,,,,,,,,,,,,,,,,Ничего не беспокоило,,,,,,,,,,,,,Смотрю более четырех часов ежедневно,Не пользуюсь,"Среднее профессиональное (техникум, колледж, ПТУ)",Плохое,Работающий пенсионер,"Я работаю в БЮДЖЕТНОЙ организации, которая безвозмездно оказывает услуги населению (детский сад, общеобразовательная,...","Здравоохранение Включает в том числе: поликлиники, медицинские центры, больницы, стационары,  «Скорая помощь», санатории",0.7448519301313915
07cff134bc4ce059,Женский,70.0,Приволжский федеральный округ,Город с численностью от 500 тысяч до 950 тысяч,Беспородная кошка,,,,,,,,,,,,Ветеринарные клиники,,,,,,,,,,,,Нет,,,,,,,,,,,,,,,Смотрю более четырех часов ежедневно,Eжедневно менее четырех часов в день,"Среднее профессиональное (техникум, колледж, ПТУ)",Плохое,Неработающий пенсионер (в том числе по инвалидности),,,0.7448519301313915
07cff44ece8cee76,Женский,66.0,Приволжский федеральный округ,Город с численностью от 500 тысяч до 950 тысяч,"Нет, домашних животных нет",,,,,,,,,,,,,,,,,,,,,,,,,,Ничего не беспокоило,,,,,,,,,,,,,Ежедневно менее четырех часов в день,Eжедневно менее четырех часов в день,"Среднее профессиональное (техникум, колледж, ПТУ)",Среднее,Неработающий пенсионер (в том числе по инвалидности),,,0.7448519301313915
07cff8c72acce617,Женский,62.0,Приволжский федеральный округ,Город с численностью от 500 тысяч до 950 тысяч,Беспородная кошка,,,,,,,,,,,,Зоомагазины,Специально огороженные площадки для выгула или занятий домашних животных,,,,,,,,,,,Не бываю с питомцем в общественных местах,,,,,,,,,,,,,,,Ежедневно менее четырех часов в день,Eжедневно менее четырех часов в день,"Среднее профессиональное (техникум, колледж, ПТУ)",Среднее,Неработающий пенсионер (в том числе по инвалидности),,,0.7448519301313915
07cffba27c8ce79a,Женский,80.0,Приволжский федеральный округ,Город с численностью от 500 тысяч до 950 тысяч,"Нет, домашних животных нет",,,,,,,,,,,,,,,,,,,,,,,,,,Агрессивное поведение собак по отношению к другим животным,Самовыгул собак (без поводка),Отсутствие уборки за собаками во дворе,Выгул собак на длинном поводке,"Укусы, нападения собак на людей",Выгул агрессивных собак без намордника,,,,,,,,Несколько раз в неделю,Не пользуюсь,"Среднее профессиональное (техникум, колледж, ПТУ)",Среднее,Неработающий пенсионер (в том числе по инвалидности),,,0.7448519301313915
07cfea8fa7ccefad,Женский,62.0,Приволжский федеральный округ,Город с численностью от 500 тысяч до 950 тысяч,Беспородная кошка,,,,,,,,,,,,"Кафе, в которых можно находиться с животными",Специально огороженные площадки для выгула или занятий домашних животных,ГрУминг-салоны (уход за животными),"Магазины, в которых можно находиться с животными",Зоомагазины,Ветеринарные клиники,,,,,,,"Да, часто",,,,,,,,,,,,,,,Ежедневно менее четырех часов в день,Провожу в интернете более четырех часов ежедневно,Незаконченное высшее (с 3-го курса вуза) или законченное высшее,Среднее,"Временно не работаю, безработный",,,0.76038243645202
07cff68fad0ce859,Женский,72.0,Приволжский федеральный округ,Город с численностью от 500 тысяч до 950 тысяч,"Нет, домашних животных нет",,,,,,,,,,,,,,,,,,,,,,,,,,Ничего не беспокоило,,,,,,,,,,,,,Несколько раз в месяц,Eжедневно менее четырех часов в день,Незаконченное высшее (с 3-го курса вуза) или законченное высшее,Очень плохое,Неработающий пенсионер (в том числе по инвалидности),,,0.76038243645202
07cff8ff46cce1ec,Женский,70.0,Приволжский федеральный округ,Город с численностью от 500 тысяч до 950 тысяч,Породистая собака,Беспородная кошка,,,,,,,,,,,"Магазины, в которых можно находиться с животными",Ветеринарные клиники,Зоомагазины,,,,,,,,,,Нет,3,,,,,,,,,,,,,,Не смотрю,Не пользуюсь,Незаконченное высшее (с 3-го курса вуза) или законченное высшее,Очень плохое,Неработающий пенсионер (в том числе по инвалидности),,,0.76038243645202
07d003a6eeccef2f,Женский,70.0,Приволжский федеральный округ,Город с численностью от 500 тысяч до 950 тысяч,Беспородная собака,Беспородная кошка,,,,,,,,,,,Зоомагазины,ГрУминг-салоны (уход за животными),,,,,,,,,,,Нет,5- полностью удовлетворен,,,,,,,,,,,,,,Смотрю более четырех часов ежедневно,Не пользуюсь,Незаконченное высшее (с 3-го курса вуза) или законченное высшее,Среднее,Неработающий пенсионер (в том числе по инвалидности),,,0.76038243645202
07cfc4943e4ce932,Женский,71.0,Уральский федеральный округ,Город с численностью от 500 тысяч до 950 тысяч,Беспородная кошка,,,,,,,,,,,,Затрудняюсь ответить,,,,,,,,,,,,Не бываю с питомцем в общественных местах,,,,,,,,,,,,,,,Ежедневно менее четырех часов в день,Eжедневно менее четырех часов в день,Среднее общее (10 или 11 классов школы с аттестатом),Среднее,Неработающий пенсионер (в том числе по инвалидности),,,0.7811551121761335
07cfce7da04ceffc,Женский,82.0,Уральский федеральный округ,Город с численностью от 500 тысяч до 950 тысяч,Породистая кошка,,,,,,,,,,,,Ничего,,,,,,,,,,,,Не бываю с питомцем в общественных местах,,,,,,,,,,,,,,,Смотрю более четырех часов ежедневно,Не пользуюсь,"Среднее профессиональное (техникум, колледж, ПТУ)",Среднее,Неработающий пенсионер (в том числе по инвалидности),,,0.7811551121761335
07cfc592480ce481,Женский,70.0,Уральский федеральный округ,Город с численностью от 500 тысяч до 950 тысяч,Беспородная кошка,Породистая собака,,,,,,,,,,,Ничего,,,,,,,,,,,,Нет,5- полностью удовлетворен,,,,,,,,,,,,,,Смотрю более четырех часов ежедневно,"Редко, но не менее одного раза в полгода",Незаконченное высшее (с 3-го курса вуза) или законченное высшее,Среднее,Работающий пенсионер,Затрудняюсь ответить/ отказ от ответа,Другое (укажите),0.6914933378000709
07cfd641eb0ce13a,Женский,72.0,Уральский федеральный округ,Город с численностью от 500 тысяч до 950 тысяч,Породистая кошка,,,,,,,,,,,,Специализированные урны для утилизации отходов жизнедеятельности собак,Ветеринарные клиники,Зоомагазины,ГрУминг-салоны (уход за животными),Специально огороженные площадки для выгула или занятий домашних животных,,,,,,,,Нет,,,,,,,,,,,,,,,Ежедневно менее четырех часов в день,Провожу в интернете более четырех часов ежедневно,"Два и более высших образования, ученая степень кандидата или доктора наук",Среднее,Неработающий пенсионер (в том числе по инвалидности),,,0.6914933378000709
07cfd9843d8ce185,Женский,65.0,Уральский федеральный округ,Город с численностью от 500 тысяч до 950 тысяч,"Нет, домашних животных нет",,,,,,,,,,,,,,,,,,,,,,,,,,Отсутствие уборки за собаками во дворе,"Отсутствие уборки за собаками в доме (в лифте, в подъезде)",,,,,,,,,,,,Смотрю более четырех часов ежедневно,Eжедневно менее четырех часов в день,Незаконченное высшее (с 3-го курса вуза) или законченное высшее,Среднее,Неработающий пенсионер (в том числе по инвалидности),,,0.6914933378000709
07cfba8a4f0cefd0,Женский,72.0,Сибирский федеральный округ,Город с численностью от 500 тысяч до 950 тысяч,"Нет, домашних животных нет",,,,,,,,,,,,,,,,,,,,,,,,,,Отсутствие уборки за собаками во дворе,Выгул в неположенных местах,,,,,,,,,,,,Ежедневно менее четырех часов в день,Eжедневно менее четырех часов в день,"Среднее профессиональное (техникум, колледж, ПТУ)",Среднее,Неработающий пенсионер (в том числе по инвалидности),,,0.7790549647403192
07cfc8e926cce00b,Женский,65.0,Сибирский федеральный округ,Город с численностью от 500 тысяч до 950 тысяч,"Нет, домашних животных нет",,,,,,,,,,,,,,,,,,,,,,,,,,Отсутствие уборки за собаками во дворе,,,,,,,,,,,,,Ежедневно менее четырех часов в день,Несколько раз в неделю,"Среднее профессиональное (техникум, колледж, ПТУ)",Среднее,Неработающий пенсионер (в том числе по инвалидности),,,0.7790549647403192
07cfcdfc6d8ce77c,Женский,67.0,Сибирский федеральный округ,Город с численностью от 500 тысяч до 950 тысяч,"Нет, домашних животных нет",,,,,,,,,,,,,,,,,,,,,,,,,,Самовыгул собак (без поводка),,,,,,,,,,,,,Ежедневно менее четырех часов в день,Eжедневно менее четырех часов в день,"Среднее профессиональное (техникум, колледж, ПТУ)",Хорошее,Неработающий пенсионер (в том числе по инвалидности),,,0.7790549647403192
07cfcfbe3a8ce901,Женский,80.0,Сибирский федеральный округ,Город с численностью от 500 тысяч до 950 тысяч,Беспородная кошка,,,,,,,,,,,,Ничего,,,,,,,,,,,,Не бываю с питомцем в общественных местах,,,,,,,,,,,,,,,Ежедневно менее четырех часов в день,Не пользуюсь,"Среднее профессиональное (техникум, колледж, ПТУ)",Хорошее,Неработающий пенсионер (в том числе по инвалидности),,,0.7790549647403192
07cfd0c101cce2cb,Женский,76.0,Сибирский федеральный округ,Город с численностью от 500 тысяч до 950 тысяч,Беспородная кошка,,,,,,,,,,,,Специально огороженные площадки для выгула или занятий домашних животных,Зоомагазины,Ветеринарные клиники,"Кафе, в которых можно находиться с животными",ГрУминг-салоны (уход за животными),,,,,,,,Нет,,,,,,,,,,,,,,,Смотрю более четырех часов ежедневно,Не пользуюсь,Среднее общее (10 или 11 классов школы с аттестатом),Хорошее,Неработающий пенсионер (в том числе по инвалидности),,,0.7790549647403192
07cfd952e04ce4a0,Женский,86.0,Сибирский федеральный округ,Город с численностью от 500 тысяч до 950 тысяч,"Нет, домашних животных нет",,,,,,,,,,,,,,,,,,,,,,,,,,Ничего не беспокоило,,,,,,,,,,,,,Ежедневно менее четырех часов в день,Не пользуюсь,"Среднее профессиональное (техникум, колледж, ПТУ)",Среднее,Неработающий пенсионер (в том числе по инвалидности),,,0.7790549647403192
07cfe5e77d4cea6a,Женский,69.0,Сибирский федеральный округ,Город с численностью от 500 тысяч до 950 тысяч,Породистая собака,,,,,,,,,,,,Ветеринарные клиники,Зоомагазины,,,,,,,,,,,"Да, время от времени",2,,,,,,,,,,,,,,Ежедневно менее четырех часов в день,Несколько раз в неделю,"Среднее профессиональное (техникум, колледж, ПТУ)",Очень плохое,Неработающий пенсионер (в том числе по инвалидности),,,0.7790549647403192
07cfc9ef404cefee,Женский,72.0,Сибирский федеральный округ,Город с численностью от 500 тысяч до 950 тысяч,Беспородная собака,,,,,,,,,,,,Специализированные урны для утилизации отходов жизнедеятельности собак,Зоомагазины,Ветеринарные клиники,,,,,,,,,,Нет,1 – совершенно не удовлетворен,,,,,,,,,,,,,,Смотрю более четырех часов ежедневно,"Редко, но не менее одного раза в полгода",Незаконченное высшее (с 3-го курса вуза) или законченное высшее,Среднее,Неработающий пенсионер (в том числе по инвалидности),,,0.7570365322157279
07cfccdd58cceb5f,Женский,78.0,Сибирский федеральный округ,Город с численностью от 500 тысяч до 950 тысяч,"Нет, домашних животных нет",,,,,,,,,,,,,,,,,,,,,,,,,,Отсутствие уборки за собаками во дворе,Самовыгул собак (без поводка),Выгул агрессивных собак без намордника,Агрессивное поведение собак по отношению к другим животным,Громкий лай в позднее или раннее время,"Укусы, нападения собак на людей",,,,,,,,Смотрю более четырех часов ежедневно,Не пользуюсь,Незаконченное высшее (с 3-го курса вуза) или законченное высшее,Среднее,Неработающий пенсионер (в том числе по инвалидности),,,0.7570365322157279
07cfdce0418ce73f,Женский,69.0,Сибирский федеральный округ,Город с численностью от 500 тысяч до 950 тысяч,Беспородная кошка,,,,,,,,,,,,Ничего,,,,,,,,,,,,Не бываю с питомцем в общественных местах,,,,,,,,,,,,,,,Несколько раз в неделю,Не пользуюсь,Незаконченное высшее (с 3-го курса вуза) или законченное высшее,Очень плохое,Неработающий пенсионер (в том числе по инвалидности),,,0.7570365322157279
07cfebf0c84ce1b6,Женский,62.0,Сибирский федеральный округ,Город с численностью от 500 тысяч до 950 тысяч,Породистая кошка,,,,,,,,,,,,Зоомагазины,Ветеринарные клиники,,,,,,,,,,,Не бываю с питомцем в общественных местах,,,,,,,,,,,,,,,Не смотрю,Eжедневно менее четырех часов в день,Незаконченное высшее (с 3-го курса вуза) или законченное высшее,Хорошее,Неработающий пенсионер (в том числе по инвалидности),,,0.7570365322157279
07cfa349bf4ce909,Женский,77.0,Дальневосточный федеральный округ,Город с численностью от 500 тысяч до 950 тысяч,Беспородная кошка,,,,,,,,,,,,Зоомагазины,,,,,,,,,,,,Не бываю с питомцем в общественных местах,,,,,,,,,,,,,,,Смотрю более четырех часов ежедневно,Провожу в интернете более четырех часов ежедневно,Незаконченное высшее (с 3-го курса вуза) или законченное высшее,Плохое,Неработающий пенсионер (в том числе по инвалидности),,,0.9584362732836225
07cfeb08e50cefd7,Женский,76.0,Дальневосточный федеральный округ,Город с численностью от 500 тысяч до 950 тысяч,"Нет, домашних животных нет",,,,,,,,,,,,,,,,,,,,,,,,,,Отсутствие уборки за собаками во дворе,Выгул собак на длинном поводке,,,,,,,,,,,,Ежедневно менее четырех часов в день,Провожу в интернете более четырех часов ежедневно,"Два и более высших образования, ученая степень кандидата или доктора наук",Среднее,Неработающий пенсионер (в том числе по инвалидности),,,0.9584362732836225
07cfe7a3604ce857,Женский,64.0,Центральный федеральный округ,Город с численностью жителей миллион и более человек,Беспородная кошка,Беспородная собака,,,,,,,,,,,Ничего,,,,,,,,,,,,Нет,1 – совершенно не удовлетворен,,,,,,,,,,,,,,Смотрю более четырех часов ежедневно,Eжедневно менее четырех часов в день,"Среднее профессиональное (техникум, колледж, ПТУ)",Среднее,Неработающий пенсионер (в том числе по инвалидности),,,1.059836131088026
07d006701f8ce279,Женский,66.0,Центральный федеральный округ,Город с численностью жителей миллион и более человек,Беспородная собака,Беспородная кошка,,,,,,,,,,,Ветеринарные клиники,Специально огороженные площадки для выгула или занятий домашних животных,Специализированные урны для утилизации отходов жизнедеятельности собак,"Магазины, в которых можно находиться с животными",,,,,,,,,"Да, время от времени",5- полностью удовлетворен,,,,,,,,,,,,,,Смотрю более четырех часов ежедневно,Провожу в интернете более четырех часов ежедневно,"Среднее профессиональное (техникум, колледж, ПТУ)",Среднее,Неработающий пенсионер (в том числе по инвалидности),,,1.059836131088026
07d00748cf8cefee,Женский,61.0,Центральный федеральный округ,Город с численностью жителей миллион и более человек,"Нет, домашних животных нет",,,,,,,,,,,,,,,,,,,,,,,,,,Выгул собак на длинном поводке,"Отсутствие уборки за собаками в доме (в лифте, в подъезде)",Агрессивное поведение собак по отношению к другим животным,Отсутствие уборки за собаками во дворе,Выгул в неположенных местах,Громкий лай в позднее или раннее время,Другое,,,,,,,Не смотрю,Eжедневно менее четырех часов в день,"Среднее профессиональное (техникум, колледж, ПТУ)",Среднее,Неработающий пенсионер (в том числе по инвалидности),,,1.059836131088026
07d00f09f08cede9,Женский,60.0,Центральный федеральный округ,Город с численностью жителей миллион и более человек,Беспородная собака,,,,,,,,,,,,Ветеринарные клиники,Специально огороженные площадки для выгула или занятий домашних животных,"Магазины, в которых можно находиться с животными",Зоомагазины,,,,,,,,,"Да, время от времени",4,,,,,,,,,,,,,,Смотрю более четырех часов ежедневно,Eжедневно менее четырех часов в день,Среднее общее (10 или 11 классов школы с аттестатом),Очень плохое,Самозанятый,,"Сфера услуг, сервиса, бытового обслуживания Включает в том числе: Прачечная/химчистка, ремонт мебели, часов, ювелирны...",1.059836131088026
07d00a66080ce4be,Женский,74.0,Центральный федеральный округ,Город с численностью жителей миллион и более человек,"Нет, домашних животных нет",,,,,,,,,,,,,,,,,,,,,,,,,,Ничего не беспокоило,,,,,,,,,,,,,Ежедневно менее четырех часов в день,Не пользуюсь,"Среднее профессиональное (техникум, колледж, ПТУ)",Очень хорошее,Неработающий пенсионер (в том числе по инвалидности),,,1.059836131088026
07d020a4b08ce28f,Женский,60.0,Центральный федеральный округ,Город с численностью жителей миллион и более человек,Беспородная кошка,,,,,,,,,,,,Зоомагазины,Ветеринарные клиники,,,,,,,,,,,Нет,,,,,,,,,,,,,,,Ежедневно менее четырех часов в день,Не пользуюсь,"Среднее профессиональное (техникум, колледж, ПТУ)",Плохое,Неработающий пенсионер (в том числе по инвалидности),,,1.059836131088026
07cfddafd18ce31e,Женский,70.0,Центральный федеральный округ,Город с численностью жителей миллион и более человек,Беспородная кошка,,,,,,,,,,,,Специализированные урны для утилизации отходов жизнедеятельности собак,Ветеринарные клиники,"Магазины, в которых можно находиться с животными",Специально огороженные площадки для выгула или занятий домашних животных,Зоомагазины,,,,,,,,Нет,,,,,,,,,,,,,,,Ежедневно менее четырех часов в день,Eжедневно менее четырех часов в день,Незаконченное высшее (с 3-го курса вуза) или законченное высшее,Среднее,Неработающий пенсионер (в том числе по инвалидности),,,1.0400440286708799
07d001824c8ce92c,Женский,66.0,Центральный федеральный округ,Город с численностью жителей миллион и более человек,"Нет, домашних животных нет",,,,,,,,,,,,,,,,,,,,,,,,,,Ничего не беспокоило,,,,,,,,,,,,,Не смотрю,Провожу в интернете более четырех часов ежедневно,Незаконченное высшее (с 3-го курса вуза) или законченное высшее,Очень плохое,Неработающий пенсионер (в том числе по инвалидности),,,1.0400440286708799
07d006f8694ce034,Женский,79.0,Центральный федеральный округ,Город с численностью жителей миллион и более человек,Беспородная кошка,Породистая кошка,,,,,,,,,,,Зоомагазины,Ветеринарные клиники,,,,,,,,,,,Нет,,,,,,,,,,,,,,,Несколько раз в неделю,Eжедневно менее четырех часов в день,Незаконченное высшее (с 3-го курса вуза) или законченное высшее,Среднее,Неработающий пенсионер (в том числе по инвалидности),,,1.0400440286708799
07d008b1158cece8,Женский,71.0,Центральный федеральный округ,Город с численностью жителей миллион и более человек,"Нет, домашних животных нет",,,,,,,,,,,,,,,,,,,,,,,,,,"Отсутствие уборки за собаками в доме (в лифте, в подъезде)",,,,,,,,,,,,,Ежедневно менее четырех часов в день,Eжедневно менее четырех часов в день,Незаконченное высшее (с 3-го курса вуза) или законченное высшее,Среднее,Неработающий пенсионер (в том числе по инвалидности),,,1.0400440286708799
07d00ac6b70ce6f1,Женский,70.0,Центральный федеральный округ,Город с численностью жителей миллион и более человек,Беспородная кошка,,,,,,,,,,,,Зоомагазины,,,,,,,,,,,,Нет,,,,,,,,,,,,,,,Ежедневно менее четырех часов в день,Eжедневно менее четырех часов в день,Незаконченное высшее (с 3-го курса вуза) или законченное высшее,Среднее,Неработающий пенсионер (в том числе по инвалидности),,,1.0400440286708799
07d012ea440ce2da,Женский,66.0,Центральный федеральный округ,Город с численностью жителей миллион и более человек,"Нет, домашних животных нет",,,,,,,,,,,,,,,,,,,,,,,,,,Ничего не беспокоило,,,,,,,,,,,,,Не смотрю,Eжедневно менее четырех часов в день,Незаконченное высшее (с 3-го курса вуза) или законченное высшее,Среднее,Неработающий пенсионер (в том числе по инвалидности),,,1.0400440286708799
07d016ca2c8ce5ff,Женский,85.0,Центральный федеральный округ,Город с численностью жителей миллион и более человек,"Нет, домашних животных нет",,,,,,,,,,,,,,,,,,,,,,,,,,Ничего не беспокоило,,,,,,,,,,,,,Ежедневно менее четырех часов в день,Не пользуюсь,Незаконченное высшее (с 3-го курса вуза) или законченное высшее,Плохое,Неработающий пенсионер (в том числе по инвалидности),,,1.0400440286708799
07d01b839e8ce1fe,Женский,60.0,Центральный федеральный округ,Город с численностью жителей миллион и более человек,Породистая кошка,,,,,,,,,,,,Ветеринарные клиники,Зоомагазины,,,,,,,,,,,Не бываю с питомцем в общественных местах,,,,,,,,,,,,,,,Ежедневно менее четырех часов в день,Eжедневно менее четырех часов в день,Незаконченное высшее (с 3-го курса вуза) или законченное высшее,Среднее,Работающий пенсионер,"Я работаю в КОММЕРЧЕСКОЙ организации, ее цель – получить прибыль (например, магазин, завод, фермерское хозяйство, АО/...","Информационные технологии, связь, интернет Включает в том числе: Программирование /создание программного обеспечения,...",1.0400440286708799
07d01d7d05ccea3d,Женский,65.0,Центральный федеральный округ,Город с численностью жителей миллион и более человек,"Нет, домашних животных нет",,,,,,,,,,,,,,,,,,,,,,,,,,Выгул агрессивных собак без намордника,,,,,,,,,,,,,Смотрю более четырех часов ежедневно,Не пользуюсь,Незаконченное высшее (с 3-го курса вуза) или законченное высшее,Хорошее,Работающий пенсионер,"Работаю в правоохранительных органах, вооруженных силах, МЧС","Правоохранительные органы, силовые структуры, МЧС, военная служба Включает в том числе: Полиция, росгвардия, пожарно-...",1.0400440286708799
07d03135540cec13,Женский,65.0,Центральный федеральный округ,Город с численностью жителей миллион и более человек,Породистая собака,,,,,,,,,,,,Зоомагазины,Ветеринарные клиники,,,,,,,,,,,Не бываю с питомцем в общественных местах,Затрудняюсь ответить,,,,,,,,,,,,,,Не смотрю,Провожу в интернете более четырех часов ежедневно,Незаконченное высшее (с 3-го курса вуза) или законченное высшее,Хорошее,Неработающий пенсионер (в том числе по инвалидности),,,1.0400440286708799
07cfe198c78cee0e,Женский,62.0,Центральный федеральный округ,Город с численностью жителей миллион и более человек,Беспородная кошка,,,,,,,,,,,,Зоомагазины,Ветеринарные клиники,ГрУминг-салоны (уход за животными),"Магазины, в которых можно находиться с животными",,,,,,,,,Нет,,,,,,,,,,,,,,,Смотрю более четырех часов ежедневно,Несколько раз в неделю,"Среднее профессиональное (техникум, колледж, ПТУ)",Среднее,Работающий пенсионер,"Я работаю в БЮДЖЕТНОЙ организации, которая безвозмездно оказывает услуги населению (детский сад, общеобразовательная,...","Жилищно-коммунальное хозяйство Включает в том числе: водоканал, горгаз, вывоз мусора, котельная,  сортировка и перера...",0.9297808293756433
07cfeba707ccea2b,Женский,67.0,Центральный федеральный округ,Город с численностью жителей миллион и более человек,"Нет, домашних животных нет",,,,,,,,,,,,,,,,,,,,,,,,,,Большое количество бродячих собак (из другого),Отсутствие уборки за собаками во дворе,Выгул в неположенных местах,,,,,,,,,,,Не смотрю,Не пользуюсь,"Среднее профессиональное (техникум, колледж, ПТУ)",Очень плохое,Неработающий пенсионер (в том числе по инвалидности),,,0.9297808293756433
07cfd93c7c0cedc4,Женский,79.0,Центральный федеральный округ,Город с численностью жителей миллион и более человек,"Нет, домашних животных нет",,,,,,,,,,,,,,,,,,,,,,,,,,Ничего не беспокоило,,,,,,,,,,,,,Ежедневно менее четырех часов в день,Eжедневно менее четырех часов в день,Незаконченное высшее (с 3-го курса вуза) или законченное высшее,Среднее,Неработающий пенсионер (в том числе по инвалидности),,,0.8447909082460001
07cfe939214cec7b,Женский,68.0,Центральный федеральный округ,Город с численностью жителей миллион и более человек,"Нет, домашних животных нет",,,,,,,,,,,,,,,,,,,,,,,,,,Ничего не беспокоило,,,,,,,,,,,,,Несколько раз в неделю,Не пользуюсь,Незаконченное высшее (с 3-го курса вуза) или законченное высшее,Среднее,Неработающий пенсионер (в том числе по инвалидности),,,0.8447909082460001
07cfe956bacce46e,Женский,74.0,Центральный федеральный округ,Город с численностью жителей миллион и более человек,Беспородная кошка,,,,,,,,,,,,"Магазины, в которых можно находиться с животными",Специально огороженные площадки для выгула или занятий домашних животных,Стойки с пакетами для уборки за собаками,Ветеринарные клиники,ГрУминг-салоны (уход за животными),Лапомойки в доме,Зоомагазины,,,,,,Нет,,,,,,,,,,,,,,,Смотрю более четырех часов ежедневно,Провожу в интернете более четырех часов ежедневно,Незаконченное высшее (с 3-го курса вуза) или законченное высшее,Хорошее,Неработающий пенсионер (в том числе по инвалидности),,,0.8447909082460001
07cfd1ef334ceedc,Женский,72.0,Северо-Западный федеральный округ,Город с численностью жителей миллион и более человек,"Нет, домашних животных нет",,,,,,,,,,,,,,,,,,,,,,,,,,Выгул агрессивных собак без намордника,Громкий лай в позднее или раннее время,Отсутствие уборки за собаками во дворе,Выгул в неположенных местах,,,,,,,,,,Ежедневно менее четырех часов в день,Провожу в интернете более четырех часов ежедневно,"Среднее профессиональное (техникум, колледж, ПТУ)",Среднее,Неработающий пенсионер (в том числе по инвалидности),,,0.8706759039299614
07cfe87e1a4ce798,Женский,67.0,Северо-Западный федеральный округ,Город с численностью жителей миллион и более человек,"Нет, домашних животных нет",,,,,,,,,,,,,,,,,,,,,,,,,,Ничего не беспокоило,,,,,,,,,,,,,Ежедневно менее четырех часов в день,Eжедневно менее четырех часов в день,"Среднее профессиональное (техникум, колледж, ПТУ)",Среднее,Неработающий пенсионер (в том числе по инвалидности),,,0.8706759039299614
07cff136444ce109,Женский,65.0,Северо-Западный федеральный округ,Город с численностью жителей миллион и более человек,Беспородная кошка,,,,,,,,,,,,Ветеринарные клиники,Зоомагазины,,,,,,,,,,,Нет,,,,,,,,,,,,,,,Ежедневно менее четырех часов в день,Eжедневно менее четырех часов в день,"Среднее профессиональное (техникум, колледж, ПТУ)",Плохое,Неработающий пенсионер (в том числе по инвалидности),,,0.8706759039299614
07d000fb310cebbe,Женский,74.0,Северо-Западный федеральный округ,Город с численностью жителей миллион и более человек,Породистая собака,Беспородная кошка,,,,,,,,,,,Ветеринарные клиники,"Магазины, в которых можно находиться с животными",ГрУминг-салоны (уход за животными),Зоомагазины,Специально огороженные площадки для выгула или занятий домашних животных,,,,,,,,Нет,5- полностью удовлетворен,,,,,,,,,,,,,,Ежедневно менее четырех часов в день,Несколько раз в неделю,Основное общее образование: окончил 9 (раньше 8) классов,Среднее,Неработающий пенсионер (в том числе по инвалидности),,,0.8706759039299614
07d00a59cbcce0f5,Женский,78.0,Северо-Западный федеральный округ,Город с численностью жителей миллион и более человек,"Нет, домашних животных нет",,,,,,,,,,,,,,,,,,,,,,,,,,Самовыгул собак (без поводка),Выгул в неположенных местах,Выгул агрессивных собак без намордника,Агрессивное поведение собак по отношению к другим животным,Отсутствие уборки за собаками во дворе,Громкий лай в позднее или раннее время,Выгул собак на длинном поводке,,,,,,,Несколько раз в неделю,Несколько раз в неделю,"Среднее профессиональное (техникум, колледж, ПТУ)",Плохое,Неработающий пенсионер (в том числе по инвалидности),,,0.8706759039299614
07d00fc7d00ce3da,Женский,61.0,Северо-Западный федеральный округ,Город с численностью жителей миллион и более человек,Породистая собака,Беспородная кошка,,,,,,,,,,,"Магазины, в которых можно находиться с животными",Специализированные урны для утилизации отходов жизнедеятельности собак,Специально огороженные площадки для выгула или занятий домашних животных,Лапомойки в доме,ГрУминг-салоны (уход за животными),Ветеринарные клиники,"Кафе, в которых можно находиться с животными",Стойки с пакетами для уборки за собаками,Зоомагазины,,,,"Да, время от времени",5- полностью удовлетворен,,,,,,,,,,,,,,Смотрю более четырех часов ежедневно,Eжедневно менее четырех часов в день,"Среднее профессиональное (техникум, колледж, ПТУ)",Среднее,Работающий пенсионер,Затрудняюсь ответить/ отказ от ответа,"Транспортировка и хранение (складское хозяйство) Включает в том числе: Перевозка грузов, ж/д, авиа, водный, космическ...",0.8706759039299614
07d02ba2a2cceb4f,Женский,61.0,Северо-Западный федеральный округ,Город с численностью жителей миллион и более человек,"Нет, домашних животных нет",,,,,,,,,,,,,,,,,,,,,,,,,,"Отсутствие уборки за собаками в доме (в лифте, в подъезде)",,,,,,,,,,,,,Ежедневно менее четырех часов в день,Провожу в интернете более четырех часов ежедневно,"Среднее профессиональное (техникум, колледж, ПТУ)",Среднее,Работающий пенсионер,"Я работаю в БЮДЖЕТНОЙ организации, которая безвозмездно оказывает услуги населению (детский сад, общеобразовательная,...","Здравоохранение Включает в том числе: поликлиники, медицинские центры, больницы, стационары,  «Скорая помощь», санатории",0.8706759039299614
07cfe121a84ceb68,Женский,69.0,Северо-Западный федеральный округ,Город с численностью жителей миллион и более человек,Беспородная собака,,,,,,,,,,,,"Кафе, в которых можно находиться с животными",Ветеринарные клиники,"Магазины, в которых можно находиться с животными",Зоомагазины,Лапомойки в доме,Стойки с пакетами для уборки за собаками,ГрУминг-салоны (уход за животными),Специализированные урны для утилизации отходов жизнедеятельности собак,Специально огороженные площадки для выгула или занятий домашних животных,,,,"Да, время от времени",2,,,,,,,,,,,,,,Ежедневно менее четырех часов в день,Eжедневно менее четырех часов в день,Незаконченное высшее (с 3-го курса вуза) или законченное высшее,Среднее,Неработающий пенсионер (в том числе по инвалидности),,,0.8544163085479551
07cfe0248accece3,Женский,78.0,Северо-Западный федеральный округ,Город с численностью жителей миллион и более человек,"Нет, домашних животных нет",,,,,,,,,,,,,,,,,,,,,,,,,,Ничего не беспокоило,,,,,,,,,,,,,Несколько раз в неделю,Провожу в интернете более четырех часов ежедневно,Незаконченное высшее (с 3-го курса вуза) или законченное высшее,Очень плохое,Неработающий пенсионер (в том числе по инвалидности),,,0.8544163085479551
07cfe4f1e24ce0a1,Женский,75.0,Северо-Западный федеральный округ,Город с численностью жителей миллион и более человек,"Нет, домашних животных нет",,,,,,,,,,,,,,,,,,,,,,,,,,Ничего не беспокоило,,,,,,,,,,,,,Не смотрю,Eжедневно менее четырех часов в день,Незаконченное высшее (с 3-го курса вуза) или законченное высшее,Среднее,Неработающий пенсионер (в том числе по инвалидности),,,0.8544163085479551
07cfef3ba1cceb4c,Женский,82.0,Северо-Западный федеральный округ,Город с численностью жителей миллион и более человек,Беспородная кошка,,,,,,,,,,,,ГрУминг-салоны (уход за животными),Зоомагазины,Ветеринарные клиники,,,,,,,,,,Нет,,,,,,,,,,,,,,,Смотрю более четырех часов ежедневно,Провожу в интернете более четырех часов ежедневно,Незаконченное высшее (с 3-го курса вуза) или законченное высшее,Хорошее,Неработающий пенсионер (в том числе по инвалидности),,,0.8544163085479551
07cff3a283cce97a,Женский,63.0,Северо-Западный федеральный округ,Город с численностью жителей миллион и более человек,"Нет, домашних животных нет",,,,,,,,,,,,,,,,,,,,,,,,,,Отсутствие уборки за собаками во дворе,,,,,,,,,,,,,Несколько раз в неделю,Несколько раз в неделю,Незаконченное высшее (с 3-го курса вуза) или законченное высшее,Плохое,Неработающий пенсионер (в том числе по инвалидности),,,0.8544163085479551
07d00f397d4ce638,Женский,87.0,Северо-Западный федеральный округ,Город с численностью жителей миллион и более человек,"Нет, домашних животных нет",,,,,,,,,,,,,,,,,,,,,,,,,,Ничего не беспокоило,,,,,,,,,,,,,Смотрю более четырех часов ежедневно,Не пользуюсь,Незаконченное высшее (с 3-го курса вуза) или законченное высшее,Среднее,Неработающий пенсионер (в том числе по инвалидности),,,0.8544163085479551
07d01bcd360cec73,Женский,63.0,Северо-Западный федеральный округ,Город с численностью жителей миллион и более человек,Породистая собака,Беспородная кошка,,,,,,,,,,,Специально огороженные площадки для выгула или занятий домашних животных,"Магазины, в которых можно находиться с животными",ГрУминг-салоны (уход за животными),"Кафе, в которых можно находиться с животными",Ветеринарные клиники,Зоомагазины,,,,,,,"Да, время от времени",5- полностью удовлетворен,,,,,,,,,,,,,,Смотрю более четырех часов ежедневно,Eжедневно менее четырех часов в день,Незаконченное высшее (с 3-го курса вуза) или законченное высшее,Среднее,Неработающий пенсионер (в том числе по инвалидности),,,0.8544163085479551
07d022a83c0ce5eb,Женский,67.0,Северо-Западный федеральный округ,Город с численностью жителей миллион и более человек,Породистая собака,,,,,,,,,,,,Зоомагазины,Ветеринарные клиники,,,,,,,,,,,Не бываю с питомцем в общественных местах,2,,,,,,,,,,,,,,Несколько раз в месяц,Eжедневно менее четырех часов в день,Незаконченное высшее (с 3-го курса вуза) или законченное высшее,Хорошее,Неработающий пенсионер (в том числе по инвалидности),,,0.8544163085479551
07d01831ba8cea22,Женский,61.0,Южный федеральный округ,Город с численностью жителей миллион и более человек,Породистая кошка,,,,,,,,,,,,Зоомагазины,Ветеринарные клиники,,,,,,,,,,,Нет,,,,,,,,,,,,,,,Ежедневно менее четырех часов в день,Не пользуюсь,"Среднее профессиональное (техникум, колледж, ПТУ)",Среднее,Неработающий пенсионер (в том числе по инвалидности),,,0.9153126301857949
07cfdf8828ccec21,Женский,77.0,Приволжский федеральный округ,Город с численностью жителей миллион и более человек,"Нет, домашних животных нет",,,,,,,,,,,,,,,,,,,,,,,,,,"Отсутствие уборки за собаками в доме (в лифте, в подъезде)",Отсутствие уборки за собаками во дворе,Самовыгул собак (без поводка),,,,,,,,,,,Смотрю более четырех часов ежедневно,Не пользуюсь,"Среднее профессиональное (техникум, колледж, ПТУ)",Среднее,Неработающий пенсионер (в том числе по инвалидности),,,0.8947557848109352
07cfe5ca944ce215,Женский,86.0,Приволжский федеральный округ,Город с численностью жителей миллион и более человек,"Нет, домашних животных нет",,,,,,,,,,,,,,,,,,,,,,,,,,Отсутствие уборки за собаками во дворе,Громкий лай в позднее или раннее время,Выгул агрессивных собак без намордника,Выгул в неположенных местах,,,,,,,,,,Смотрю более четырех часов ежедневно,Не пользуюсь,Среднее общее (10 или 11 классов школы с аттестатом),Среднее,Неработающий пенсионер (в том числе по инвалидности),,,0.8947557848109352
07cff4bdb44ce4ec,Женский,75.0,Приволжский федеральный округ,Город с численностью жителей миллион и более человек,"Нет, домашних животных нет",,,,,,,,,,,,,,,,,,,,,,,,,,Отсутствие уборки за собаками во дворе,,,,,,,,,,,,,Ежедневно менее четырех часов в день,Eжедневно менее четырех часов в день,"Среднее профессиональное (техникум, колледж, ПТУ)",Среднее,Неработающий пенсионер (в том числе по инвалидности),,,0.8947557848109352
07cffb511ccce698,Женский,64.0,Приволжский федеральный округ,Город с численностью жителей миллион и более человек,Породистая кошка,,,,,,,,,,,,Ветеринарные клиники,,,,,,,,,,,,Не бываю с питомцем в общественных местах,,,,,,,,,,,,,,,Смотрю более четырех часов ежедневно,Провожу в интернете более четырех часов ежедневно,"Среднее профессиональное (техникум, колледж, ПТУ)",Плохое,Неработающий пенсионер (в том числе по инвалидности),,,0.8947557848109352
07d000c3dbccef3f,Женский,64.0,Приволжский федеральный округ,Город с численностью жителей миллион и более человек,Породистая кошка,,,,,,,,,,,,Ветеринарные клиники,,,,,,,,,,,,Нет,,,,,,,,,,,,,,,Ежедневно менее четырех часов в день,Eжедневно менее четырех часов в день,"Среднее профессиональное (техникум, колледж, ПТУ)",Хорошее,Работающий пенсионер,"Я работаю в КОММЕРЧЕСКОЙ организации, ее цель – получить прибыль (например, магазин, завод, фермерское хозяйство, АО/...",Отказ от ответа,0.8947557848109352
07cfd996cb8ce84b,Женский,82.0,Приволжский федеральный округ,Город с численностью жителей миллион и более человек,"Нет, домашних животных нет",,,,,,,,,,,,,,,,,,,,,,,,,,Ничего не беспокоило,,,,,,,,,,,,,Ежедневно менее четырех часов в день,Не пользуюсь,Незаконченное высшее (с 3-го курса вуза) или законченное высшее,Среднее,Неработающий пенсионер (в том числе по инвалидности),,,0.9134118556476907
07cfe0f5e38ceca7,Женский,65.0,Приволжский федеральный округ,Город с численностью жителей миллион и более человек,Беспородная кошка,,,,,,,,,,,,Ветеринарные клиники,Зоомагазины,,,,,,,,,,,Нет,,,,,,,,,,,,,,,Не смотрю,Несколько раз в месяц,Незаконченное высшее (с 3-го курса вуза) или законченное высшее,Среднее,Работающий пенсионер,Затрудняюсь ответить/ отказ от ответа,"Сфера услуг, сервиса, бытового обслуживания Включает в том числе: Прачечная/химчистка, ремонт мебели, часов, ювелирны...",0.9134118556476907
07d007059e8ce350,Женский,72.0,Приволжский федеральный округ,Город с численностью жителей миллион и более человек,"Нет, домашних животных нет",,,,,,,,,,,,,,,,,,,,,,,,,,Ничего не беспокоило,,,,,,,,,,,,,Ежедневно менее четырех часов в день,Провожу в интернете более четырех часов ежедневно,Незаконченное высшее (с 3-го курса вуза) или законченное высшее,Хорошее,Работающий пенсионер,"Работаю в органах власти, управления, судебных органах","Государственное и муниципальное управление, в т.ч. - судебные органы Включает в том числе: Госслужба, администрации/п...",0.9134118556476907
07cfc7f952ccec64,Женский,61.0,Уральский федеральный округ,Город с численностью жителей миллион и более человек,Другое,,,,,,,,,,,,Ничего,,,,,,,,,,,,Нет,,,,,,,,,,,,,,,Ежедневно менее четырех часов в день,Не пользуюсь,"Среднее профессиональное (техникум, колледж, ПТУ)",Плохое,Неработающий пенсионер (в том числе по инвалидности),,,0.9383650993975905
07cfceb7f54cecf3,Женский,60.0,Уральский федеральный округ,Город с численностью жителей миллион и более человек,Аквариумные рыбки,,,,,,,,,,,,Зоомагазины,,,,,,,,,,,,Не бываю с питомцем в общественных местах,,,,,,,,,,,,,,,"Редко, но не менее одного раза в полгода",Eжедневно менее четырех часов в день,"Среднее профессиональное (техникум, колледж, ПТУ)",Плохое,Неработающий пенсионер (в том числе по инвалидности),,,0.9383650993975905
07cfd21c604ce71b,Женский,63.0,Уральский федеральный округ,Город с численностью жителей миллион и более человек,Породистая собака,Беспородная кошка,,,,,,,,,,,Специально огороженные площадки для выгула или занятий домашних животных,Ветеринарные клиники,Зоомагазины,,,,,,,,,,Не бываю с питомцем в общественных местах,5- полностью удовлетворен,,,,,,,,,,,,,,Смотрю более четырех часов ежедневно,Не пользуюсь,"Среднее профессиональное (техникум, колледж, ПТУ)",Хорошее,Неработающий пенсионер (в том числе по инвалидности),,,0.9383650993975905
07cfd04b550ce8ba,Женский,76.0,Уральский федеральный округ,Город с численностью жителей миллион и более человек,"Нет, домашних животных нет",,,,,,,,,,,,,,,,,,,,,,,,,,Отсутствие уборки за собаками во дворе,,,,,,,,,,,,,Ежедневно менее четырех часов в день,Eжедневно менее четырех часов в день,"Среднее профессиональное (техникум, колледж, ПТУ)",Плохое,Неработающий пенсионер (в том числе по инвалидности),,,0.9383650993975905
07cfd4743fcceafd,Женский,85.0,Уральский федеральный округ,Город с численностью жителей миллион и более человек,"Нет, домашних животных нет",,,,,,,,,,,,,,,,,,,,,,,,,,Ничего не беспокоило,,,,,,,,,,,,,Ежедневно менее четырех часов в день,Не пользуюсь,"Среднее профессиональное (техникум, колледж, ПТУ)",Среднее,Неработающий пенсионер (в том числе по инвалидности),,,0.9383650993975905
07cfdd31eb0cef64,Женский,65.0,Уральский федеральный округ,Город с численностью жителей миллион и более человек,Породистая собака,,,,,,,,,,,,Ничего,,,,,,,,,,,,Нет,5- полностью удовлетворен,,,,,,,,,,,,,,Ежедневно менее четырех часов в день,Eжедневно менее четырех часов в день,Среднее общее (10 или 11 классов школы с аттестатом),Среднее,Работающий пенсионер,"Я работаю в КОММЕРЧЕСКОЙ организации, ее цель – получить прибыль (например, магазин, завод, фермерское хозяйство, АО/...","Промышленность, производство (в т.ч. добывающие, обрабатывающие отрасли, энергетика) Включает в том числе: Завод, ком...",0.9383650993975905
07cfbf2e514cef0e,Женский,60.0,Уральский федеральный округ,Город с численностью жителей миллион и более человек,Породистая собака,,,,,,,,,,,,Ничего,,,,,,,,,,,,Нет,5- полностью удовлетворен,,,,,,,,,,,,,,Не смотрю,Eжедневно менее четырех часов в день,Незаконченное высшее (с 3-го курса вуза) или законченное высшее,Очень плохое,Неработающий пенсионер (в том числе по инвалидности),,,0.83065860357735
07cfc219028ce0c1,Женский,60.0,Уральский федеральный округ,Город с численностью жителей миллион и более человек,Породистая собака,,,,,,,,,,,,Зоомагазины,"Магазины, в которых можно находиться с животными","Кафе, в которых можно находиться с животными",Ветеринарные клиники,,,,,,,,,Нет,3,,,,,,,,,,,,,,Несколько раз в месяц,Провожу в интернете более четырех часов ежедневно,Незаконченное высшее (с 3-го курса вуза) или законченное высшее,Среднее,Неработающий пенсионер (в том числе по инвалидности),,,0.83065860357735
07cfc55febcceb29,Женский,62.0,Уральский федеральный округ,Город с численностью жителей миллион и более человек,Породистая собака,,,,,,,,,,,,"Кафе, в которых можно находиться с животными",Зоомагазины,"Магазины, в которых можно находиться с животными",,,,,,,,,,Нет,4,,,,,,,,,,,,,,Несколько раз в месяц,Провожу в интернете более четырех часов ежедневно,Незаконченное высшее (с 3-го курса вуза) или законченное высшее,Хорошее,"Работаю по договору, контракту в найме (за исключением находящихся в декретном отпуске, подрабатывающих студентов, пе...","Работаю в правоохранительных органах, вооруженных силах, МЧС","Правоохранительные органы, силовые структуры, МЧС, военная служба Включает в том числе: Полиция, росгвардия, пожарно-...",0.83065860357735
07cfc98617cceee7,Женский,63.0,Уральский федеральный округ,Город с численностью жителей миллион и более человек,"Нет, домашних животных нет",,,,,,,,,,,,,,,,,,,,,,,,,,Громкий лай в позднее или раннее время,,,,,,,,,,,,,Смотрю более четырех часов ежедневно,Не пользуюсь,Незаконченное высшее (с 3-го курса вуза) или законченное высшее,Среднее,Работающий пенсионер,"Я работаю в БЮДЖЕТНОЙ организации, которая безвозмездно оказывает услуги населению (детский сад, общеобразовательная,...","Образование, наука Включает в том числе: ясли, детский сад, школа, ССУЗ, вуз, научно-исследовательские институты, центры",0.83065860357735
07cfb694b74ce3d4,Женский,84.0,Сибирский федеральный округ,Город с численностью жителей миллион и более человек,Беспородная кошка,,,,,,,,,,,,Ничего,,,,,,,,,,,,Нет,,,,,,,,,,,,,,,Ежедневно менее четырех часов в день,Не пользуюсь,"Среднее профессиональное (техникум, колледж, ПТУ)",Среднее,Неработающий пенсионер (в том числе по инвалидности),,,0.9358422905128512
07cfbf08b70ceb41,Женский,74.0,Сибирский федеральный округ,Город с численностью жителей миллион и более человек,"Нет, домашних животных нет",,,,,,,,,,,,,,,,,,,,,,,,,,"Отсутствие уборки за собаками в доме (в лифте, в подъезде)",Громкий лай в позднее или раннее время,Отсутствие уборки за собаками во дворе,Выгул в неположенных местах,,,,,,,,,,Несколько раз в месяц,Не пользуюсь,Основное общее образование: окончил 9 (раньше 8) классов,Среднее,Неработающий пенсионер (в том числе по инвалидности),,,0.9358422905128512
07cfc98063ccedac,Женский,74.0,Сибирский федеральный округ,Город с численностью жителей миллион и более человек,Породистая кошка,,,,,,,,,,,,Затрудняюсь ответить,,,,,,,,,,,,Нет,,,,,,,,,,,,,,,Смотрю более четырех часов ежедневно,Не пользуюсь,"Среднее профессиональное (техникум, колледж, ПТУ)",Хорошее,Неработающий пенсионер (в том числе по инвалидности),,,0.9358422905128512
07cfc7a56a8ceba8,Женский,67.0,Сибирский федеральный округ,Город с численностью жителей миллион и более человек,"Домашний скот (куры, коровы, козы и т.п.) (из другого)",,,,,,,,,,,,Специализированные урны для утилизации отходов жизнедеятельности собак,"Магазины, в которых можно находиться с животными",Лапомойки в доме,Зоомагазины,Специально огороженные площадки для выгула или занятий домашних животных,"Кафе, в которых можно находиться с животными",ГрУминг-салоны (уход за животными),Ветеринарные клиники,Стойки с пакетами для уборки за собаками,,,,"Да, время от времени",,,,,,,,,,,,,,,Ежедневно менее четырех часов в день,Eжедневно менее четырех часов в день,Среднее общее (10 или 11 классов школы с аттестатом),Среднее,Неработающий пенсионер (в том числе по инвалидности),,,0.9358422905128512
07cfe79700cce3ea,Женский,63.0,Сибирский федеральный округ,Город с численностью жителей миллион и более человек,Породистая собака,Беспородная кошка,Породистая кошка,,,,,,,,,,Ветеринарные клиники,Зоомагазины,,,,,,,,,,,Нет,5- полностью удовлетворен,,,,,,,,,,,,,,Ежедневно менее четырех часов в день,Eжедневно менее четырех часов в день,"Среднее профессиональное (техникум, колледж, ПТУ)",Хорошее,Работающий пенсионер,"Я работаю в КОММЕРЧЕСКОЙ организации, ее цель – получить прибыль (например, магазин, завод, фермерское хозяйство, АО/...","Промышленность, производство (в т.ч. добывающие, обрабатывающие отрасли, энергетика) Включает в том числе: Завод, ком...",0.9358422905128512
07cfc7df7c4ce740,Женский,64.0,Сибирский федеральный округ,Город с численностью жителей миллион и более человек,"Нет, домашних животных нет",,,,,,,,,,,,,,,,,,,,,,,,,,Выгул агрессивных собак без намордника,,,,,,,,,,,,,Ежедневно менее четырех часов в день,Eжедневно менее четырех часов в день,Незаконченное высшее (с 3-го курса вуза) или законченное высшее,Хорошее,Работающий пенсионер,"Я работаю в БЮДЖЕТНОЙ организации, которая безвозмездно оказывает услуги населению (детский сад, общеобразовательная,...","Социальные услуги, социальное обеспечение Включает в том числе: собес, пенсионный фонд, реабилитационный центр, центр...",0.9093925773861469
07cfdfe21b8ce6c6,Женский,84.0,Сибирский федеральный округ,Город с численностью жителей миллион и более человек,"Нет, домашних животных нет",,,,,,,,,,,,,,,,,,,,,,,,,,Выгул в неположенных местах,Отсутствие уборки за собаками во дворе,,,,,,,,,,,,Ежедневно менее четырех часов в день,Не пользуюсь,Незаконченное высшее (с 3-го курса вуза) или законченное высшее,Хорошее,Неработающий пенсионер (в том числе по инвалидности),,,0.9093925773861469
